Alapkezelő;Alap megnevezése;Sorozat megnevezése;Az alap (sorozat) ISIN kódja / egyéb azonosító;Alap fajta;Futamidő;Elsődleges eszközkategória;Befektetési politika;Földrajzi, devizális kitettség;Devizanem;Az alap (sorozat) átlagos nettó eszközértéke;"Alapkezelési díj 
(tájékoztató alapján) %-ban";"Sikerdíj 
(tájékoztató alapján) %-ban";A sikerdíj elszámolás gyakorisága;Letétkezelési díj (tájékoztató alapján) %-ban;Egyéb, a tájékoztatóban %-os formában meghatározott díjak összesen, %-ban;A tájékoztatóban %-ban meghatározott maximális díjterhelés;Az alapra terhelt összes költség;Az alapra terhelt alapkezelési díj ;Az alapra terhelt sikerdíj ;Az alapra terhelt eladási, visszaváltási, forgalmazási jutalék;Az alapra terhelt letétkezelési díj ;Az alapra terhelt egyéb költségek;Korrigált  értékpapír kereskedési és bankköltség;ezen belül: a 10 %-nál nagyobb arányt jelentő kollektív értékpapírokba történő befektetés kapcsán felmerült költségek;Ingatlanalapokra terhelt értékcsökkenés, továbbszámlázott közüzemi díjak, egyéb költségek;A 10 %-nál nagyobb arányt jelentő kollektív értékpapírokba történő befektetéshez kapcsolódó arányosított, összesített folyó díjterhelési mutató (%);"Az alapra terhelt összes korrigált költség
(Ft / deviza)";Alapkezelési díj/összes korrigált költség (%);Letétkezelési díj/összes korrigált költség (%);Alapkezelési díj/SÁNE (%);Letétkezelési díj/SÁNE (%);"TER 2024
(%)"
Accorde Alapkezelő Zrt.;Accorde Abacus Abszolút Hozamú Alap;Accorde Abacus Abszolút Hozamú Alap C sorozat;HU0000730882;nyílt végű;határozatlan;értékpapíralap;abszolút hozamú alap;külföldi;USD;13,451,361,961.00;2;20;éves;0.25;0.05;;542,499,134.00;241,276,280.00;266,669,648.00;0.00;6,504,511.00;8,453,545.00;19,595,150.00;0.00;0.00;0;256,234,336.00;94.16;2.54;1.79;0.05;1.90
Accorde Alapkezelő Zrt.;Accorde Abacus Abszolút Hozamú Alap;Accorde Abacus Abszolút Hozamú Alap A sorozat;HU0000716402;nyílt végű;határozatlan;értékpapíralap;abszolút hozamú alap;külföldi;HUF;35,736,202,389.00;2;20;éves;0.25;0.05;;1,412,526,886.00;641,498,548.00;675,127,080.00;0.00;18,053,051.00;23,462,530.00;54,385,677.00;0.00;0.00;0;683,014,129.00;93.92;2.64;1.80;0.05;1.91
Accorde Alapkezelő Zrt.;Accorde Blanc Részvényalap;Accorde Blanc Részvényalap C sorozat;HU0000726658;nyílt végű;határozatlan;értékpapíralap;részvényalap;külföldi;USD;986,486,056.00;2.1;20;éves;0.25;0.05;;28,662,222.00;21,730,215.00;0.00;0.00;540,370.00;2,792,781.00;3,598,856.00;0.00;0.00;0.38;25,063,366.00;86.70;2.16;2.20;0.05;2.92
Accorde Alapkezelő Zrt.;Accorde Blanc Részvényalap;Accorde Blanc Részvényalap B sorozat;HU0000726666;nyílt végű;határozatlan;értékpapíralap;részvényalap;külföldi;EUR;533,755,196.00;2.1;20;éves;0.25;0.05;;15,940,136.00;11,646,104.00;0.00;0.00;334,732.00;1,729,989.00;2,229,311.00;0.00;0.00;0.38;13,710,825.00;84.94;2.44;2.18;0.06;2.95
Accorde Alapkezelő Zrt.;Accorde Bond Abszolút Hozamú Kötvényalap ;Accorde Bond Abszolút Hozamú Kötvényalap ;HU0000729678;nyílt végű;határozatlan;értékpapíralap;abszolút hozamú alap;külföldi;HUF;36,220,857,932.00;2;20;éves;0.2;0.05;;1,033,896,928.00;725,022,335.00;272,478,489.00;0.00;11,415,717.00;20,943,249.00;4,037,138.00;0.00;0.00;0;757,381,301.00;95.73;1.51;2.00;0.03;2.09
Accorde Alapkezelő Zrt.;Accorde Cuvée Befektetési Alap;Accorde Cuvée Alap A sorozat;HU0000721774;nyílt végű;határozatlan;értékpapíralap;részvényalap;külföldi;HUF;10,552,379,741.00;2.2;20;éves;0.25;0.05;;275,156,692.00;227,610,736.00;22,445,103.00;0.00;5,107,698.00;5,635,919.00;14,357,236.00;0.00;0.00;0;238,354,353.00;95.49;2.14;2.16;0.05;2.26
Accorde Alapkezelő Zrt.;Accorde Cuvée Befektetési Alap;Accorde Cuvée Alap B sorozat;HU0000721782;nyílt végű;határozatlan;értékpapíralap;részvényalap;külföldi;EUR;13,272,010,574.00;2.2;20;éves;0.25;0.05;;250,360,303.00;205,634,979.00;11,858,175.00;0.00;6,688,038.00;7,379,694.00;18,799,417.00;0.00;0.00;0;219,702,711.00;93.60;3.04;1.55;0.05;1.66
Accorde Alapkezelő Zrt.;Accorde Cuvée Befektetési Alap;Accorde Cuvée Alap C sorozat;HU0000730890;nyílt végű;határozatlan;értékpapíralap;részvényalap;külföldi;USD;10,257,729,722.00;2.2;20;éves;0.25;0.05;;394,481,134.00;265,728,641.00;102,327,256.00;0.00;5,377,193.00;5,933,285.00;15,114,759.00;0.00;0.00;0;277,039,119.00;95.92;1.94;2.59;0.05;2.70
Accorde Alapkezelő Zrt.;Accorde Eklektika Alapok Alapja;Accorde Eklektika Alapok Alapja B Sorozat;HU0000716501;nyílt végű;határozatlan;értékpapíralap;alapok alapja;külföldi;EUR;14,550,780,798.00;1.2;0;0;0.2;0.05;;11,786,935.00;0.00;0.00;0.00;5,124,997.00;5,842,959.00;818,979.00;0.00;0.00;1.78;10,967,956.00;0.00;46.73;0.00;0.04;1.86
Accorde Alapkezelő Zrt.;Accorde Eklektika Alapok Alapja;Accorde Eklektika Alapok Alapja A Sorozat;HU0000716519;nyílt végű;határozatlan;értékpapíralap;alapok alapja;külföldi;HUF;11,745,163,823.00;1.2;0;0;0.2;0.05;;9,491,734.00;0.00;0.00;0.00;4,127,036.00;4,705,195.00;659,503.00;0.00;0.00;1.78;8,832,231.00;0.00;46.73;0.00;0.04;1.86
Accorde Alapkezelő Zrt.;Accorde Eklektika Alapok Alapja;Accorde Eklektika Alapok Alapja C Sorozat;HU0000717145;nyílt végű;határozatlan;értékpapíralap;alapok alapja;külföldi;USD;6,916,880,053.00;1.2;0;0;0.2;0.05;;5,465,362.00;0.00;0.00;0.00;2,376,357.00;2,709,261.00;379,744.00;0.00;0.00;1.78;5,085,618.00;0.00;46.73;0.00;0.03;1.85
Accorde Alapkezelő Zrt.;Accorde Első Román Részvényalap;Accorde Első Román Részvényalap I sorozat;HU0000718622;nyílt végű;határozatlan;értékpapíralap;részvényalap;külföldi;HUF;7,844,864,804.00;1.2;20;éves;0.25;0.05;;157,482,964.00;70,951,268.00;67,387,912.00;0.00;8,013,487.00;5,758,903.00;5,371,394.00;0.00;0.00;0;84,723,658.00;83.74;9.46;0.90;0.10;1.08
Accorde Alapkezelő Zrt.;Accorde Első Román Részvényalap;Accorde Első Román Részvényalap A sorozat;HU0000718606;nyílt végű;határozatlan;értékpapíralap;részvényalap;külföldi;HUF;7,684,335,643.00;2.2;20;éves;0.25;0.05;;215,827,500.00;154,000,274.00;43,638,623.00;0.00;7,613,654.00;5,471,561.00;5,103,388.00;0.00;0.00;0;167,085,489.00;92.17;4.56;2.00;0.10;2.17
Accorde Alapkezelő Zrt.;Accorde Első Román Részvényalap;Accorde Első Román Részvényalap B sorozat;HU0000718614;nyílt végű;határozatlan;értékpapíralap;részvényalap;külföldi;EUR;4,024,158,954.00;2.2;20;éves;0.25;0.05;;90,180,216.00;80,650,992.00;0.00;0.00;3,988,883.00;2,866,616.00;2,673,725.00;0.00;0.00;0;87,506,491.00;92.17;4.56;2.00;0.10;2.17
Accorde Alapkezelő Zrt.;Accorde Eurobond Alap ;Accorde Eurobond Alap ;HU0000731880;nyílt végű;határozatlan;értékpapíralap;abszolút hozamú alap;külföldi;EUR;47,532,115,901.00;2;0;0;0.2;0.05;;885,712,993.00;835,663,785.00;0.00;0.00;19,515,457.00;29,273,774.00;1,259,977.00;0.00;0.00;0;884,453,016.00;94.48;2.21;1.76;0.04;1.86
Accorde Alapkezelő Zrt.;Accorde Forza Alapok Alapja;Accorde Forza Alapok Alapja B Sorozat;HU0000716535;nyílt végű;határozatlan;értékpapíralap;alapok alapja;külföldi;EUR;2,080,922,030.00;1.2;0;0;0.2;0.05;;2,214,938.00;0.00;0.00;0.00;731,601.00;1,307,893.00;175,444.00;0.00;0.00;0;2,039,494.00;0.00;35.87;0.00;0.04;0.10
Accorde Alapkezelő Zrt.;Accorde Forza Alapok Alapja;Accorde Forza Alapok Alapja C Sorozat;HU0000717152;nyílt végű;határozatlan;értékpapíralap;alapok alapja;külföldi;USD;922,501,612.00;1.2;0;0;0.2;0.05;;982,753.00;0.00;0.00;0.00;324,607.00;580,303.00;77,843.00;0.00;0.00;0;904,910.00;0.00;35.87;0.00;0.04;0.10
Accorde Alapkezelő Zrt.;Accorde Forza Alapok Alapja;Accorde Forza Alapok Alapja A Sorozat;HU0000716527;nyílt végű;határozatlan;értékpapíralap;alapok alapja;külföldi;HUF;2,827,674,704.00;1.2;0;0;0.2;0.05;;2,998,567.00;0.00;0.00;0.00;990,436.00;1,770,617.00;237,514.00;0.00;0.00;0;2,761,053.00;0.00;35.87;0.00;0.04;0.10
Accorde Alapkezelő Zrt.;Accorde Prizma Abszolút Hozamú Alap;Accorde Prizma Abszolút Hozamú Alap A Sorozat;HU0000716410;nyílt végű;határozatlan;értékpapíralap;abszolút hozamú alap;külföldi;HUF;14,841,142,432.00;2;20;éves;0.25;0.05;;549,338,532.00;267,231,411.00;245,838,373.00;0.00;5,970,004.00;9,817,849.00;20,480,895.00;0.00;0.00;0;283,019,264.00;94.42;2.11;1.80;0.04;1.91
Accorde Alapkezelő Zrt.;Accorde Prizma Abszolút Hozamú Alap;Accorde Prizma Abszolút Hozamú Alap I Sorozat;HU0000725478;nyílt végű;határozatlan;értékpapíralap;abszolút hozamú alap;külföldi;HUF;789,382,749.00;1;20;éves;0.25;0.05;;22,789,026.00;5,578,923.00;15,147,949.00;0.00;339,440.00;558,219.00;1,164,495.00;0.00;0.00;0;6,476,582.00;86.14;5.24;0.71;0.04;0.82
Accorde Alapkezelő Zrt.;Accorde Prizma Abszolút Hozamú Alap;Accorde Prizma Abszolút Hozamú Alap B Sorozat;HU0000721469;nyílt végű;határozatlan;értékpapíralap;abszolút hozamú alap;külföldi;EUR;3,753,496,563.00;2;20;éves;0.25;0.05;;132,760,253.00;67,552,693.00;56,263,146.00;0.00;1,472,292.00;2,421,228.00;5,050,894.00;0.00;0.00;0;71,446,213.00;94.55;2.06;1.80;0.04;1.90
Accorde Alapkezelő Zrt.;Accorde Relax Alapok Alapja;Accorde Relax Alapok Alapja A sorozat;HU0000719232;nyílt végű;határozatlan;értékpapíralap;alapok alapja;külföldi;HUF;983,428,715.00;2;20;éves;0.2;0.05;;17,713,036.00;15,771,361.00;0.00;0.00;375,341.00;1,309,940.00;256,394.00;0.00;0.00;1.64;17,456,642.00;90.35;2.15;1.60;0.04;3.42
Accorde Alapkezelő Zrt.;Accorde Relax Alapok Alapja;Accorde Relax Alapok Alapja B sorozat;HU0000719240;nyílt végű;határozatlan;értékpapíralap;alapok alapja;külföldi;EUR;600,557,061.00;2;20;éves;0.2;0.05;;7,019,396.00;5,735,647.00;0.00;0.00;248,159.00;866,074.00;169,516.00;0.00;0.00;1.64;6,849,880.00;83.73;3.62;0.96;0.04;2.78
Accorde Alapkezelő Zrt.;Accorde Sharp Abszolút Hozamú Részalap;Accorde Sharp Abszolút Hozamú Részalap B Sorozat;HU0000725460;nyílt végű;határozatlan;értékpapíralap;abszolút hozamú alap;külföldi;EUR;1,396,665,260.00;2.5;20;éves;0.2;0.05;;38,959,796.00;25,162,566.00;6,481,800.00;0.00;697,828.00;804,901.00;5,812,701.00;0.00;0.00;0;26,665,295.00;94.36;2.62;1.80;0.05;1.91
Accorde Alapkezelő Zrt.;Accorde Sharp Abszolút Hozamú Részalap;Accorde Sharp Abszolút Hozamú Részalap A Sorozat;HU0000717590;nyílt végű;határozatlan;értékpapíralap;abszolút hozamú alap;külföldi;HUF;9,255,718,221.00;2.5;20;éves;0.2;0.05;;271,414,015.00;166,762,018.00;56,103,530.00;0.00;4,631,098.00;5,341,678.00;38,575,691.00;0.00;0.00;0;176,734,794.00;94.36;2.62;1.80;0.05;1.91
Accorde Alapkezelő Zrt.;Accorde Sharp Abszolút Hozamú Részalap;Accorde Sharp Abszolút Hozamú Részalap  I Sorozat;HU0000725452;nyílt végű;határozatlan;értékpapíralap;abszolút hozamú alap;külföldi;HUF;462,002,026.00;1;20;éves;0.2;0.05;;9,585,121.00;3,229,674.00;3,912,869.00;0.00;233,000.00;268,752.00;1,940,826.00;0.00;0.00;0;3,731,426.00;86.55;6.24;0.70;0.05;0.81
Accorde Alapkezelő Zrt.;Accorde Spartan Görög Részvényalap;Accorde Spartan Görög Részvényalap A sorozat;HU0000722582;nyílt végű;határozatlan;értékpapíralap;részvényalap;külföldi;HUF;4,908,107,569.00;2.2;20;éves;0.4;0.05;;127,602,949.00;98,395,195.00;20,431,032.00;0.00;2,940,814.00;2,220,639.00;3,615,269.00;0.00;0.00;0;103,556,648.00;95.02;2.84;2.00;0.06;2.11
Accorde Alapkezelő Zrt.;Accorde Spartan Görög Részvényalap;Accorde Spartan Görög Részvényalap I sorozat;HU0000722608;nyílt végű;határozatlan;értékpapíralap;részvényalap;külföldi;HUF;3,744,219,347.00;1.2;20;éves;0.4;0.05;;62,019,630.00;33,833,924.00;21,415,029.00;0.00;2,268,649.00;1,713,080.00;2,788,948.00;0.00;0.00;0;37,815,653.00;89.47;6.00;0.90;0.06;1.01
Accorde Alapkezelő Zrt.;Accorde Spartan Görög Részvényalap;Accorde Spartan Görög Részvényalap B sorozat;HU0000722590;nyílt végű;határozatlan;értékpapíralap;részvényalap;külföldi;EUR;6,148,205,628.00;2.2;20;éves;0.4;0.05;;134,326,991.00;123,294,076.00;0.00;0.00;3,696,796.00;2,791,489.00;4,544,630.00;0.00;0.00;0;129,782,361.00;95.00;2.85;2.01;0.06;2.11
Accorde Alapkezelő Zrt.;Accorde Techno Részalap;Accorde Techno Részalap;HU0000720438;nyílt végű;határozatlan;értékpapíralap;kiegyensúlyozott vegyes alap;külföldi;EUR;915,204,856.00;2.75;20;éves;0.2;0.05;;22,744,108.00;16,777,069.00;0.00;0.00;474,376.00;1,883,400.00;3,609,263.00;0.00;0.00;0;19,134,845.00;87.68;2.48;1.83;0.05;2.09
Accorde Alapkezelő Zrt.;Accorde Trezor Euró Részalap;Accorde Trezor Euró Részalap;HU0000731484;nyílt végű;határozatlan;értékpapíralap;rövid kötvényalap;külföldi;EUR;2,489,177,748.00;1.5;0;0;0.2;0.05;;19,212,573.00;15,531,240.00;0.00;0.00;1,026,775.00;2,514,656.00;139,902.00;0.00;0.00;0;19,072,671.00;81.43;5.38;0.62;0.04;0.77
Accorde Alapkezelő Zrt.;Accorde Trezor Forint Rövid Kötvény Részalap;Accorde Trezor Forint Rövid Kötvény Részalap;HU0000730858;nyílt végű;határozatlan;értékpapíralap;kötvényalap;külföldi;HUF;11,253,242,198.00;2.4;0;0;0.2;0.05;;209,000,719.00;198,430,461.00;0.00;0.00;4,555,498.00;5,581,590.00;433,170.00;0.00;0.00;0;208,567,549.00;95.14;2.18;1.76;0.04;1.85
Accorde Alapkezelő Zrt.;Accorde Trezor USD Alap;Accorde Trezor USD Alap;HU0000720784;nyílt végű;határozatlan;értékpapíralap;rövid kötvényalap;külföldi;USD;3,100,582,803.00;1;0;0;0.1;0.05;;31,625,603.00;26,677,346.00;0.00;0.00;1,319,540.00;2,914,175.00;714,542.00;0.00;0.00;0;30,911,061.00;86.30;4.27;0.86;0.04;1.00
Accorde Alapkezelő Zrt.;Accorde Wojtek Lengyel Részvényalap;Accorde Wojtek Lengyel Részvényalap A sorozat;HU0000720958;nyílt végű;határozatlan;értékpapíralap;részvényalap;külföldi;HUF;4,882,718,934.00;2.2;20;éves;0.25;0.05;;112,007,839.00;97,599,648.00;0.00;0.00;4,013,644.00;2,296,047.00;8,098,500.00;0.00;0.00;0;103,909,339.00;93.93;3.86;2.00;0.08;2.13
Accorde Alapkezelő Zrt.;Accorde Wojtek Lengyel Részvényalap;Accorde Wojtek Lengyel Részvényalap I sorozat;HU0000720974;nyílt végű;határozatlan;értékpapíralap;részvényalap;külföldi;HUF;920,108,257.00;1.2;20;éves;0.25;0.05;;11,331,780.00;8,356,105.00;0.00;0.00;828,924.00;474,195.00;1,672,556.00;0.00;0.00;0;9,659,224.00;86.51;8.58;0.91;0.09;1.05
Accorde Alapkezelő Zrt.;Accorde Wojtek Lengyel Részvényalap;Accorde Wojtek Lengyel Részvényalap B sorozat;HU0000720966;nyílt végű;határozatlan;értékpapíralap;részvényalap;külföldi;EUR;7,019,201,462.00;2.2;20;éves;0.25;0.05;;162,092,847.00;140,708,306.00;0.00;0.00;5,957,023.00;3,407,778.00;12,019,740.00;0.00;0.00;0;150,073,107.00;93.76;3.97;2.00;0.08;2.14
Accorde Alapkezelő Zrt.;Accorde World Nemzetközi Részvényalap;Accorde World Nemzetközi Részvényalap C sorozat;HU0000722475;nyílt végű;határozatlan;értékpapíralap;részvényalap;külföldi;USD;493,268,783.00;2.2;0;0;0.25;0.05;;12,425,634.00;9,864,482.00;0.00;0.00;248,213.00;321,648.00;1,991,291.00;0.00;0.00;0;10,434,343.00;94.54;2.38;2.00;0.05;2.12
Accorde Alapkezelő Zrt.;Accorde World Nemzetközi Részvényalap;Accorde World Nemzetközi Részvényalap B sorozat;HU0000722467;nyílt végű;határozatlan;értékpapíralap;részvényalap;külföldi;EUR;927,553,591.00;2.2;0;0;0.25;0.05;;22,867,853.00;18,492,274.00;0.00;0.00;424,058.00;549,516.00;3,402,005.00;0.00;0.00;0;19,465,848.00;95.00;2.18;1.99;0.05;2.10
Accorde Alapkezelő Zrt.;Accorde World Nemzetközi Részvényalap;Accorde World Nemzetközi Részvényalap A sorozat;HU0000716436;nyílt végű;határozatlan;értékpapíralap;részvényalap;külföldi;HUF;3,450,977,799.00;2.2;0;0;0.25;0.05;;87,981,297.00;69,155,954.00;0.00;0.00;1,824,451.00;2,364,221.00;14,636,671.00;0.00;0.00;0;73,344,626.00;94.29;2.49;2.00;0.05;2.13
Accorde Alapkezelő Zrt.;Accorde World Nemzetközi Részvényalap;Accorde World Nemzetközi Részvényalap H sorozat;HU0000730726;nyílt végű;határozatlan;értékpapíralap;részvényalap;külföldi;HUF;493,114,885.00;2.2;0;0;0.25;0.05;;12,815,631.00;9,914,036.00;0.00;0.00;281,207.00;364,403.00;2,255,985.00;0.00;0.00;0;10,559,646.00;93.89;2.66;2.01;0.06;2.14
Accorde Alapkezelő Zrt.;Aforizma Abszolút Hozamú Részalap;Aforizma Részalap;HU0000720420;nyílt végű;határozatlan;értékpapíralap;abszolút hozamú alap;külföldi;HUF;2,583,468,478.00;2;0;0;0.2;0.05;;12,402,113.00;0.00;0.00;0.00;1,303,130.00;2,448,279.00;8,650,704.00;0.00;0.00;0;3,751,409.00;0.00;34.74;0.00;0.05;0.15
Allianz Alapkezelő Zrt.;Allianz Hazai Indexkövető Befektetési Alap;Allianz Hazai Indexkövető Befektetési Alap;HU0000708375;nyílt végű;határozatlan;értékpapíralap;részvényalap;hazai;HUF;3,675,572,982.00;1.5;;;0.15;0.085;2;63,967,606.00;55,149,715.00;;;5,940,776.00;2,449,468.00;427,647.00;;;0;63,539,959.00;86.80;9.35;1.50;0.16;1.73
Allianz Alapkezelő Zrt.;Allianz Kötvényalap;Allianz Kötvényalap;HU0000708201;nyílt végű;határozatlan;értékpapíralap;hosszú kötvényalap;hazai;HUF;171,372,529.00;1.5;;;0.1;0.085;2;2,856,162.00;1,704,107.00;;;341,126.00;809,484.00;1,445.00;;;0;2,854,717.00;59.69;11.95;0.99;0.20;1.67
Allianz Alapkezelő Zrt.;Allianz Rövid Kötvényalap;Allianz Rövid Kötvényalap;HU0000707146;nyílt végű;határozatlan;értékpapíralap;rövid kötvényalap;hazai;HUF;213,145,517.00;1.5;;;0.1;0.085;2;2,163,908.00;1,062,436.00;;;362,327.00;737,689.00;1,456.00;;;0;2,162,452.00;49.13;16.76;0.50;0.17;1.01
Amundi Befektetési Alapkezelő Zártkörűen Működő Részvénytársaság;Amundi Diszruptív Vállalatok Vegyes Alapok Alapja;Amundi Diszruptív Vállalatok Vegyes Alapok Alapja A sorozat;HU0000721949;nyílt végű;határozatlan;értékpapíralap;kiegyensúlyozott vegyes alap;külföldi;HUF;5,530,301,931.00;1.4;;0;0.05;1.385;;89,057,178.00;77,361,297.00;;2,762,904.00;2,285,675.00;6,523,303.00;123,999.00;0.00;;0.437372;88,933,179.00;86.99;2.57;1.40;0.04;2.05
Amundi Befektetési Alapkezelő Zártkörűen Működő Részvénytársaság;Amundi Explorer Abszolút Hozamú Alap;Amundi Explorer Abszolút Hozamú Alap A sorozat;HU0000715248;nyílt végű;határozatlan;értékpapíralap;abszolút hozamú alap;hazai;HUF;5,176,462,798.00;1.8;;0;0.05;1.385;;98,129,783.05;82,897,068.00;;2,590,534.00;2,438,558.00;8,581,801.05;1,621,822.00;;;0;96,507,961.05;85.90;2.53;1.60;0.05;1.86
Amundi Befektetési Alapkezelő Zártkörűen Működő Részvénytársaság;Amundi Explorer Abszolút Hozamú Alap;Amundi Explorer Abszolút Hozamú Alap I sorozat;HU0000711296;nyílt végű;határozatlan;értékpapíralap;abszolút hozamú alap;hazai;HUF;853,774,523.00;0.29;;0;0.05;1.385;;4,646,309.95;2,433,125.00;;128,060.00;402,201.00;1,415,430.95;267,493.00;;;0;4,378,816.95;55.57;9.19;0.28;0.05;0.51
Amundi Befektetési Alapkezelő Zártkörűen Működő Részvénytársaság;Amundi Feltörekvő Piaci  Vegyes Alapok Alapja;Amundi Feltörekvő Piaci Vegyes Alapok Alapja A sorozat;HU0000710348;nyílt végű;határozatlan;értékpapíralap;dinamikus vegyes alap;külföldi;HUF;1,400,290,339.00;1.9;;0;0.1;1.385;;32,220,589.00;24,844,445.00;;699,965.00;1,399,930.00;4,945,187.00;331,062.00;0.00;;0.092755;31,889,527.00;77.91;4.39;1.77;0.10;2.37
Amundi Befektetési Alapkezelő Zártkörűen Működő Részvénytársaság;Amundi Klímatudatos Vegyes Alapok Alapja  ;Amundi Klímatudatos Vegyes Alapok Alapja  A sorozat;HU0000726211;nyílt végű;határozatlan;értékpapíralap;kiegyensúlyozott vegyes alap;külföldi;HUF;3,386,064,749.00;1.4;;0;0.06;1.385;;56,332,348.00;47,376,539.00;;1,692,020.00;1,509,204.00;5,650,216.00;104,369.00;0.00;;0.292841;56,227,979.00;84.26;2.68;1.40;0.04;1.95
Amundi Befektetési Alapkezelő Zártkörűen Működő Részvénytársaság;Amundi Kor Trend Vegyes Alapok Alapja;Amundi Kor Trend Vegyes Alapok Alapja A sorozat;HU0000721931;nyílt végű;határozatlan;értékpapíralap;kiegyensúlyozott vegyes alap;külföldi;HUF;2,997,025,960.00;1.4;;0;0.05;1.385;;49,557,845.00;41,946,540.00;;1,498,091.00;1,198,473.00;4,797,004.00;117,737.00;0.00;;0.36548;49,440,108.00;84.84;2.42;1.40;0.04;2.02
Amundi Befektetési Alapkezelő Zártkörűen Működő Részvénytársaság;Amundi Közép-Európai Részvény Alap;Amundi Közép-Európai Részvény Alap U sorozat;HU0000718184;nyílt végű;határozatlan;értékpapíralap;részvényalap;külföldi;HUF;83,632,067.00;1.9;;0;0.17;1.385;;1,886,029.48;1,557,016.00;;41,792.00;144,215.00;110,870.48;32,136.00;;;0;1,853,893.48;83.99;7.78;1.86;0.17;2.22
Amundi Befektetési Alapkezelő Zártkörűen Működő Részvénytársaság;Amundi Közép-Európai Részvény Alap;Amundi Közép-Európai Részvény Alap I sorozat;HU0000706668;nyílt végű;határozatlan;értékpapíralap;részvényalap;külföldi;HUF;7,780,918,905.00;0.7;;0;0.17;1.385;;85,091,590.08;54,481,020.00;;3,888,179.00;13,417,398.00;10,315,147.08;2,989,846.00;;;0;82,101,744.08;66.36;16.34;0.70;0.17;1.06
Amundi Befektetési Alapkezelő Zártkörűen Működő Részvénytársaság;Amundi Közép-Európai Részvény Alap;Amundi Közép-Európai Részvény Alap A sorozat;HU0000701891;nyílt végű;határozatlan;értékpapíralap;részvényalap;külföldi;HUF;3,664,614,034.00;2;;0;0.17;1.385;;87,763,770.44;73,346,976.00;;1,831,233.00;6,319,251.00;4,858,170.44;1,408,140.00;;;0;86,355,630.44;84.94;7.32;2.00;0.17;2.36
Amundi Befektetési Alapkezelő Zártkörűen Működő Részvénytársaság;Amundi Magyar Indexkövető Részvény Alap;Amundi Magyar Indexkövető Részvény Alap I sorozat;HU0000709811;nyílt végű;határozatlan;értékpapíralap;részvényalap;hazai;HUF;1,854,639,983.00;0.7;;0;0.1;1.385;;18,642,801.73;12,988,593.00;;927,276.00;1,854,552.00;2,348,515.73;523,865.00;;;0;18,118,936.73;71.69;10.24;0.70;0.10;0.98
Amundi Befektetési Alapkezelő Zártkörűen Működő Részvénytársaság;Amundi Magyar Indexkövető Részvény Alap;Amundi Magyar Indexkövető Részvény Alap U sorozat;HU0000718218;nyílt végű;határozatlan;értékpapíralap;részvényalap;hazai;HUF;3,097,386,002.00;1.95;;0;0.1;1.385;;67,556,589.10;58,113,643.00;;1,548,619.00;3,097,239.00;3,922,195.10;874,893.00;;;0;66,681,696.10;87.15;4.64;1.88;0.10;2.15
Amundi Befektetési Alapkezelő Zártkörűen Működő Részvénytársaság;Amundi Magyar Indexkövető Részvény Alap;Amundi Magyar Indexkövető Részvény Alap A sorozat;HU0000701842;nyílt végű;határozatlan;értékpapíralap;részvényalap;hazai;HUF;2,571,454,683.00;2;;0;0.1;1.385;;59,312,994.63;51,473,447.00;;1,285,666.00;2,571,332.00;3,256,212.63;726,337.00;;;0;58,586,657.63;87.86;4.39;2.00;0.10;2.28
Amundi Befektetési Alapkezelő Zártkörűen Működő Részvénytársaság;Amundi Magyar Indexkövető Részvény Alap;Amundi Magyar Indexkövető Részvény Alap M sorozat;HU0000732482;nyílt végű;határozatlan;értékpapíralap;részvényalap;hazai;HUF;2,614,508,758.00;0.5;;0;0.1;1.385;;20,677,717.54;12,706,911.00;;1,307,192.00;2,614,384.00;3,310,731.54;738,499.00;;;0;19,939,218.54;63.73;13.11;0.49;0.10;0.76
Amundi Befektetési Alapkezelő Zártkörűen Működő Részvénytársaság;Amundi Magyar Kötvény Alap;Amundi Magyar Kötvény Alap I sorozat;HU0000706635;nyílt végű;határozatlan;értékpapíralap;hosszú kötvényalap;hazai;HUF;6,150,800,193.00;0.6;;0;0.1;0.985;;52,339,031.93;36,912,554.00;;3,079,603.00;6,159,205.00;6,141,139.93;46,530.00;;;0;52,292,501.93;70.59;11.78;0.60;0.10;0.85
Amundi Befektetési Alapkezelő Zártkörűen Működő Részvénytársaság;Amundi Magyar Kötvény Alap;Amundi Magyar Kötvény Alap A sorozat;HU0000701834;nyílt végű;határozatlan;értékpapíralap;hosszú kötvényalap;hazai;HUF;18,975,193,333.00;1.3;;0;0.1;0.985;;293,677,924.65;246,087,305.00;;9,500,561.00;19,001,124.00;18,945,391.65;143,543.00;;;0;293,534,381.65;83.84;6.47;1.30;0.10;1.55
Amundi Befektetési Alapkezelő Zártkörűen Működő Részvénytársaság;Amundi Nemzetközi Vegyes Alapok Alapja;Amundi Nemzetközi Vegyes Alapok Alapja A sorozat;HU0000706643;nyílt végű;határozatlan;értékpapíralap;kiegyensúlyozott vegyes alap;külföldi;HUF;24,325,297,972.00;1.5;;0;0.15;1.385;;434,914,948.78;364,940,004.00;;12,153,824.00;36,461,471.00;20,506,924.78;852,725.00;0.00;;0.096841;434,062,223.78;84.08;8.40;1.50;0.15;1.88
Amundi Befektetési Alapkezelő Zártkörűen Működő Részvénytársaság;Amundi Nemzetközi Vegyes Alapok Alapja;Amundi Nemzetközi Vegyes Alapok Alapja D sorozat;HU0000701941;nyílt végű;határozatlan;értékpapíralap;kiegyensúlyozott vegyes alap;külföldi;HUF;1,041,064,009.00;1;;0;0.15;1.385;;13,404,304.22;10,409,545.00;;520,154.00;1,560,463.00;877,647.22;36,495.00;0.00;;0.096841;13,367,809.22;77.87;11.67;1.00;0.15;1.38
Amundi Befektetési Alapkezelő Zártkörűen Működő Részvénytársaság;Amundi Óvatos Kötvény Alap;Amundi Óvatos Kötvény Alap C sorozat;HU0000704168;nyílt végű;határozatlan;értékpapíralap;rövid kötvényalap;hazai;HUF;6,047,229,797.00;0.85;;0;0.1;0.985;;54,075,046.47;42,339,152.00;;2,368,864.00;3,981,752.00;5,372,557.47;12,721.00;;;0;54,062,325.47;78.32;7.37;0.70;0.07;0.89
Amundi Befektetési Alapkezelő Zártkörűen Működő Részvénytársaság;Amundi Óvatos Kötvény Alap;Amundi Óvatos Kötvény Alap A sorozat;HU0000701909;nyílt végű;határozatlan;értékpapíralap;rövid kötvényalap;hazai;HUF;83,918,870,642.00;1;;0;0.1;0.985;;1,002,240,988.47;839,379,138.00;;32,873,298.00;55,255,735.00;74,556,282.47;176,535.00;;;0;1,002,064,453.47;83.76;5.51;1.00;0.07;1.19
Amundi Befektetési Alapkezelő Zártkörűen Működő Részvénytársaság;Amundi Ökológiai Átmenet Vegyes Alapok Alapja;Amundi Ökológiai Átmenet Vegyes Alapok Alapja;HU0000717418;nyílt végű;határozatlan;értékpapíralap;kiegyensúlyozott vegyes alap;külföldi;HUF;2,937,720,958.00;1.5;;0;0.08;1.385;;53,248,163.00;44,056,861.00;;1,468,562.00;2,349,701.00;5,265,930.00;107,109.00;0.00;;0.462618;53,141,054.00;82.91;4.42;1.50;0.08;2.27
Amundi Befektetési Alapkezelő Zártkörűen Működő Részvénytársaság;Amundi Regatta Plusz Abszolút Hozamú Alap;Amundi Regatta Plusz Abszolút Hozamú Alap A sorozat;HU0000711353;nyílt végű;határozatlan;értékpapíralap;abszolút hozamú alap;hazai;HUF;1,708,168,486.00;1.5;20;éves ;0.1;1.385;;38,053,789.59;25,621,237.00;1,546,541.00;853,896.00;1,707,793.00;6,258,212.59;2,066,110.00;;;0;34,441,138.59;74.39;4.96;1.50;0.10;2.02
Amundi Befektetési Alapkezelő Zártkörűen Működő Részvénytársaság;Amundi Regatta Plusz Abszolút Hozamú Alap;Amundi Regatta Plusz Abszolút Hozamú Alap C sorozat;HU0000712666;nyílt végű;határozatlan;értékpapíralap;abszolút hozamú alap;hazai;HUF;605,839,565.00;1.3;20;éves ;0.1;1.385;;12,483,293.41;7,585,174.00;1,037,157.00;302,853.00;605,706.00;2,219,612.41;732,791.00;;;0;10,713,345.41;70.80;5.65;1.25;0.10;1.77
Amundi Befektetési Alapkezelő Zártkörűen Működő Részvénytársaság;Amundi Rugalmas Kötvény Alap;Amundi Rugalmas Kötvény Alap Z sorozat;HU0000722681;nyílt végű;határozatlan;értékpapíralap;szabad futamidejű kötvényalap;hazai;HUF;4,726,023,540.00;0.1;;0;0.1;0.985;;16,115,978.42;4,725,561.00;;2,362,221.00;3,307,108.00;5,642,001.42;79,087.00;0.00;;0;16,036,891.42;29.47;20.62;0.10;0.07;0.34
Amundi Befektetési Alapkezelő Zártkörűen Működő Részvénytársaság;Amundi Rugalmas Kötvény Alap;Amundi Rugalmas Kötvény Alap A sorozat;HU0000722673;nyílt végű;határozatlan;értékpapíralap;szabad futamidejű kötvényalap;hazai;HUF;5,994,388,335.00;1.3;;0;0.1;0.985;;92,383,339.82;77,935,975.00;;2,996,191.00;4,194,666.00;7,156,195.82;100,312.00;0.00;;0;92,283,027.82;84.45;4.55;1.30;0.07;1.54
Amundi Befektetési Alapkezelő Zártkörűen Működő Részvénytársaság;Amundi Selecta Európai Részvény Alapok Alapja;Amundi Selecta Európai Részvény Alapok Alapja I sorozat;HU0000706676;nyílt végű;határozatlan;értékpapíralap;részvényalap;külföldi;HUF;27,355,037.00;0.7;;0;0.1;1.385;;284,789.68;191,490.00;;13,677.00;27,354.00;50,724.68;1,544.00;560.00;;0.201879;283,245.68;67.61;9.66;0.70;0.10;1.24
Amundi Befektetési Alapkezelő Zártkörűen Működő Részvénytársaság;Amundi Selecta Európai Részvény Alapok Alapja;Amundi Selecta Európai Részvény Alapok Alapja A sorozat;HU0000702014;nyílt végű;határozatlan;értékpapíralap;részvényalap;külföldi;HUF;4,036,800,091.00;1.7;;0;0.1;1.385;;82,398,348.70;68,630,086.00;;2,018,311.00;4,036,624.00;7,485,448.70;227,879.00;90,605.00;;0.201879;82,170,469.70;83.52;4.91;1.70;0.10;2.24
Amundi Befektetési Alapkezelő Zártkörűen Működő Részvénytársaság;Amundi Selecta Európai Részvény Alapok Alapja;Amundi Selecta Európai Részvény Alapok Alapja U sorozat;HU0000718192;nyílt végű;határozatlan;értékpapíralap;részvényalap;külföldi;HUF;67,521,290.00;1.9;;0;0.1;1.385;;1,249,863.62;1,019,571.00;;33,759.00;67,518.00;125,204.62;3,811.00;3,048.00;;0.201879;1,246,052.62;81.82;5.42;1.51;0.10;2.05
Amundi Befektetési Alapkezelő Zártkörűen Működő Részvénytársaság;Amundi USA Devizarészvény Alapok Alapja;Amundi USA Devizarészvény Alapok Alapja A sorozat;HU0000701883;nyílt végű;határozatlan;értékpapíralap;részvényalap;külföldi;HUF;15,647,656,773.00;1.7;;0;0.1;1.385;;307,407,702.84;265,900,512.00;;7,821,376.00;15,642,755.00;17,580,371.84;462,688.00;0.00;;0.278301;306,945,014.84;86.63;5.10;1.70;0.10;2.24
Amundi Befektetési Alapkezelő Zártkörűen Működő Részvénytársaság;Amundi USA Devizarészvény Alapok Alapja;Amundi USA Devizarészvény Alapok Alapja U sorozat;HU0000718200;nyílt végű;határozatlan;értékpapíralap;részvényalap;külföldi;HUF;1,654,354,259.00;1.9;;0;0.1;1.385;;28,719,821.16;24,331,458.00;;826,918.00;1,653,836.00;1,858,691.16;48,918.00;0.00;;0.278301;28,670,903.16;84.86;5.77;1.47;0.10;2.01
APELSO CAPITAL Befektetési Alapkezelő Zártkörűen Működő Részvénytársaság;APELSO ECHO Abszolút Hozamú Alap A sorozat;A;HU0000709241;nyílt végű;határozatlan;értékpapíralap;abszolút hozamú alap;hazai;HUF;127,840,631.00;3;25;éves;0.085;1;;2,618,819.00;1,707,178.00;0.00;;91,095.00;371,003.00;449,543.00;;;0;2,169,276.00;78.70;4.20;1.34;0.07;1.70
APELSO CAPITAL Befektetési Alapkezelő Zártkörűen Működő Részvénytársaság;APELSO ECHO Abszolút Hozamú Alap EUR sorozat;EUR;HU0000713375;nyílt végű;határozatlan;értékpapíralap;abszolút hozamú alap;hazai;EUR;82,617,210.00;3;25;éves;0.085;1;;1,693,413.00;1,103,917.00;0.00;;58,905.00;239,902.00;290,689.00;;;0;1,402,724.00;78.70;4.20;1.34;0.07;1.70
APELSO CAPITAL Befektetési Alapkezelő Zártkörűen Működő Részvénytársaság;APELSO EUR Rövid Kötvény Alap;A;HU0000715834;nyílt végű;határozatlan;értékpapíralap;rövid kötvényalap;hazai;EUR;230,789,858.00;2;0;0;0.085;3;;1,149,299.00;575,947.00;0.00;;0.00;296,561.00;276,791.00;;;0;872,508.00;66.01;0.00;0.25;0.00;0.38
APELSO CAPITAL Befektetési Alapkezelő Zártkörűen Működő Részvénytársaság;APELSO HUF Rövid Kötvény Részalap;A;HU0000731393;nyílt végű;határozatlan;értékpapíralap;rövid kötvényalap;hazai;HUF;382,577,401.00;2;0;0;0.085;1;;7,073,921.00;3,828,221.00;0.00;;343,454.00;2,638,903.00;263,343.00;;;0;6,810,578.00;56.21;5.04;1.00;0.09;1.78
APELSO CAPITAL Befektetési Alapkezelő Zártkörűen Működő Részvénytársaság;APELSO INCOME Kötvény Befektetési Alap A sorozat;A;HU0000706494;nyílt végű;határozatlan;értékpapíralap;abszolút hozamú alap;hazai;HUF;369,888,610.00;3;25;éves;0.085;1;;14,589,598.00;7,164,960.00;3,195,593.00;;992,381.00;2,984,895.00;251,769.00;;;0;11,142,236.00;64.30;8.91;1.94;0.27;3.01
APELSO CAPITAL Befektetési Alapkezelő Zártkörűen Működő Részvénytársaság;APELSO Megatrends Részvény Alap;A;HU0000706510;nyílt végű;határozatlan;értékpapíralap;részvényalap;hazai;HUF;195,441,570.00;2.4;25;éves;0.25;1;;5,590,715.00;2,828,861.00;0.00;;225,000.00;976,902.00;1,559,952.00;;;0;4,030,763.00;70.18;5.58;1.45;0.12;2.06
APELSO CAPITAL Befektetési Alapkezelő Zártkörűen Működő Részvénytársaság;APELSO USD Rövid Kötvény Alap;A;HU0000713771;nyílt végű;határozatlan;értékpapíralap;rövid kötvényalap;hazai;USD;69,526,882.00;2;0;0;0.085;3;;950,697.00;0.00;0.00;;145,730.00;557,066.00;247,901.00;;;0;702,796.00;0.00;20.74;0.00;0.21;1.01
APELSO CAPITAL Befektetési Alapkezelő Zártkörűen Működő Részvénytársaság;APELSO Wealth Management Kiegyensúlyozott Vegyes Alap HUF A sorozat;A;HU0000707732;nyílt végű;határozatlan;értékpapíralap;kiegyensúlyozott vegyes alap;hazai;HUF;189,582,701.00;3;0;0;0.085;1;;4,138,947.00;2,069,265.00;0.00;;150,000.00;1,546,803.00;372,879.00;;;0;3,766,068.00;54.94;3.98;1.09;0.08;1.99
APELSO CAPITAL Befektetési Alapkezelő Zártkörűen Működő Részvénytársaság;Fókusz EUR Abszolút Hozamú Részalap;A;HU0000731401;nyílt végű;határozatlan;értékpapíralap;abszolút hozamú alap;hazai;EUR;1,331,221,216.00;2;25;éves;0.085;1;;20,179,535.00;13,814,087.00;870,359.00;;1,199,078.00;4,230,873.00;65,138.00;;;0;19,244,038.00;71.78;6.23;1.04;0.09;1.45
APELSO CAPITAL Befektetési Alapkezelő Zártkörűen Működő Részvénytársaság;Fókusz HUF Származtatott Alap;A;HU0000706528;nyílt végű;határozatlan;értékpapíralap;abszolút hozamú alap;hazai;HUF;1,035,368,929.00;3;25;éves;0.25;1;;30,101,974.00;17,844,376.00;5,101,210.00;;1,193,985.00;4,832,879.00;1,129,524.00;;;0;23,871,240.00;74.75;5.00;1.72;0.12;2.31
APELSO CAPITAL Befektetési Alapkezelő Zártkörűen Működő Részvénytársaság;New Wave EUR Abszolút Hozamú Alap;A;HU0000708714;nyílt végű;határozatlan;értékpapíralap;abszolút hozamú alap;hazai;EUR;374,515,499.00;3;25;éves;0.085;1;;14,095,453.00;9,716,385.00;0.00;;933,705.00;3,334,228.00;111,135.00;;;0;13,984,318.00;69.48;6.68;2.59;0.25;3.73
AXIOM Alapkezelő Zártkörűen Működő Részvénytársaság;Axiom Aplus Abszolút Hozamú Származtatott Alap;A sorozat;HU0000720552;nyílt végű;határozatlan;értékpapíralap;származtatott alap;hazai;HUF;1,760,698,026.00;2;20;éves;0.08;2;;83,962,717.00;34,044,806.00;44,587,789.00;0.00;1,373,686.00;3,425,669.00;530,767.00;0.00;0.00;0;38,844,161.00;87.64;3.54;1.93;0.08;2.21
Biggeorge Alapkezelő Zártkörűen Működő Részvénytársaság;Biggeorge 4. Ingatlanfejlesztő Ingatlanbefektetési Alap;Biggeorge 4. Ingatlanfejlesztő Ingatlanbefektetési Alap;HU0000706049;nyílt végű;határozatlan;ingatlanalap;közvetlen ingatlanokba fektető alap;hazai;HUF;21,601,406,584.00;3;0;0;0.09;1.09;0;404,211,090.00;161,902,677.00;0.00;0.00;19,428,319.00;147,686,285.00;2,686,421.00;0.00;72,507,388.00;0.22;329,017,281.00;49.21;5.90;0.75;0.09;1.74
EQUILOR Alapkezelő Zártkörűen Működő Részvénytársaság;Artemisz Digital Assets Részalap;Artemisz Digital Assets Részalap B sorozat;HU0000733621;NYÍLT VÉGŰ;határozatlan;ÉRTÉKPAPÍRALAP;részvényalap;külföldi;USD;831,992.00;2.5;25;éves;0.03;0.09;;27,925.00;19,466.00;0.00;594.00;437.00;5,117.00;2,311.00;0.00;0.00;0;25,614.00;76.00;1.71;2.34;0.05;3.08
EQUILOR Alapkezelő Zártkörűen Működő Részvénytársaság;Artemisz Digital Assets Részalap;Artemisz Digital Assets Részalap A sorozat;HU0000733613;NYÍLT VÉGŰ;határozatlan;ÉRTÉKPAPÍRALAP;részvényalap;külföldi;HUF;81,016,608.00;2.5;25;éves;0.03;0.09;;2,913,642.00;2,031,040.00;0.00;61,978.00;45,607.00;533,934.00;241,083.00;0.00;0.00;0;2,672,559.00;76.00;1.71;2.51;0.06;3.30
EQUILOR Alapkezelő Zártkörűen Működő Részvénytársaság;Artemisz Kötvény Származtatott Részalap ;Artemisz Kötvény Származtatott Részalap A sorozat;HU0000733639;NYÍLT VÉGŰ;határozatlan;ÉRTÉKPAPÍRALAP;kötvényalap;külföldi;HUF;314,507,277.00;2.5;25;éves;0.03;0.09;;10,720,010.00;7,924,466.00;0.00;280,756.00;187,428.00;1,939,555.00;387,805.00;0.00;0.00;0;10,332,205.00;76.70;1.81;2.52;0.06;3.29
EQUILOR Alapkezelő Zártkörűen Működő Részvénytársaság;Artemisz Kötvény Származtatott Részalap ;Artemisz Kötvény Származtatott Részalap B sorozat;HU0000733647;NYÍLT VÉGŰ;határozatlan;ÉRTÉKPAPÍRALAP;kötvényalap;külföldi;EUR;64,043.00;2.5;25;éves;0.03;0.09;;2,102.00;1,554.00;0.00;55.00;37.00;380.00;76.00;0.00;0.00;0;2,026.00;76.70;1.83;2.43;0.06;3.16
EQUILOR Alapkezelő Zártkörűen Működő Részvénytársaság;Artemisz Megatrend Származtatott Részalap;Artemisz Megatrend Származtatott Részalap A sorozat;HU0000733597;NYÍLT VÉGŰ;határozatlan;ÉRTÉKPAPÍRALAP;részvényalap;külföldi;HUF;41,197,254.00;2.5;25;éves;0.03;0.09;;2,721,008.00;1,086,481.00;221.00;159,329.00;68,366.00;1,194,669.00;211,942.00;0.00;0.00;0;2,508,845.00;43.31;2.72;2.64;0.17;6.09
EQUILOR Alapkezelő Zártkörűen Működő Részvénytársaság;Artemisz Megatrend Származtatott Részalap;Artemisz Megatrend Származtatott Részalap B sorozat;HU0000733605;NYÍLT VÉGŰ;határozatlan;ÉRTÉKPAPÍRALAP;részvényalap;külföldi;EUR;91,505.00;2.5;25;éves;0.03;0.09;;5,851.00;2,336.00;0.00;343.00;147.00;2,569.00;456.00;0.00;0.00;0;5,395.00;43.30;2.72;2.55;0.16;5.90
EQUILOR Alapkezelő Zártkörűen Működő Részvénytársaság;Artemisz Nemzetközi Tőzsdei Guruk Alapja Részalap;Artemisz Nemzetközi Tőzsdei Guruk Alapja Részalap B sorozat;HU0000733662;NYÍLT VÉGŰ;határozatlan;ÉRTÉKPAPÍRALAP;részvényalap;külföldi;USD;123,267.00;2.5;25;éves;0.03;0.09;;7,689.00;2,885.00;0.00;367.00;157.00;2,862.00;1,418.00;0.00;0.00;0;6,271.00;46.01;2.50;2.34;0.13;5.09
EQUILOR Alapkezelő Zártkörűen Működő Részvénytársaság;Artemisz Nemzetközi Tőzsdei Guruk Alapja Részalap;Artemisz Nemzetközi Tőzsdei Guruk Alapja Részalap A sorozat;HU0000733654;NYÍLT VÉGŰ;határozatlan;ÉRTÉKPAPÍRALAP;részvényalap;külföldi;HUF;48,491,445.00;2.5;25;éves;0.03;0.09;;3,256,659.00;1,222,158.00;0.00;155,383.00;66,437.00;1,212,223.00;600,458.00;0.00;0.00;0;2,656,201.00;46.01;2.50;2.52;0.14;5.48
EQUILOR Alapkezelő Zártkörűen Működő Részvénytársaság;EQUILOR Fregatt Származtatott Befektetési Alap;EQUILOR Fregatt Származtatott Befektetési Alap;HU0000711783;NYÍLT VÉGŰ;határozatlan;ÉRTÉKPAPÍRALAP;abszolút hozamú alap;hazai;HUF;1,028,652,830.00;2;25;éves;0.05;0.09;2.5;29,287,246.00;20,558,598.00;6,000,014.00;300,000.00;516,109.00;1,701,547.00;210,978.00;0.00;0.00;0;23,076,254.00;89.09;2.24;2.00;0.05;2.24
EQUILOR Alapkezelő Zártkörűen Működő Részvénytársaság;EQUILOR Hydra Származtatott Befektetési Alap;EQUILOR Hydra Származtatott Befektetési Alap;HU0000719612;NYÍLT VÉGŰ;határozatlan;ÉRTÉKPAPÍRALAP;abszolút hozamú alap;külföldi;HUF;302,595,796.00;1;20;éves;0.06;0.09;1.5;11,812,288.00;6,048,846.00;0.00;300,000.00;271,901.00;1,716,461.00;3,475,080.00;0.00;0.00;0;8,337,208.00;72.55;3.26;2.00;0.09;2.76
EQUILOR Alapkezelő Zártkörűen Működő Részvénytársaság;EQUILOR Ingatlan Trend Befektetési Alap;EQUILOR Ingatlan Trend Befektetési Alap A sorozat;HU0000726823;NYÍLT VÉGŰ;határozatlan;ÉRTÉKPAPÍRALAP;részvényalap;külföldi;HUF;3,026,668,202.00;1;15;éves;0.05;0.09;1.5;93,280,417.00;30,483,411.00;37,336,779.00;224,978.00;1,522,460.00;9,820,161.00;13,892,628.00;0.00;0.00;0;42,051,010.00;72.49;3.62;1.01;0.05;1.39
EQUILOR Alapkezelő Zártkörűen Működő Részvénytársaság;EQUILOR Közép-európai Részvény Befektetési Alap;"EQUILOR Közép-európai Részvény Befektetési Alap ""A"" sorozat";HU0000714746;NYÍLT VÉGŰ;határozatlan;ÉRTÉKPAPÍRALAP;részvényalap;külföldi;HUF;4,216,781,559.00;1;20;éves;0.05;0.09;1.5;123,318,936.00;42,820,834.00;56,418,298.00;291,660.00;2,653,759.00;2,946,205.00;18,188,180.00;0.00;0.00;0;48,712,458.00;87.91;5.45;1.02;0.06;1.16
EQUILOR Alapkezelő Zártkörűen Működő Részvénytársaság;EQUILOR Közép-európai Részvény Befektetési Alap;"EQUILOR Közép-európai Részvény Befektetési Alap ""B"" sorozat";HU0000724877;NYÍLT VÉGŰ;határozatlan;ÉRTÉKPAPÍRALAP;részvényalap;külföldi;EUR;303,214.00;1;20;éves;0.05;0.09;1.5;8,420.95;2,986.00;3,756.95;20.00;185.00;205.00;1,268.00;0.00;0.00;0;3,396.00;87.93;5.45;0.98;0.06;1.12
EQUILOR Alapkezelő Zártkörűen Működő Részvénytársaság;EQUILOR Noé Nemzetközi Részvény Befektetési Alap;EQUILOR Noé Nemzetközi Részvény Befektetési Alap;HU0000714753;NYÍLT VÉGŰ;határozatlan;ÉRTÉKPAPÍRALAP;részvényalap;külföldi;HUF;3,493,683,509.00;1;20;éves;0.05;0.09;1.5;56,961,446.00;35,015,341.00;0.00;300,000.00;1,758,849.00;10,234,385.00;9,652,871.00;0.00;0.00;0;47,308,575.00;74.01;3.72;1.00;0.05;1.35
EQUILOR Alapkezelő Zártkörűen Működő Részvénytársaság;EQUILOR Optimus Befektetési Alapba Fektető Alap;"EQUILOR Optimus Befektetési Alapba Fektető Alap ""B"" sorozat";HU0000724885;NYÍLT VÉGŰ;határozatlan;ÉRTÉKPAPÍRALAP;alapok alapja;hazai;EUR;346.00;0;20;éves;0.04;0.09;0.5;1.00;0.00;0.00;0.00;0.00;1.00;0.00;0.00;0.00;0;1.00;0.00;0.00;0.00;0.00;0.29
EQUILOR Alapkezelő Zártkörűen Működő Részvénytársaság;EQUILOR Optimus Befektetési Alapba Fektető Alap;"EQUILOR Optimus Befektetési Alapba Fektető Alap ""C"" sorozat";HU0000724893;NYÍLT VÉGŰ;határozatlan;ÉRTÉKPAPÍRALAP;alapok alapja;hazai;USD;335.00;0;20;éves;0.04;0.09;0.5;1.00;0.00;0.00;0.00;0.00;1.00;0.00;0.00;0.00;0;1.00;0.00;0.00;0.00;0.00;0.30
EQUILOR Alapkezelő Zártkörűen Működő Részvénytársaság;EQUILOR Optimus Befektetési Alapba Fektető Alap;"EQUILOR Optimus Befektetési Alapba Fektető Alap ""A"" sorozat";HU0000715297;NYÍLT VÉGŰ;határozatlan;ÉRTÉKPAPÍRALAP;alapok alapja;hazai;HUF;1,109,166,904.00;0;20;éves;0.04;0.09;0.5;7,973,446.00;0.00;4,346,365.00;300,000.00;440,544.00;2,779,558.00;106,979.00;0.00;0.00;2.27;3,520,102.00;0.00;12.52;0.00;0.04;2.59
EQUILOR Alapkezelő Zártkörűen Működő Részvénytársaság;EQUILOR Private Wealth Management Származtatott Befektetési Alap;EQUILOR Private Wealth Management Származtatott Befektetési Alap;HU0000711775;NYÍLT VÉGŰ;határozatlan;ÉRTÉKPAPÍRALAP;abszolút hozamú alap;hazai;HUF;2,139,155,663.00;0.5;25;éves;0.04;0.09;1.5;28,243,006.00;10,649,445.00;14,200,922.00;300,000.00;857,492.00;2,045,918.00;189,229.00;0.00;0.00;0;13,852,855.00;76.88;6.19;0.50;0.04;0.65
EQUILOR Alapkezelő Zártkörűen Működő Részvénytársaság;EQUILOR Progresszív Származtatott Befektetési Aalap ;EQUILOR Progresszív Származtatott Befektetési Aalap ;HU0000724836;NYÍLT VÉGŰ;határozatlan;ÉRTÉKPAPÍRALAP;abszolút hozamú alap;külföldi;HUF;436,458,295.00;2;25;éves;0.06;0.09;1.5;27,581,904.00;8,665,161.00;0.00;300,000.00;553,326.00;1,686,344.00;16,377,073.00;0.00;0.00;0;11,204,831.00;77.33;4.94;1.99;0.13;2.57
EQUILOR Alapkezelő Zártkörűen Működő Részvénytársaság;EQUILOR Telekom Trend Befektetési Alap;EQUILOR Telekom Trend Befektetési Alap A sorozat;HU0000730262;NYÍLT VÉGŰ;határozatlan;ÉRTÉKPAPÍRALAP;részvényalap;külföldi;HUF;2,273,590,919.00;1;15;éves;0.05;0.09;1.5;59,599,488.00;22,885,163.00;16,199,874.00;224,978.00;1,283,657.00;3,310,892.00;15,694,924.00;0.00;0.00;0;27,704,690.00;82.60;4.63;1.01;0.06;1.22
EQUILOR Alapkezelő Zártkörűen Működő Részvénytársaság;EWO Euro Kötvény Részalap;EWO Euro Kötvény Részalap;HU0000731179;NYÍLT VÉGŰ;határozatlan;ÉRTÉKPAPÍRALAP;szabad futamidejű kötvényalap;külföldi;EUR;1,083,888.00;1;20;éves;0.04;0.09;;16,475.00;10,619.00;0.00;732.00;392.00;4,628.00;104.00;0.00;0.00;0;16,371.00;64.86;2.39;0.98;0.04;1.51
EQUILOR Alapkezelő Zártkörűen Működő Részvénytársaság;EWO Kötvény Részalap;EWO Kötvény Részalap;HU0000731161;NYÍLT VÉGŰ;határozatlan;ÉRTÉKPAPÍRALAP;kötvényalap;hazai;HUF;779,756,902.00;1;20;éves;0.04;0.09;;10,557,482.00;7,795,090.00;0.00;300,000.00;313,599.00;2,019,172.00;129,621.00;0.00;0.00;0;10,427,861.00;74.75;3.01;1.00;0.04;1.34
EQUILOR Alapkezelő Zártkörűen Működő Részvénytársaság;EWO Részvény Részalap;EWO Részvény Részalap EUR sorozat;HU0000731138;NYÍLT VÉGŰ;határozatlan;ÉRTÉKPAPÍRALAP;részvényalap;külföldi;HUF;386,244.00;1.5;20;éves;0.04;0.09;;4,456.00;1,496.00;0.00;181.00;152.00;1,475.00;1,152.00;0.00;0.00;0.38;3,304.00;45.28;4.60;0.39;0.04;1.24
EQUILOR Alapkezelő Zártkörűen Működő Részvénytársaság;EWO Részvény Részalap;EWO Részvény Részalap HUF sorozat;HU0000731146;NYÍLT VÉGŰ;határozatlan;ÉRTÉKPAPÍRALAP;részvényalap;külföldi;EUR;342,680,100.00;1.5;20;éves;0.04;0.09;;4,068,657.00;1,365,915.00;0.00;165,351.00;138,437.00;1,347,076.00;1,051,878.00;0.00;0.00;0.85;3,016,779.00;45.28;4.59;0.40;0.04;1.73
EQUILOR Alapkezelő Zártkörűen Működő Részvénytársaság;EWO Részvény Részalap;EWO Részvény Részalap USD sorozat;HU0000731153;NYÍLT VÉGŰ;határozatlan;ÉRTÉKPAPÍRALAP;részvényalap;külföldi;USD;342,878.00;1.5;20;éves;0.04;0.09;;3,774.00;1,267.00;0.00;153.00;128.00;1,250.00;976.00;0.00;0.00;0.31;2,798.00;45.28;4.57;0.37;0.04;1.13
EQUILOR Alapkezelő Zártkörűen Működő Részvénytársaság;EWO Származtatott Részalap;EWO Származtatott Részalap HUF sorozat;HU0000731203;NYÍLT VÉGŰ;határozatlan;ÉRTÉKPAPÍRALAP;alapok alapja;külföldi;HUF;1,237,134.00;1.5;20;éves;0.04;0.09;;10,886.00;4,723.00;1,620.00;286.00;486.00;2,163.00;1,608.00;0.00;0.00;0.38;7,658.00;61.67;6.35;0.38;0.04;1.00
EQUILOR Alapkezelő Zártkörűen Működő Részvénytársaság;EWO Származtatott Részalap;EWO Származtatott Részalap EUR sorozat;HU0000731195;NYÍLT VÉGŰ;határozatlan;ÉRTÉKPAPÍRALAP;alapok alapja;külföldi;EUR;599,176,714.00;1.5;20;éves;0.04;0.09;;8,520,046.00;2,357,672.00;3,895,280.00;142,586.00;242,742.00;1,079,459.00;802,307.00;0.00;0.00;0.46;3,822,459.00;61.68;6.35;0.39;0.04;1.10
EQUILOR Alapkezelő Zártkörűen Működő Részvénytársaság;EWO Származtatott Részalap;EWO Származtatott Részalap USD sorozat;HU0000731211;NYÍLT VÉGŰ;határozatlan;ÉRTÉKPAPÍRALAP;alapok alapja;külföldi;USD;463,758.00;1.5;20;éves;0.04;0.09;;3,317.00;1,691.00;0.00;102.00;174.00;775.00;575.00;0.00;0.00;0.13;2,742.00;61.67;6.35;0.36;0.04;0.72
EQUILOR Alapkezelő Zártkörűen Működő Részvénytársaság;MFC EQUITY GENIUS Befektetési Alap ;MFC EQUITY GENIUS Befektetési Alap ;HU0000726237;NYÍLT VÉGŰ;határozatlan;ÉRTÉKPAPÍRALAP;részvényalap;külföldi;USD;1,681,216.00;2;20;éves;0.05;0.09;1.5;40,011.00;31,799.00;0.00;762.00;796.00;5,269.00;1,385.00;0.00;0.00;0;38,626.00;82.33;2.06;1.89;0.05;2.30
EQUILOR Alapkezelő Zártkörűen Működő Részvénytársaság;MFC EQUITY MERCURY Befektetési Alap ;MFC EQUITY MERCURY Befektetési Alap ;HU0000726203;NYÍLT VÉGŰ;határozatlan;ÉRTÉKPAPÍRALAP;részvényalap;külföldi;USD;2,468,730.00;1.5;20;éves;0.05;0.09;1.5;44,740.00;34,695.00;0.00;762.00;1,159.00;5,476.00;2,648.00;0.00;0.00;0;42,092.00;82.43;2.75;1.41;0.05;1.71
EQUILOR Alapkezelő Zártkörűen Működő Részvénytársaság;Porticus Ingatlan Befektetési Alap ;Porticus Ingatlan Befektetési Alap A sorozat;HU0000725510;ZÁRT VÉGŰ;határozott;INGATLANALAP;közvetlen ingatlanokba fektető alap;hazai;HUF;10,540,184,687.00;0.09;0;0;0.05;0.09;;32,584,320.00;16,381,147.00;0.00;0.00;5,299,036.00;8,460,788.00;0.00;0.00;2,443,349.00;0;30,140,971.00;54.35;17.58;0.16;0.05;0.29
EQUILOR Alapkezelő Zártkörűen Működő Részvénytársaság;Porticus Ingatlan Befektetési Alap ;Porticus Ingatlan Befektetési Alap B sorozat;HU0000730106;ZÁRT VÉGŰ;határozott;INGATLANALAP;közvetlen ingatlanokba fektető alap;hazai;HUF;2,399,193,823.00;0.42;0;0;0.05;0.09;;7,416,074.00;3,728,290.00;0.00;0.00;1,206,041.00;1,925,645.00;0.00;0.00;556,098.00;0;6,859,976.00;54.35;17.58;0.16;0.05;0.29
Erste Alapkezelő Zártkörűen Működő Rt.;Erste Arany Alapok Alapja;Erste Arany Alapok Alapja DPM HUF sorozat;HU0000725528;nyílt végű;határozatlan;értékpapíralap;árupiaci alap;külföldi;HUF;65,172,870.00;0.5;0;0;0.08;0.34;0;167,686.00;0.00;0.00;0.00;52,999.00;68,633.00;46,054.00;451,966.00;0.00;0.2;121,632.00;0.00;43.57;0.00;0.08;0.39
Erste Alapkezelő Zártkörűen Működő Rt.;Erste Arany Alapok Alapja;Erste Arany Alapok Alapja DPM USD sorozat;HU0000723598;nyílt végű;határozatlan;értékpapíralap;árupiaci alap;külföldi;USD;226,553,957.00;0.5;0;0;0.08;0.34;0;1,264,077.00;682,322.00;0.00;0.00;184,225.00;238,347.00;159,183.00;156,213.00;0.00;0.2;1,104,894.00;61.75;16.67;0.30;0.08;0.69
Erste Alapkezelő Zártkörűen Működő Rt.;Erste Arany Alapok Alapja;Erste Arany Alapok Alapja HUF sorozat;HU0000723572;nyílt végű;határozatlan;értékpapíralap;árupiaci alap;külföldi;HUF;8,431,993,734.00;1;0;0;0.08;0.34;0;90,115,936.00;16,404,798.00;0.00;51,948,528.00;6,856,587.00;8,892,767.00;6,013,256.00;5,901,331.00;0.00;0.2;84,102,680.00;19.51;8.15;0.19;0.08;1.20
Erste Alapkezelő Zártkörűen Működő Rt.;Erste Arany Alapok Alapja;Erste Arany Alapok Alapja DPM EUR sorozat;HU0000723580;nyílt végű;határozatlan;értékpapíralap;árupiaci alap;külföldi;EUR;320,091,928.00;0.5;0;0;0.08;0.34;0;1,791,907.00;968,253.00;0.00;0.00;260,291.00;337,094.00;226,269.00;222,051.00;0.00;0.2;1,565,638.00;61.84;16.63;0.30;0.08;0.69
Erste Alapkezelő Zártkörűen Működő Rt.;Erste Dollár Duett Alapok Alapja;Erste Dollár Duett Alapok Alapja;HU0000717533;nyílt végű;határozatlan;értékpapíralap;alapok alapja;hazai;USD;80,816,986,593.00;0.5;0;0;0.08;0.34;0;502,779,032.00;96,995,568.00;0.00;307,152,648.00;64,663,710.00;33,906,602.00;60,504.00;0.00;0.00;1.84;502,718,528.00;19.29;12.86;0.12;0.08;2.46
Erste Alapkezelő Zártkörűen Működő Rt.;Erste DPM Globális Részvény Alapok Alapja;Erste DPM Globális Részvény Alapok Alapja;HU0000708631;nyílt végű;határozatlan;értékpapíralap;részvényalap;külföldi;HUF;2,214,741,543.00;2;0;0;0.08;0.34;0;12,652,138.00;6,655,579.00;0.00;0.00;1,774,820.00;3,853,822.00;367,917.00;0.00;0.00;0.94;12,284,221.00;54.18;14.45;0.30;0.08;1.49
Erste Alapkezelő Zártkörűen Működő Rt.;Erste DPM Megatrend Alapok Alapja;Erste DPM Megatrend Alapok Alapja EUR sorozat;HU0000723432;nyílt végű;határozatlan;értékpapíralap;részvényalap;külföldi;EUR;1,385,679,132.00;0.5;0;0;0.08;0.34;0;8,184,725.00;4,165,938.00;0.00;0.00;971,180.00;2,131,024.00;916,583.00;273,636.00;0.00;0.33;7,268,142.00;57.32;13.36;0.30;0.07;0.85
Erste Alapkezelő Zártkörűen Működő Rt.;Erste DPM Megatrend Alapok Alapja;Erste DPM Megatrend Alapok Alapja HUF sorozat;HU0000708649;nyílt végű;határozatlan;értékpapíralap;részvényalap;külföldi;HUF;650,759,126.00;0.5;0;0;0.08;0.34;0;3,840,700.00;1,953,819.00;0.00;0.00;456,097.00;1,000,348.00;430,436.00;128,364.00;0.00;0.33;3,410,264.00;57.29;13.37;0.30;0.07;0.85
Erste Alapkezelő Zártkörűen Működő Rt.;Erste DPM Megatrend Alapok Alapja;Erste DPM Megatrend Alapok Alapja USD sorozat;HU0000723440;nyílt végű;határozatlan;értékpapíralap;részvényalap;külföldi;USD;829,685,562.00;0.5;0;0;0.08;0.34;0;4,906,530.00;2,499,013.00;0.00;0.00;581,501.00;1,277,152.00;548,864.00;164,224.00;0.00;0.33;4,357,666.00;57.35;13.34;0.30;0.07;0.86
Erste Alapkezelő Zártkörűen Működő Rt.;Erste DPM Nyíltvégű Alternatív Alapok Alapja;Erste DPM Nyíltvégű Alternatív Alapok Alapja ;HU0000705314;nyílt végű;határozatlan;értékpapíralap;abszolút hozamú alap;külföldi;HUF;1,009,569,911.00;2;0;0;0.08;0.34;0;6,439,444.00;3,032,384.00;0.00;0.00;808,636.00;2,563,374.00;35,050.00;0.00;0.00;1.25;6,404,394.00;47.35;12.63;0.30;0.08;1.88
Erste Alapkezelő Zártkörűen Működő Rt.;Erste DPM Nyíltvégű Nemzetközi Kötvény Alapok alapja;Erste DPM Nyíltvégű Nemzetközi Kötvény Alapok Alapja;HU0000711692;nyílt végű;határozatlan;értékpapíralap;hosszú kötvényalap;külföldi;HUF;3,689,934,250.00;2;0;0;0.08;0.34;0;19,225,300.00;11,096,727.00;0.00;0.00;2,959,128.00;5,147,391.00;22,054.00;0.00;0.00;0.26;19,203,246.00;57.79;15.41;0.30;0.08;0.78
Erste Alapkezelő Zártkörűen Működő Rt.;Erste Duett Alapok Alapja;Erste Duett Alapok Alapja ;HU0000703830;nyílt végű;határozatlan;értékpapíralap;alapok alapja;hazai;HUF;387,871,562,515.00;2;0;0;0.08;0.34;0;1,590,108,831.00;279,145,026.00;0.00;883,959,248.00;271,390,997.00;155,572,234.00;41,326.00;0.00;0.00;1.31;1,590,067,505.00;17.56;17.07;0.07;0.07;1.72
Erste Alapkezelő Zártkörűen Működő Rt.;Erste Emerging Markets Stock Cost Averaging Alapok Alapja;Erste Emerging Markets Stock Cost Averaging Alapok Alapja;HU0000732011;nyílt végű;határozatlan;értékpapíralap;részvényalap;külföldi;HUF;2,983,745,564.00;2;0;0;0.08;0.34;0;37,754,808.00;7,486,992.00;0.00;23,708,808.00;2,386,553.00;4,167,865.00;4,590.00;0.00;0.00;1.34;37,750,218.00;19.83;6.32;0.25;0.08;2.61
Erste Alapkezelő Zártkörűen Működő Rt.;Erste ESG Stock Cost Averaging Alapok Alapja;Erste ESG Stock Cost Averaging Alapok Alapja;HU0000726674;nyílt végű;határozatlan;értékpapíralap;részvényalap;külföldi;HUF;13,815,491,076.00;2;0;0;0.08;0.34;0;195,159,139.00;39,918,066.00;0.00;126,407,204.00;11,088,351.00;14,185,198.00;3,560,320.00;732,029.00;0.00;0.67;191,598,819.00;20.83;5.79;0.29;0.08;2.06
Erste Alapkezelő Zártkörűen Működő Rt.;Erste ESG Stock Cost Averaging EUR Alapok Alapja;Erste ESG Stock Cost Averaging EUR Alapok Alapja;HU0000727268;nyílt végű;határozatlan;értékpapíralap;részvényalap;külföldi;EUR;6,458,974,597.00;2;0;0;0.08;0.34;0;92,654,799.00;18,681,576.00;0.00;59,158,316.00;5,189,324.00;7,763,754.00;1,861,829.00;561,923.00;0.00;0.68;90,792,970.00;20.58;5.72;0.29;0.08;2.09
Erste Alapkezelő Zártkörűen Működő Rt.;Erste ESG Stock Cost Averaging USD Alapok Alapja;Erste ESG Stock Cost Averaging USD Alapok Alapja;HU0000727276;nyílt végű;határozatlan;értékpapíralap;részvényalap;külföldi;USD;6,138,570,824.00;2;0;0;0.08;0.34;0;87,739,486.00;17,708,643.00;0.00;56,069,261.00;4,919,071.00;7,532,843.00;1,509,668.00;514,140.00;0.00;0.69;86,229,818.00;20.54;5.70;0.29;0.08;2.09
Erste Alapkezelő Zártkörűen Működő Rt.;Erste Euro Ingatlan Befektetési Alap;Erste Nyíltvégű Euro Ingatlan Befektetési Alap T180 sorozat;HU0000722442;nyílt végű;határozatlan;ingatlanalap;ingatlanalap;hazai;EUR;22,342,247,016.00;2;0;0;0.15;0.84;0;459,050,814.00;93,908,408.00;0.00;219,970,126.00;32,470,191.00;112,686,166.00;4,245.00;0.00;11,678.00;0;459,034,891.00;20.46;7.07;0.42;0.15;2.05
Erste Alapkezelő Zártkörűen Működő Rt.;Erste Euro Ingatlan Befektetési Alap;Erste Nyíltvégű Euro Ingatlan Befektetési Alap T sorozat;HU0000707740;nyílt végű;határozatlan;ingatlanalap;ingatlanalap;hazai;EUR;170,028,755,432.00;2;0;0;0.15;0.84;0;3,493,464,137.00;714,660,870.00;0.00;1,674,014,559.00;247,104,339.00;857,563,191.00;32,306.00;0.00;88,872.00;0;3,493,342,959.00;20.46;7.07;0.42;0.15;2.05
Erste Alapkezelő Zártkörűen Működő Rt.;Erste Kamatoptimum Nyíltvégű Kötvény Befektetési Alap;Erste Kamatoptimum Nyíltvégű Kötvény Befektetési Alap;HU0000708243;nyílt végű;határozatlan;értékpapíralap;kötvényalap;hazai;HUF;172,343,695,263.00;1.5;0;0;0.08;0.34;0;2,966,083,534.00;622,094,290.00;0.00;1,969,965,246.00;138,243,175.00;233,831,537.00;1,949,286.00;0.00;0.00;0;2,964,134,248.00;20.99;4.66;0.36;0.08;1.72
Erste Alapkezelő Zártkörűen Működő Rt.;Erste Local Strategy Abszolút Hozamú Alap;Erste Local Strategy Abszolút Hozamú Alap;HU0000705306;nyílt végű;határozatlan;értékpapíralap;abszolút hozamú alap;hazai;HUF;2,421,294,106.00;2;0;0;0.08;0.34;0;8,869,745.00;0.00;0.00;0.00;1,941,023.00;4,182,933.00;2,745,789.00;0.00;0.00;0;6,123,956.00;0.00;31.70;0.00;0.08;0.25
Erste Alapkezelő Zártkörűen Működő Rt.;Erste Magyar Kötvény Befektetési Alap;Erste Magyar Kötvény Befektetési Alap;HU0000733589;nyílt végű;határozatlan;értékpapíralap;kötvényalap;hazai;HUF;1,531,277,909.00;2;0;0;0.08;0.34;0;27,529,923.00;5,530,826.00;0.00;17,514,285.00;1,229,073.00;3,253,239.00;2,500.00;0.00;0.00;0;27,527,423.00;20.09;4.46;0.36;0.08;1.80
Erste Alapkezelő Zártkörűen Működő Rt.;Erste Megatrend Cost Averaging Alapok Alapja;Erste Megatrend Cost Averaging Alapok Alapja;HU0000726070;nyílt végű;határozatlan;értékpapíralap;részvényalap;külföldi;HUF;1,244,100,535.00;2;0;0;0.08;0.34;0;18,803,767.00;3,582,025.00;0.00;11,343,079.00;995,006.00;2,865,324.00;18,333.00;0.00;0.00;1.22;18,785,434.00;19.07;5.30;0.29;0.08;2.73
Erste Alapkezelő Zártkörűen Működő Rt.;Erste Megtakarítási Alapok Alapja;Erste Megtakarítási Alapok Alapja ;HU0000704507;nyílt végű;határozatlan;értékpapíralap;alapok alapja;hazai;HUF;127,063,795,232.00;1;0;0;0.08;0.34;0;535,632,096.00;91,616,893.00;0.00;290,120,169.00;101,796,549.00;52,070,843.00;27,642.00;0.00;0.00;1.66;535,604,454.00;17.11;19.01;0.07;0.08;2.08
Erste Alapkezelő Zártkörűen Működő Rt.;Erste Multi Asset Balanced Vegyes Értékpapíralap;Erste Multi Asset Balanced Vegyes Értékpapíralap;HU0000720529;nyílt végű;határozatlan;értékpapíralap;vegíes értékpapíralap;külföldi;HUF;11,245,837,338.00;1.5;0;0;0.08;0.34;0;133,756,633.00;27,110,945.00;0.00;85,851,327.00;9,036,982.00;10,557,759.00;1,199,620.00;0.00;0.00;0;132,557,013.00;20.45;6.82;0.24;0.08;1.18
Erste Alapkezelő Zártkörűen Működő Rt.;Erste Multi Asset Base Alapok Alapja;Erste Multi Asset Base Alapok Alapja;HU0000709993;nyílt végű;határozatlan;értékpapíralap;alapok alapja;külföldi;HUF;14,237,811,093.00;2;0;0;0.08;0.34;0;130,095,366.00;25,788,090.00;0.00;81,662,285.00;11,461,373.00;11,082,612.00;101,006.00;0.00;0.00;0.52;129,994,360.00;19.84;8.82;0.18;0.08;1.43
Erste Alapkezelő Zártkörűen Működő Rt.;Erste Multi Asset Diversified Vegyes Alapok Alapja;Erste Multi Asset Diversified Vegyes Alapok Alapja;HU0000722301;nyílt végű;határozatlan;értékpapíralap;alapok alapja;külföldi;HUF;23,296,015,433.00;1.5;0;0;0.08;0.34;0;274,552,374.00;56,366,207.00;0.00;178,492,988.00;18,788,735.00;19,527,093.00;1,377,351.00;0.00;0.00;0;273,175,023.00;20.63;6.88;0.24;0.08;1.17
Erste Alapkezelő Zártkörűen Működő Rt.;Erste Multi Asset ESG Active Alapok Alapja;Erste Multi Asset ESG Active Alapok Alapja;HU0000709985;nyílt végű;határozatlan;értékpapíralap;kiegyensúlyozott vegyes alap;külföldi;HUF;1,779,875,986.00;2;0;0;0.08;0.34;0;22,829,608.00;4,282,966.00;0.00;13,562,719.00;1,427,656.00;3,471,294.00;84,973.00;16,414.00;0.00;0.59;22,744,635.00;18.83;6.28;0.24;0.08;1.87
Erste Alapkezelő Zártkörűen Működő Rt.;Erste Multi Asset ESG Active EUR Alapok Alapja;Erste Multi Asset ESG Active EUR Alapok Alapja;HU0000730064;nyílt végű;határozatlan;értékpapíralap;kiegyensúlyozott vegyes alap;külföldi;EUR;2,640,148,311.00;2;0;0;0.08;0.34;0;6,484,035.00;0.00;0.00;0.00;2,123,540.00;3,982,129.00;378,366.00;31,692.00;0.00;0.58;6,105,669.00;0.00;34.78;0.00;0.08;0.81
Erste Alapkezelő Zártkörűen Működő Rt.;Erste Multi Asset Growth Vegyes Értékpapíralap;Erste Multi Asset Growth Vegyes Értékpapíralap;HU0000708656;nyílt végű;határozatlan;értékpapíralap;vegíes értékpapíralap;külföldi;HUF;33,072,438,082.00;2;0;0;0.08;0.34;0;394,533,222.00;79,563,409.00;0.00;251,950,791.00;26,521,136.00;29,866,724.00;6,631,162.00;0.00;0.00;0.42;387,902,060.00;20.51;6.84;0.24;0.08;1.59
Erste Alapkezelő Zártkörűen Működő Rt.;Erste Nyíltvégű Abszolút Hozamú Kötvényalap;Erste Nyíltvégű Abszolút Hozamú Kötvényalap;HU0000710694;nyílt végű;határozatlan;értékpapíralap;abszolút hozamú alap;hazai;HUF;97,379,644,919.00;2;0;0;0.08;0.34;0;1,679,469,446.00;350,648,232.00;0.00;1,110,386,068.00;77,902,816.00;135,678,076.00;4,854,254.00;0.00;0.00;0;1,674,615,192.00;20.94;4.65;0.36;0.08;1.72
Erste Alapkezelő Zártkörűen Működő Rt.;Erste Nyíltvégű Abszolút Hozamú Kötvényalap;Erste Nyíltvégű Abszolút Hozamú Kötvényalap D;HU0000719539;nyílt végű;határozatlan;értékpapíralap;abszolút hozamú alap;hazai;HUF;2,222,481,763.00;1;0;0;0.08;0.34;0;15,024,110.00;10,027,829.00;0.00;0.00;1,777,998.00;3,107,493.00;110,790.00;0.00;0.00;0;14,913,320.00;67.24;11.92;0.45;0.08;0.67
Erste Alapkezelő Zártkörűen Működő Rt.;Erste Nyíltvégű Bázis Kötvény Befektetési Alap;Erste Nyíltvégű Bázis Kötvény Befektetési Alap;HU0000702006;nyílt végű;határozatlan;értékpapíralap;kötvényalap;hazai;HUF;299,677,711,400.00;1.5;0;0;0.08;0.34;0;4,222,564,422.00;900,162,095.00;0.00;2,850,513,301.00;210,037,821.00;260,484,598.00;1,366,607.00;0.00;0.00;0.02;4,221,197,815.00;21.32;4.98;0.30;0.07;1.43
Erste Alapkezelő Zártkörűen Működő Rt.;Erste Nyíltvégű Dollár Abszolút Hozamú Kötvény Befektetési Alap;Erste Nyíltvégű Dollár Abszolút Hozamú Kötvény Alap;HU0000717525;nyílt végű;határozatlan;értékpapíralap;szabad futamidejű kötvényalap;hazai;USD;5,974,387,905.00;1;0;0;0.08;0.34;0;75,395,081.00;14,369,557.00;0.00;45,503,576.00;4,786,487.00;10,685,993.00;49,468.00;0.00;0.00;0;75,345,613.00;19.07;6.35;0.24;0.08;1.26
Erste Alapkezelő Zártkörűen Működő Rt.;Erste Nyíltvégű Dollár Abszolút Hozamú Kötvény Befektetési Alap;Erste Nyíltvégű Dollár Abszolút Hozamú Kötvény Alap D;HU0000719562;nyílt végű;határozatlan;értékpapíralap;szabad futamidejű kötvényalap;hazai;USD;2,447,146,528.00;0.5;0;0;0.08;0.34;0;13,695,020.00;7,347,516.00;0.00;0.00;1,960,573.00;4,366,669.00;20,262.00;0.00;0.00;0;13,674,758.00;53.73;14.34;0.30;0.08;0.56
Erste Alapkezelő Zártkörűen Működő Rt.;Erste Nyíltvégű Dollár Bázis Befektetési Alap;Erste Nyíltvégű Dollár Bázis Befektetési Alap;HU0000705991;nyílt végű;határozatlan;értékpapíralap;rövid kötvényalap;hazai;USD;70,575,815,488.00;1;0;0;0.08;0.34;0;648,739,923.00;126,892,003.00;0.00;401,824,685.00;56,396,445.00;63,575,638.00;51,152.00;0.00;0.00;0.05;648,688,771.00;19.56;8.69;0.18;0.08;0.97
Erste Alapkezelő Zártkörűen Működő Rt.;Erste Nyíltvégű Euró Abszolút Hozamú Kötvény Befektetési Alap;Erste Nyíltvégű Euró Abszolút Hozamú Kötvény Befektetési Alap;HU0000728159;nyílt végű;határozatlan;értékpapíralap;szabad futamidejű kötvényalap;hazai;EUR;26,788,783,700.00;2;0;0;0.08;0.34;0;280,123,937.00;48,273,958.00;0.00;152,867,523.00;21,455,097.00;55,874,114.00;1,653,245.00;0.00;0.00;0;278,470,692.00;17.34;7.70;0.18;0.08;1.04
Erste Alapkezelő Zártkörűen Működő Rt.;Erste Nyíltvégű Euro Bázis Befektetési Alap;Erste Nyíltvégű Euro Bázis Befektetési Alap;HU0000706007;nyílt végű;határozatlan;értékpapíralap;rövid kötvényalap;hazai;EUR;315,837,604,184.00;1;0;0;0.08;0.34;0;2,898,180,388.00;567,801,084.00;0.00;1,798,036,759.00;252,356,029.00;278,238,306.00;1,748,210.00;1,695,480.00;0.00;0.03;2,896,432,178.00;19.60;8.71;0.18;0.08;0.95
Erste Alapkezelő Zártkörűen Működő Rt.;Erste Nyíltvégű Ingatlan Befektetési Alap;Erste Nyíltvégű Ingatlan Befektetési Alap T 180 sorozat;HU0000722434;nyílt végű;határozatlan;ingatlanalap;ingatlanalap;hazai;HUF;16,992,356,963.00;2;0;0;0.15;0.84;0;364,934,891.00;72,580,371.00;0.00;173,960,387.00;25,483,873.00;92,433,590.00;56,080.00;0.00;420,590.00;0;364,458,221.00;19.91;6.99;0.43;0.15;2.14
Erste Alapkezelő Zártkörűen Működő Rt.;Erste Nyíltvégű Ingatlan Befektetési Alap;Erste Nyíltvégű Ingatlan Befektetési Alap T sorozat;HU0000703160;nyílt végű;határozatlan;ingatlanalap;ingatlanalap;hazai;HUF;693,139,317,542.00;2;0;0;0.15;0.84;0;14,886,146,893.00;2,960,643,368.00;0.00;7,096,059,963.00;1,039,518,780.00;3,770,480,819.00;2,287,591.00;0.00;17,156,372.00;0;14,866,702,930.00;19.91;6.99;0.43;0.15;2.14
Erste Alapkezelő Zártkörűen Működő Rt.;Erste Nyíltvégű Ingatlan Befektetési Alap;Erste Nyíltvégű Ingatlan Befektetési Alap M 180 sorozat;HU0000732490;nyílt végű;határozatlan;ingatlanalap;ingatlanalap;hazai;HUF;32,139,087,488.00;2;0;0;0.15;0.84;0;520,979,875.00;155,157,470.00;0.00;141,893,528.00;48,199,812.00;174,827,498.00;106,070.00;0.00;795,497.00;0;520,078,308.00;29.83;9.27;0.48;0.15;1.62
Erste Alapkezelő Zártkörűen Működő Rt.;Erste Nyíltvégű XL Kötvény Befektetési Alap;Erste Nyíltvégű XL Kötvény Befektetési Alap D;HU0000719521;nyílt végű;határozatlan;értékpapíralap;kötvényalap;hazai;HUF;1,261,672,371.00;0.75;0;0;0.08;0.34;0;8,115,874.00;5,667,178.00;0.00;0.00;1,009,261.00;1,435,382.00;4,053.00;0.00;0.00;0;8,111,821.00;69.86;12.44;0.45;0.08;0.64
Erste Alapkezelő Zártkörűen Működő Rt.;Erste Nyíltvégű XL Kötvény Befektetési Alap;Erste Nyíltvégű XL Kötvény Befektetési Alap;HU0000707716;nyílt végű;határozatlan;értékpapíralap;kötvényalap;hazai;HUF;7,710,934,958.00;1.5;0;0;0.08;0.34;0;130,639,405.00;27,762,116.00;0.00;87,913,369.00;6,168,265.00;8,770,887.00;24,768.00;0.00;0.00;0;130,614,637.00;21.25;4.72;0.36;0.08;1.69
Erste Alapkezelő Zártkörűen Működő Rt.;Erste Real Assets EUR Alapok Alapja;Erste Real Assets EUR Alapok Alapja;HU0000714191;nyílt végű;határozatlan;értékpapíralap;kiegyensúlyozott vegyes alap;külföldi;EUR;1,378,597,621.00;1.5;0;0;0.08;0.34;0;20,787,241.00;3,970,967.00;0.00;12,574,709.00;965,167.00;3,154,306.00;122,092.00;53,446.00;0.00;0.72;20,665,149.00;19.22;4.67;0.29;0.07;2.22
Erste Alapkezelő Zártkörűen Működő Rt.;Erste Real Assets HUF Alapok Alapja;Erste Real Assets HUF Alapok Alapja;HU0000727821;nyílt végű;határozatlan;értékpapíralap;kiegyensúlyozott vegyes alap;külföldi;HUF;2,946,859,553.00;1.5;0;0;0.08;0.34;0;42,127,450.00;8,494,427.00;0.00;26,899,019.00;2,359,564.00;4,263,848.00;110,592.00;78,837.00;0.00;0.24;42,016,858.00;20.22;5.62;0.29;0.08;1.67
Erste Alapkezelő Zártkörűen Működő Rt.;Erste Real Assets USD Alapok Alapja;Erste Real Assets USD Alapok Alapja;HU0000722012;nyílt végű;határozatlan;értékpapíralap;kiegyensúlyozott vegyes alap;külföldi;USD;1,581,794,583.00;1.5;0;0;0.08;0.34;0;23,851,460.00;4,554,889.00;0.00;14,423,830.00;1,265,251.00;3,416,083.00;191,407.00;78,783.00;0.00;0.67;23,660,053.00;19.25;5.35;0.29;0.08;2.17
Erste Alapkezelő Zártkörűen Működő Rt.;Erste Stock Cost Averaging 3 Részvény Alapok Alapja;Erste Stock Cost Averaging 3 Részvény Alapok Alapja;HU0000733522;nyílt végű;határozatlan;értékpapíralap;alapok alapja;külföldi;HUF;2,642,512,380.00;2;0;0;0.08;0.34;0;27,921,885.00;5,462,672.00;0.00;17,298,457.00;1,997,746.00;3,157,724.00;5,286.00;0.00;0.00;0.84;27,916,599.00;19.57;7.16;0.21;0.08;1.90
Erste Alapkezelő Zártkörűen Működő Rt.;Erste Stock Cost Averaging EUR 2 Alapok Alapja;Erste Stock Cost Averaging EUR 2 Alapok Alapja;HU0000733530;nyílt végű;határozatlan;értékpapíralap;részvényalap;külföldi;EUR;2,503,700,554.00;2;0;0;0.08;0.34;0;25,904,570.00;4,941,213.00;0.00;15,662,788.00;1,897,996.00;3,395,667.00;6,906.00;0.00;0.00;1.06;25,897,664.00;19.08;7.33;0.20;0.08;2.09
Erste Alapkezelő Zártkörűen Működő Rt.;Erste Stock Cost Averaging USD 2 Alapok Alapja;Erste Stock Cost Averaging USD 2 Alapok Alapja;HU0000733548;nyílt végű;határozatlan;értékpapíralap;részvényalap;külföldi;USD;1,322,914,176.00;2;0;0;0.08;0.34;0;13,491,486.00;2,658,489.00;0.00;7,299,171.00;1,001,695.00;2,524,759.00;7,372.00;0.00;0.00;1.01;13,484,114.00;19.72;7.43;0.20;0.08;2.03
Erste Alapkezelő Zártkörűen Működő Rt.;Erste Stock Global HUF Alapok Alapja;Erste Stock Global HUF Alapok Alapja;HU0000712492;nyílt végű;határozatlan;értékpapíralap;részvényalap;külföldi;HUF;12,536,394,726.00;3;0;0;0.07;0.34;0;249,013,968.00;54,231,567.00;0.00;171,733,292.00;8,787,523.00;13,435,902.00;825,684.00;0.00;0.00;0.65;248,188,284.00;21.85;3.54;0.43;0.07;2.63
Erste Alapkezelő Zártkörűen Működő Rt.;Erste Stock Hungary Indexkövető Befektetési Alap;Erste Stock Hungary Indexkövető Befektetési Alap A sorozat;HU0000704200;nyílt végű;határozatlan;értékpapíralap;indexkövető alap;hazai;HUF;11,606,883,433.00;1;0;0;0.08;0.84;0;125,709,598.00;22,339,020.00;0.00;70,740,234.00;9,296,913.00;11,871,313.00;11,462,118.00;0.00;0.00;0;114,247,480.00;19.55;8.14;0.19;0.08;0.98
Erste Alapkezelő Zártkörűen Működő Rt.;Erste Stock Hungary Indexkövető Befektetési Alap;Erste Stock Hungary Indexkövető Befektetési Alap D sorozat;HU0000723457;nyílt végű;határozatlan;értékpapíralap;indexkövető alap;hazai;HUF;30,383,137.00;0.5;0;0;0.08;0.84;0;85,500.00;0.00;0.00;0.00;24,338.00;31,156.00;30,006.00;0.00;0.00;0;55,494.00;0.00;43.86;0.00;0.08;0.18
Eurizon Asset Management Hungary Zártkörűen Működő Részvénytársaság;Eurizon 30 Tőkevédett Származtatott Részalap;Eurizon 30 Tőkevédett Származtatott Részalap;HU0000731328;nyílt végű;határozott;értékpapíralap;származtatott alap;külföldi;HUF;12,902,608,576.00;2.5;;;0.2;;;121,474,941.00;28,726,267.00;;73,844,856.00;5,176,170.00;13,727,508.00;140.00;;;0;121,474,801.00;23.65;4.26;0.22;0.04;0.94
Eurizon Asset Management Hungary Zártkörűen Működő Részvénytársaság;Eurizon Arany Alapok Részalapja;Eurizon Arany Alapok Részalapja;HU0000719133;nyílt végű;határozatlan;értékpapíralap;árupiaci alap;külföldi;HUF;5,167,897,578.00;2.5;;;0.2;;;93,270,125.00;23,291,895.00;;59,772,761.00;2,081,636.00;7,072,260.00;1,051,573.00;1,051,433.00;;0.28;92,218,552.00;25.26;2.26;0.45;0.04;2.06
Eurizon Asset Management Hungary Zártkörűen Működő Részvénytársaság;Eurizon Balance Vegyes Alapok Részalapja;Eurizon Balance Vegyes Alapok Részalapja;HU0000714258;nyílt végű;határozatlan;értékpapíralap;kiegyensúlyozott vegyes alap;külföldi;HUF;5,007,558,091.00;2.5;20;egyéb;0.2;;;83,922,183.00;19,767,124.00;;50,167,262.00;2,018,689.00;6,941,355.00;5,027,753.00;876,058.00;;0.04;78,894,430.00;25.06;2.56;0.39;0.04;1.62
Eurizon Asset Management Hungary Zártkörűen Működő Részvénytársaság;Eurizon Dollár Kiegyensúlyozott Private Banking Vagyon Vegyes Alapok Részalapja;Eurizon Dollár Kiegyensúlyozott Private Banking Vagyon Vegyes Alapok Részalapja;HU0000728027;nyílt végű;határozatlan;értékpapíralap;kiegyensúlyozott vegyes alap;külföldi;USD;1,593,618,232.00;2.5;;;0.2;;;22,508,278.00;4,518,099.00;;11,709,690.00;652,219.00;4,827,129.00;801,141.00;;;0;21,707,137.00;20.81;3.00;0.28;0.04;1.36
Eurizon Asset Management Hungary Zártkörűen Működő Részvénytársaság;Eurizon Dollár Start Tőkevédett Részalap;Eurizon Dollár Start Tőkevédett Részalap;HU0000717566;nyílt végű;határozatlan;értékpapíralap;tőkevédett alap;külföldi;USD;32,740,558,918.00;2.5;;;0.2;;;325,016,819.00;78,393,553.00;;201,949,890.00;13,350,055.00;31,322,629.00;692.00;;;0;325,016,127.00;24.12;4.11;0.24;0.04;0.99
Eurizon Asset Management Hungary Zártkörűen Működő Részvénytársaság;Eurizon ESG Talentum Total Return Alapok Részalapja;Eurizon ESG Talentum Total Return Alapok Részalapja;HU0000718325;nyílt végű;határozatlan;értékpapíralap;abszolút hozamú alap;külföldi;HUF;5,981,885,854.00;2.5;;;0.2;;;95,876,713.00;23,497,437.00;;60,370,074.00;2,402,659.00;8,067,940.00;1,538,603.00;;;0;94,338,110.00;24.91;2.55;0.39;0.04;1.58
Eurizon Asset Management Hungary Zártkörűen Működő Részvénytársaság;Eurizon Euró Balance Vegyes Alapok Részalapja;Eurizon Euró Balance Vegyes Alapok Részalapja;HU0000714944;nyílt végű;határozatlan;értékpapíralap;kiegyensúlyozott vegyes alap;külföldi;EUR;3,768,199,053.00;2.5;20;egyéb;0.2;;;64,909,584.00;14,925,889.00;;38,555,670.00;1,533,758.00;6,222,293.00;3,671,974.00;671,145.00;;0.06;61,237,610.00;24.37;2.50;0.40;0.04;1.69
Eurizon Asset Management Hungary Zártkörűen Működő Részvénytársaság;Eurizon Euró ESG Talentum Total Return Alapok Részalapja;Eurizon Euró ESG Talentum Total Return Alapok Részalapja;HU0000718754;nyílt végű;határozatlan;értékpapíralap;abszolút hozamú alap;külföldi;EUR;2,904,945,774.00;2.5;;;0.2;;;48,491,056.00;11,443,024.00;;29,612,131.00;1,178,421.00;5,524,764.00;732,716.00;;;0;47,758,340.00;23.96;2.47;0.39;0.04;1.64
Eurizon Asset Management Hungary Zártkörűen Működő Részvénytársaság;Eurizon Euró Reflex Vegyes Alapok Részalapja;Eurizon Euró Reflex Vegyes Alapok Részalapja;HU0000719331;nyílt végű;határozatlan;értékpapíralap;dinamikus vegyes alap;külföldi;EUR;3,054,253,452.00;2.5;;;0.2;;;49,952,796.00;12,041,753.00;;31,146,015.00;1,239,314.00;5,525,046.00;668.00;;;1.16;49,952,128.00;24.11;2.48;0.39;0.04;2.80
Eurizon Asset Management Hungary Zártkörűen Működő Részvénytársaság;Eurizon Euró Relax Vegyes Részalap;Eurizon Euró Relax Vegyes Részalap;HU0000715149;nyílt végű;határozatlan;értékpapíralap;kötvénytúlsúlyos vegyes alap;hazai;EUR;10,695,929,739.00;2.5;;;0.2;;;105,342,526.00;24,170,534.00;;62,424,935.00;4,349,689.00;12,147,106.00;2,250,262.00;;;0;103,092,264.00;23.45;4.22;0.23;0.04;0.96
Eurizon Asset Management Hungary Zártkörűen Működő Részvénytársaság;Eurizon Euró Start Tőkevédett Részalap;Eurizon Euró Start Tőkevédett Részalap;HU0000703764;nyílt végű;határozatlan;értékpapíralap;tőkevédett alap;külföldi;EUR;161,514,617,870.00;2.5;;;0.2;;;1,542,541,567.00;376,429,909.00;;960,178,776.00;65,537,864.00;140,393,645.00;1,373.00;;;0;1,542,540,194.00;24.40;4.25;0.23;0.04;0.96
Eurizon Asset Management Hungary Zártkörűen Működő Részvénytársaság;Eurizon Európai Csillagok Tőkevédett Származtatott Részalap;Eurizon Európai Csillagok Tőkevédett Származtatott Részalap;HU0000731708;nyílt végű;határozott;értékpapíralap;származtatott alap;külföldi;HUF;3,902,904,325.00;2.5;;;0.2;;;100,880,346.00;26,238,576.00;;67,438,415.00;1,565,693.00;5,637,522.00;140.00;;;0;100,880,206.00;26.01;1.55;0.67;0.04;2.58
Eurizon Asset Management Hungary Zártkörűen Működő Részvénytársaság;Eurizon Európai Részvény Alapok Részalapja;"Eurizon Európai Részvény Alapok Részalapja EUR-A"" sorozatjelű befektetési jegy";HU0000730718;nyílt végű;határozatlan;értékpapíralap;részvényalap;külföldi;EUR;1,616,282,873.00;2.5;;;0.2;;;31,733,741.00;8,185,804.00;;21,023,269.00;649,957.00;1,872,025.00;2,686.00;;;0;31,731,055.00;25.80;2.05;0.51;0.04;1.96
Eurizon Asset Management Hungary Zártkörűen Működő Részvénytársaság;Eurizon Európai Részvény Alapok Részalapja;"Eurizon Európai Részvény Alapok Részalapja HUF-A"" sorozatjelű befektetési jegy";HU0000719588;nyílt végű;határozatlan;értékpapíralap;részvényalap;külföldi;HUF;4,636,867,819.00;2.5;;;0.2;;;96,429,251.00;23,420,160.00;;60,163,381.00;1,861,752.00;5,349,754.00;5,634,204.00;;;0;90,795,047.00;25.79;2.05;0.51;0.04;1.96
Eurizon Asset Management Hungary Zártkörűen Működő Részvénytársaság;Eurizon Fejlett Részvénypiaci Alapok Részalapja;"Eurizon Fejlett Részvénypiaci Alapok Részalapja ""HUF-A"" sorozatjelű befektetési jegy";HU0000702584;nyílt végű;határozatlan;értékpapíralap;részvényalap;külföldi;HUF;16,986,657,922.00;2.5;;;0.2;;;418,157,404.00;105,062,698.00;;269,823,766.00;6,830,842.00;12,906,735.00;23,533,363.00;2,758,027.00;;0.05;394,624,041.00;26.62;1.73;0.62;0.04;2.37
Eurizon Asset Management Hungary Zártkörűen Működő Részvénytársaság;Eurizon Fejlett Részvénypiaci Alapok Részalapja;"Eurizon Fejlett Részvénypiaci Alapok Részalapja HUF-I"" sorozatjelű befektetési jegy";HU0000716907;nyílt végű;határozatlan;értékpapíralap;részvényalap;külföldi;HUF;844,877,514.00;2.5;;;0.2;;;7,743,040.00;1,269,634.00;;;339,171.00;4,966,267.00;1,167,968.00;;;0.05;6,575,072.00;19.31;5.16;0.15;0.04;0.83
Eurizon Asset Management Hungary Zártkörűen Működő Részvénytársaság;Eurizon Feltörekvő Részvénypiaci Alapok Részalapja;Eurizon Feltörekvő Részvénypiaci Alapok Részalapja;HU0000706353;nyílt végű;határozatlan;értékpapíralap;részvényalap;külföldi;HUF;3,335,832,620.00;2.5;;;0.2;;;82,581,834.00;20,625,333.00;;52,950,812.00;1,341,759.00;5,501,988.00;2,161,942.00;769,260.00;;0.29;80,419,892.00;25.65;1.67;0.62;0.04;2.70
Eurizon Asset Management Hungary Zártkörűen Működő Részvénytársaság;Eurizon Globális Kötvény Alapok Részalapja;Eurizon Globális Kötvény Alapok Részalapja;HU0000714621;nyílt végű;határozatlan;értékpapíralap;szabad futamidejű kötvényalap;külföldi;HUF;3,192,561,944.00;2.5;;;0.2;;;22,548,982.00;4,494,285.00;;11,535,461.00;1,284,736.00;5,234,360.00;140.00;;;0.51;22,548,842.00;19.93;5.70;0.14;0.04;1.22
Eurizon Asset Management Hungary Zártkörűen Működő Részvénytársaság;Eurizon Globális Vállalati Kötvény Alapok Részalapja;Eurizon Globális Vállalati Kötvény Alapok Részalapja;HU0000710132;nyílt végű;határozatlan;értékpapíralap;szabad futamidejű kötvényalap;külföldi;HUF;5,739,718,014.00;2.5;;;0.2;;;38,703,545.00;8,108,690.00;;20,768,806.00;2,315,408.00;7,510,501.00;140.00;;;0.54;38,703,405.00;20.95;5.98;0.14;0.04;1.21
Eurizon Asset Management Hungary Zártkörűen Működő Részvénytársaság;Eurizon Indexkövető Részvény Részalap;"Eurizon Indexkövető Részvény Alap ""BGTP-A"" sorozat";HU0000732417;nyílt végű;határozatlan;értékpapíralap;részvényalap;hazai;HUF;3,389,759,834.00;2.5;;;0.2;;;27,699,138.00;20,076,831.00;;;1,344,521.00;3,344,624.00;2,933,162.00;;;0;24,765,976.00;81.07;5.43;0.59;0.04;0.73
Eurizon Asset Management Hungary Zártkörűen Működő Részvénytársaság;Eurizon Indexkövető Részvény Részalap;"Eurizon Indexkövető Részvény Alap ""HUF-A"" sorozat";HU0000703350;nyílt végű;határozatlan;értékpapíralap;részvényalap;hazai;HUF;13,723,378,689.00;2.5;;;0.2;;;332,171,817.00;84,826,294.00;;216,046,698.00;5,513,483.00;13,723,735.00;12,061,607.00;;;0;320,110,210.00;26.50;1.72;0.62;0.04;2.33
Eurizon Asset Management Hungary Zártkörűen Működő Részvénytársaság;Eurizon Kiegyensúlyozott Private Banking Vagyon Vegyes Alapok Részalapja;Eurizon Kiegyensúlyozott Private Banking Vagyon Vegyes Alapok Részalapja;HU0000721451;nyílt végű;határozatlan;értékpapíralap;kiegyensúlyozott vegyes alap;külföldi;HUF;11,659,482,632.00;2.5;;;0.2;;;140,215,364.00;32,764,221.00;;4,687,524.00;84,131,255.00;12,596,760.00;6,035,604.00;;;0;134,179,760.00;24.42;62.70;0.28;0.72;1.15
Eurizon Asset Management Hungary Zártkörűen Működő Részvénytársaság;Eurizon Kincsem Kötvény Részalap;Eurizon Kincsem Kötvény Részalap;HU0000702592;nyílt végű;határozatlan;értékpapíralap;rövid kötvényalap;hazai;HUF;17,474,174,918.00;2.5;;;0.2;;;302,914,208.00;78,017,496.00;;200,624,754.00;6,994,218.00;17,277,180.00;560.00;;;0;302,913,648.00;25.76;2.31;0.45;0.04;1.73
Eurizon Asset Management Hungary Zártkörűen Működő Részvénytársaság;Eurizon Közép-európai Részvény Részalap;"Eurizon Közép-európai Részvény Részalap ""HUF-I"" sorozatjelű befektetési jegy";HU0000716915;nyílt végű;határozatlan;értékpapíralap;részvényalap;külföldi;HUF;2,358,167,455.00;2.5;;;0.2;;;11,069,620.00;3,518,522.00;;;943,007.00;2,827,977.00;3,780,114.00;;;0;7,289,506.00;48.27;12.94;0.15;0.04;0.31
Eurizon Asset Management Hungary Zártkörűen Működő Részvénytársaság;Eurizon Közép-európai Részvény Részalap;"Eurizon Közép-európai Részvény Részalap HUF-A"" sorozatjelű befektetési jegy";HU0000702600;nyílt végű;határozatlan;értékpapíralap;részvényalap;külföldi;HUF;4,722,026,689.00;2.5;;;0.2;;;119,029,976.00;29,205,107.00;;74,566,944.00;1,896,860.00;5,721,782.00;7,639,283.00;;;0;111,390,693.00;26.22;1.70;0.62;0.04;2.36
Eurizon Asset Management Hungary Zártkörűen Működő Részvénytársaság;Eurizon Nyersanyag Alapok Részalapja;Eurizon Nyersanyag Alapok Részalapja;HU0000704234;nyílt végű;határozatlan;értékpapíralap;árupiaci alap;külföldi;HUF;3,573,349,679.00;2.5;;;0.2;;;87,223,437.00;22,018,761.00;;56,354,062.00;1,433,361.00;5,725,686.00;1,691,567.00;671,961.00;;0.33;85,531,870.00;25.74;1.68;0.62;0.04;2.72
Eurizon Asset Management Hungary Zártkörűen Működő Részvénytársaság;Eurizon Reflex Vegyes Alapok Részalapja;Eurizon Reflex Vegyes Alapok Részalapja;HU0000715883;nyílt végű;határozatlan;értékpapíralap;dinamikus vegyes alap;külföldi;HUF;13,942,193,880.00;2.5;;;0.2;;;215,031,806.00;54,711,215.00;;140,608,539.00;5,595,899.00;14,116,013.00;140.00;;;1.12;215,031,666.00;25.44;2.60;0.39;0.04;2.66
Eurizon Asset Management Hungary Zártkörűen Működő Részvénytársaság;Eurizon Relax Vegyes Részalap;Eurizon Relax Vegyes Részalap;HU0000715131;nyílt végű;határozatlan;értékpapíralap;kötvénytúlsúlyos vegyes alap;hazai;HUF;21,206,870,588.00;2.5;;;0.2;;;292,551,142.00;72,694,991.00;;186,337,070.00;8,521,738.00;20,560,711.00;4,436,632.00;;;0;288,114,510.00;25.23;2.96;0.34;0.04;1.36
Eurizon Asset Management Hungary Zártkörűen Működő Részvénytársaság;Eurizon Start 2 Rövid Kötvény Részalap;Eurizon Start 2 Rövid Kötvény Részalap;HU0000702576;nyílt végű;határozatlan;értékpapíralap;rövid kötvényalap;hazai;HUF;17,192,297,263.00;2.5;;;0.2;;;211,635,548.00;53,168,867.00;;134,320,502.00;6,915,934.00;17,225,265.00;4,980.00;;;0;211,630,568.00;25.12;3.27;0.31;0.04;1.23
Eurizon Asset Management Hungary Zártkörűen Működő Részvénytársaság;Eurizon Start Tőkevédett Részalap;Eurizon Start Tőkevédett Részalap;HU0000703582;nyílt végű;határozatlan;értékpapíralap;tőkevédett alap;hazai;HUF;366,545,186,671.00;2.5;;;0.2;;;4,899,697,445.00;1,245,328,720.00;;3,192,613,235.00;147,248,662.00;314,489,468.00;17,360.00;;;0;4,899,680,085.00;25.42;3.01;0.34;0.04;1.34
Eurizon Asset Management Hungary Zártkörűen Működő Részvénytársaság;Eurizon Telekommunikáció Tőkevédett Származtatott Részalap;Eurizon Telekommunikáció Tőkevédett Származtatott Részalap;HU0000732243;nyílt végű;határozott;értékpapíralap;származtatott alap;külföldi;HUF;3,803,311,950.00;2.5;;;0.2;;;68,672,549.00;17,081,868.00;;43,874,608.00;1,528,217.00;6,187,716.00;140.00;;;0;68,672,409.00;24.87;2.23;0.45;0.04;1.81
Eurizon Asset Management Hungary Zártkörűen Működő Részvénytársaság;Eurizon Vegyipar Tőkevédett Származtatott Részalap;Eurizon Vegyipar Tőkevédett Származtatott Részalap;HU0000730973;nyílt végű;határozott;értékpapíralap;származtatott alap;külföldi;HUF;1,552,161,633.00;2.5;;;0.2;;;63,651,517.00;16,505,658.00;;42,444,440.00;622,391.00;4,078,888.00;140.00;;;0;63,651,377.00;25.93;0.98;1.06;0.04;4.10
EURÓPA Befektetési Alapkezelő Zártkörűen Működő Részvénytársaság;Európa Ingatlanbefektetési Alap;Európa Ingatlanbefektetési Alap;HU0000707724;nyílt végű;határozatlan;ingatlanalap;közvetlen ingatlanokba fektető alap;hazai;HUF;21,968,885,232.00;1.4;0;;0.085;7.57;9.055;1,413,330,652.52;307,624,990.00;0.00;98,841,908.00;18,677,231.00;50,869,109.00;391,328.46;;936,926,086.06;0;476,013,238.00;64.63;3.92;1.40;0.09;2.17
Europroperty Befektetési Alapkezelő Zártkörűen Működő Részvénytársaság;Europroperty 2 Ingatlanfejlesztő Alap ;a2;HU0000725213;zárt végű;határozott;ingatlanalap;közvetlen ingatlanokba fektető alap;hazai;HUF;2,052,649,058.00;1;0;0;0.075;0.09;5;65,793,340.00;9,715,653.00;0.00;0.00;1,539,867.00;6,186,578.00;532,569.00;0.00;47,818,673.00;0;17,442,098.00;55.70;8.83;0.47;0.08;0.85
Generali Investments CEE, investiční společnost, a.s. magyarországi fióktelepe;Generali Amazonas Latin-Amerikai Részvény VE Bef. Alap;Generali Amazonas Latin-Amerikai Részvény VE Bef. Alap;HU0000708797;NYÍLT VÉGŰ;Határozatlan;értékpapíralap;részvényalap;Külföldi;HUF;2,192,362,602.35;1.75;0;;0.1156;1.175;2.7275;44,798,081.46;38,366,346.00;0.00;1,117,607.00;2,569,477.00;2,547,173.00;197,478.46;0.00;0.00;0.0807;44,600,603.00;86.02;5.76;1.75;0.12;2.12
Generali Investments CEE, investiční společnost, a.s. magyarországi fióktelepe;Generali Arany Oroszlán Nemzetközi Részvény Alap;Generali Arany Oroszlán Nk. Rv. Alap A sorozat;HU0000701818;NYÍLT VÉGŰ;Határozatlan;értékpapíralap;részvényalap;Külföldi;HUF;9,134,271,310.29;1.75;0;;0.1156;1.175;2.7275;181,402,370.66;159,849,748.00;0.00;4,398,487.00;10,473,045.00;3,946,652.00;2,734,438.66;0.00;0.00;0.01;178,667,932.00;89.47;5.86;1.75;0.11;1.97
Generali Investments CEE, investiční společnost, a.s. magyarországi fióktelepe;Generali Arany Oroszlán Nemzetközi Részvény Alap;Generali Arany Oroszlán Nk. Rv. Alap B sorozat;HU0000710710;NYÍLT VÉGŰ;Határozatlan;értékpapíralap;részvényalap;Külföldi;EUR;1,865,244,467.10;1.75;0;;0.1156;1.175;2.7275;37,042,885.23;32,641,778.00;0.00;898,184.00;2,138,626.00;805,917.00;558,380.23;0.00;0.00;0.01;36,484,505.00;89.47;5.86;1.75;0.11;1.97
Generali Investments CEE, investiční společnost, a.s. magyarországi fióktelepe;Generali Deluxe Részvény Alap;Generali Deluxe Részvény Alap;HU0000726112;NYÍLT VÉGŰ;Határozatlan;értékpapíralap;részvényalap;Külföldi;HUF;7,864,750,308.51;1.75;0;;0.1156;1.175;2.7275;161,152,305.30;137,633,130.00;0.00;3,725,328.00;8,855,491.00;3,624,360.00;7,313,996.30;0.00;0.00;0;153,838,309.00;89.47;5.76;1.75;0.11;1.96
Generali Investments CEE, investiční společnost, a.s. magyarországi fióktelepe;Generali Fejlődő Piaci Részvény Alapok Alapja;Generali Fejlődő Piaci Rv. Alapok Alapja A sorozat;HU0000706825;NYÍLT VÉGŰ;Határozatlan;értékpapíralap;részvényalap;Külföldi;HUF;1,194,928,348.98;1.75;0;;0.1156;1.175;2.7275;23,856,102.86;20,911,246.00;0.00;571,088.00;1,360,330.00;986,461.00;26,977.86;0.00;0.00;0.1206;23,829,125.00;87.75;5.71;1.75;0.11;2.11
Generali Investments CEE, investiční společnost, a.s. magyarországi fióktelepe;Generali Fejlődő Piaci Részvény Alapok Alapja;Generali Fejlődő Piaci Rv. Alapok Alapja B sorozat;HU0000710728;NYÍLT VÉGŰ;Határozatlan;értékpapíralap;részvényalap;Külföldi;USD;934,181,662.61;1.75;0;;0.1156;1.175;2.7275;18,650,436.99;16,348,179.00;0.00;446,471.00;1,063,490.00;771,206.00;21,090.99;0.00;0.00;0.1206;18,629,346.00;87.75;5.71;1.75;0.11;2.11
Generali Investments CEE, investiční společnost, a.s. magyarországi fióktelepe;Generali Főnix Távol-Keleti Részvény VE Alapok Alapja;Generali Főnix Távol-Keleti Részvény VE Alapok Alapja;HU0000708805;NYÍLT VÉGŰ;Határozatlan;értékpapíralap;részvényalap;Külföldi;HUF;1,466,529,674.72;1.75;0;;0.1156;1.175;2.7275;29,677,983.36;25,664,269.00;0.00;708,048.00;1,674,070.00;1,540,569.00;91,027.36;0.00;0.00;0.1491;29,586,956.00;86.74;5.66;1.75;0.11;2.17
Generali Investments CEE, investiční společnost, a.s. magyarországi fióktelepe;Generali Gold Közép-Kelet Európai Részvény Alap;Generali Gold Közép-Kelet Európai Rv. Alap B sorozat;HU0000710785;NYÍLT VÉGŰ;Határozatlan;értékpapíralap;részvényalap;Külföldi;EUR;681,310,367.49;1.75;0;;0.1156;1.175;2.7375;13,353,593.14;11,922,931.00;0.00;322,010.00;772,370.00;301,285.00;34,997.14;0.00;0.00;0;13,318,596.00;89.52;5.80;1.75;0.11;1.95
Generali Investments CEE, investiční společnost, a.s. magyarországi fióktelepe;Generali Gold Közép-Kelet Európai Részvény Alap;Generali Gold Közép-Kelet Európai Rv. Alap A sorozat;HU0000706809;NYÍLT VÉGŰ;Határozatlan;értékpapíralap;részvényalap;Külföldi;HUF;8,194,061,816.35;1.75;0;;0.1156;1.175;2.7375;160,602,531.60;143,396,082.00;0.00;3,872,793.00;9,289,223.00;3,623,526.00;420,907.60;0.00;0.00;0;160,181,624.00;89.52;5.80;1.75;0.11;1.95
Generali Investments CEE, investiční společnost, a.s. magyarországi fióktelepe;Generali Hazai Kötvény Alap;Generali Hazai Kötvény Alap A sorozat;HU0000705736;NYÍLT VÉGŰ;Határozatlan;értékpapíralap;kötvényalap;Hazai;HUF;353,627,452.80;1;0;;0.05;1.175;2.4425;4,503,202.09;3,536,275.00;0.00;341,051.00;344,084.00;279,998.00;1,794.09;0.00;0.00;0;4,501,408.00;78.56;7.64;1.00;0.10;1.27
Generali Investments CEE, investiční společnost, a.s. magyarországi fióktelepe;Generali Hazai Kötvény Alap;Generali Hazai Kötvény Alap B sorozat;HU0000702071;NYÍLT VÉGŰ;Határozatlan;értékpapíralap;kötvényalap;Külföldi;HUF;14,492,748,121.30;0.5;0;;0.1156;1.175;1.6925;92,277,551.73;72,463,741.00;0.00;6,988,664.00;7,050,812.00;5,737,571.00;36,763.73;0.00;0.00;0;92,240,788.00;78.56;7.64;0.50;0.05;0.64
Generali Investments CEE, investiční společnost, a.s. magyarországi fióktelepe;Generali IC Ázsiai Részvény VE Alapok Alapja Befektetési Alap;Generali IC Ázsiai Részvény VE Alapok Alapja Befektetési Alap;HU0000708821;NYÍLT VÉGŰ;Határozatlan;értékpapíralap;részvényalap;Külföldi;HUF;4,141,048,979.41;1.75;0;;0.1156;1.175;2.7275;82,495,261.27;72,468,357.00;0.00;2,016,484.00;4,733,021.00;2,455,569.00;821,830.27;0.00;0.00;0.2994;81,673,431.00;88.73;5.80;1.75;0.11;2.27
Generali Investments CEE, investiční společnost, a.s. magyarországi fióktelepe;Generali Innováció Részvény Alap;Generali Innováció A;HU0000708813;NYÍLT VÉGŰ;Határozatlan;értékpapíralap;részvényalap;Hazai;HUF;3,052,081,560.70;1.75;0;;0.05;1.175;2.7325;67,175,631.17;53,411,427.00;0.00;2,726,269.00;6,342,364.00;2,802,767.00;1,892,804.17;0.00;0.00;0;65,282,827.00;81.82;9.72;1.75;0.21;2.14
Generali Investments CEE, investiční společnost, a.s. magyarországi fióktelepe;Generali Innováció Részvény Alap;Generali Innováció C;HU0000727029;NYÍLT VÉGŰ;Határozatlan;értékpapíralap;részvényalap;Hazai;USD;85,270,240.54;1.75;0;;0.05;1.175;2.7325;1,876,777.89;1,492,229.00;0.00;76,168.00;177,195.00;78,304.00;52,881.89;0.00;0.00;0;1,823,896.00;81.82;9.72;1.75;0.21;2.14
Generali Investments CEE, investiční společnost, a.s. magyarországi fióktelepe;Generali Innováció Részvény Alap;Generali Innováció B;HU0000727011;NYÍLT VÉGŰ;Határozatlan;értékpapíralap;részvényalap;Hazai;EUR;253,880,068.15;1.75;0;;0.05;1.175;2.7325;5,587,843.37;4,442,901.00;0.00;226,778.00;527,574.00;233,142.00;157,448.37;0.00;0.00;0;5,430,395.00;81.82;9.72;1.75;0.21;2.14
Generali Investments CEE, investiční společnost, a.s. magyarországi fióktelepe;Generali Mustang Amerikai Részvény Alap;Generali Mustang Amerikai Rv. Alap B sorozat;HU0000710702;NYÍLT VÉGŰ;Határozatlan;értékpapíralap;részvényalap;Külföldi;HUF;2,727,909,394.72;1.75;0;;0.1156;1.175;2.7275;54,336,414.66;47,738,414.00;0.00;1,226,230.00;3,025,939.00;1,035,895.00;1,309,936.66;0.00;0.00;0.0061;53,026,478.00;90.03;5.71;1.75;0.11;1.95
Generali Investments CEE, investiční společnost, a.s. magyarországi fióktelepe;Generali Mustang Amerikai Részvény Alap;Generali Mustang Amerikai Rv. Alap A sorozat;HU0000705603;NYÍLT VÉGŰ;Határozatlan;értékpapíralap;részvényalap;Külföldi;HUF;13,709,904,186.45;1.75;0;;0.1156;1.175;2.7275;273,083,500.69;239,923,323.00;0.00;6,162,778.00;15,207,737.00;5,206,194.00;6,583,468.69;0.00;0.00;0.0061;266,500,032.00;90.03;5.71;1.75;0.11;1.95
Generali Investments CEE, investiční společnost, a.s. magyarországi fióktelepe;Generali Rövid Kötvény Alap;Generali Rövid Kötvény Alap A sorozat;HU0000705744;NYÍLT VÉGŰ;Határozatlan;értékpapíralap;kötvényalap;Hazai;HUF;1,591,082,219.97;0.75;0;;0.05;1.175;2.1425;17,455,820.92;11,933,117.00;0.00;1,945,202.00;1,975,106.00;1,591,075.00;11,320.92;0.00;0.00;0;17,444,500.00;68.41;11.32;0.75;0.12;1.10
Generali Investments CEE, investiční společnost, a.s. magyarországi fióktelepe;Generali Rövid Kötvény Alap;Generali Rövid Kötvény Alap B sorozat;HU0000702063;NYÍLT VÉGŰ;Határozatlan;értékpapíralap;kötvényalap;Hazai;HUF;13,820,103,923.35;0.25;0;;0.05;1.175;1.6925;50,540,283.74;34,550,260.00;0.00;5,631,994.00;5,718,574.00;4,606,678.00;32,777.74;0.00;0.00;0;50,507,506.00;68.41;11.32;0.25;0.04;0.37
Generali Investments CEE, investiční společnost, a.s. magyarországi fióktelepe;Generali Selection Abszolút Hozam Alap;Generali Selection B;HU0000715016;NYÍLT VÉGŰ;Határozatlan;értékpapíralap;abszolút hozamú alap;Külföldi;USD;10,087,950,920.11;0.9;20;éves;0.1156;1.175;2.7275;350,171,769.93;90,791,558.00;234,619,420.00;4,381,714.00;10,381,775.00;4,192,659.00;5,804,643.93;0.00;0.00;0;109,747,706.00;82.73;9.46;0.90;0.10;1.09
Generali Investments CEE, investiční společnost, a.s. magyarországi fióktelepe;Generali Selection Abszolút Hozam Alap;Generali Selection A;HU0000706791;NYÍLT VÉGŰ;Határozatlan;értékpapíralap;abszolút hozamú alap;Külföldi;HUF;1,339,748,148.99;1.75;20;éves;0.1156;1.175;2.7275;69,771,627.44;23,445,593.00;39,931,922.00;1,131,513.00;2,680,942.00;1,082,693.00;1,498,964.44;0.00;0.00;0;28,340,741.00;82.73;9.46;1.75;0.20;2.12
Generali Investments CEE, investiční společnost, a.s. magyarországi fióktelepe;Generali Spirit Abszolút Származtatott Alap;Generali Spirit A;HU0000706833;NYÍLT VÉGŰ;Határozatlan;értékpapíralap;abszolút hozamú alap;Külföldi;HUF;1,414,497,590.28;1.75;20;éves;0.1156;1.175;2.7275;61,935,635.01;24,753,708.00;32,259,724.00;1,123,046.00;2,748,853.00;1,010,781.00;39,523.01;0.00;0.00;0;29,636,388.00;83.52;9.28;1.75;0.19;2.10
Generali Investments CEE, investiční společnost, a.s. magyarországi fióktelepe;Generali Spirit Abszolút Származtatott Alap;Generali Spirit B;HU0000719992;NYÍLT VÉGŰ;Határozatlan;értékpapíralap;abszolút hozamú alap;Külföldi;HUF;9,488,661,173.00;0.9;20;éves;0.1156;1.175;2.7275;267,003,539.66;85,397,951.00;164,624,459.00;3,874,401.00;9,483,282.00;3,487,096.00;136,350.66;0.00;0.00;0;102,242,730.00;83.52;9.28;0.90;0.10;1.08
Generali Investments CEE, investiční společnost, a.s. magyarországi fióktelepe;Generali Titanium Abszolút Alapok Alapja;Generali Titanium Abszolút Alapok Alapja;HU0000706817;NYÍLT VÉGŰ;Határozatlan;értékpapíralap;alapok alapja;Külföldi;HUF;2,721,600,196.50;1.75;0;;0.1156;1.175;2.7275;53,407,464.14;47,628,003.00;0.00;1,148,122.00;2,926,964.00;1,688,572.00;15,803.14;0.00;0.00;0.1671;53,391,661.00;89.20;5.48;1.75;0.11;2.13
Generali Investments CEE, investiční společnost, a.s. magyarországi fióktelepe;Generali Triumph Abszolút Származtatott Alap;Generali Triumph B;HU0000714977;NYÍLT VÉGŰ;Határozatlan;értékpapíralap;abszolút hozamú alap;Külföldi;EUR;3,903,109,156.51;1.75;20;éves;0.1156;1.175;2.7275;82,964,915.01;68,304,410.00;4,912,570.00;1,930,769.00;4,491,720.00;1,984,945.00;1,340,501.01;0.00;0.00;0;76,711,844.00;89.04;5.86;1.75;0.12;1.97
Generali Investments CEE, investiční společnost, a.s. magyarországi fióktelepe;Generali Triumph Abszolút Származtatott Alap;Generali Triumph A;HU0000720248;NYÍLT VÉGŰ;Határozatlan;értékpapíralap;abszolút hozamú alap;Külföldi;HUF;2,144,362,848.03;1.75;20;éves;0.1156;1.175;2.7275;45,466,998.43;37,526,350.00;2,585,145.00;1,060,762.00;2,467,745.00;1,090,527.00;736,469.43;0.00;0.00;0;42,145,384.00;89.04;5.86;1.75;0.12;1.97
Generali Investments CEE, investiční společnost, a.s. magyarországi fióktelepe;Generali Triumph Abszolút Származtatott Alap;Generali Triumph C;HU0000720255;NYÍLT VÉGŰ;Határozatlan;értékpapíralap;abszolút hozamú alap;Külföldi;USD;76,181,197.86;1.75;20;éves;0.1156;1.175;2.7275;1,594,068.37;1,333,171.00;70,636.36;37,685.00;87,670.00;38,742.00;26,164.01;0.00;0.00;0;1,497,268.00;89.04;5.86;1.75;0.12;1.97
Gránit Alapkezelő Zártkörűen Működő Részvénytársaság;Grandum Dollár Ingatlan Származtatott Alapok Alapja;Nincs sorozat;HU0000720792;nyílt végű;határozatlan;Értékpapíralap;közvetett ingatlanokba fektető alap;hazai;USD;3,535,388,815.79;1;0;0;0.2;3.09;2;18,947,116.00;10,639,402.00;;;3,554,995.00;4,578,748.00;173,971.00;;;1.22;18,773,145.00;56.67;18.94;0.30;0.10;1.75
Gránit Alapkezelő Zártkörűen Működő Részvénytársaság;Grandum Euró Ingatlan Származtatott Alapok Alapja;Nincs sorozat;HU0000714969;nyílt végű;határozatlan;Értékpapíralap;közvetett ingatlanokba fektető alap;hazai;EUR;11,489,430,145.95;2;0;0;0.2;3.09;2;54,971,744.00;34,604,214.00;;;11,545,264.00;8,434,731.00;387,535.00;;;0.95;54,584,209.00;63.40;21.15;0.30;0.10;1.43
Gránit Alapkezelő Zártkörűen Működő Részvénytársaság;Gránit Abszolút Hozamú Származtatott Alap;Nincs sorozat;HU0000707997;nyílt végű;határozatlan;Értékpapíralap;abszolút hozamú alap;külföldi;HUF;529,854,881.10;2;20;éves;0.2;1.09;2;12,214,449.00;6,413,623.00;1,674,340.00;;534,469.00;2,632,996.00;959,021.00;;;0;9,581,088.00;66.94;5.58;1.21;0.10;1.81
Gránit Alapkezelő Zártkörűen Működő Részvénytársaság;Gránit EuróPlusz Abszolút Hozamú Befektetési Alap;I sorozat;HU0000732631;nyílt végű;határozatlan;Értékpapíralap;abszolút hozamú alap;külföldi;EUR;34,153,304,065.54;2;0;0;0.2;0.09;2;122,131,363.00;83,454,545.00;;;6,826,358.00;30,982,710.00;867,750.00;;;0;121,263,613.00;68.82;5.63;0.24;0.02;0.36
Gránit Alapkezelő Zártkörűen Működő Részvénytársaság;Gránit EuróPlusz Abszolút Hozamú Befektetési Alap;A sorozat;HU0000732623;nyílt végű;határozatlan;Értékpapíralap;abszolút hozamú alap;külföldi;EUR;14,565,614.69;2;0;0;0.2;0.09;2;127,164.00;110,724.00;;;2,871.00;13,123.00;446.00;;;0;126,718.00;87.38;2.27;0.76;0.02;0.87
Gránit Alapkezelő Zártkörűen Működő Részvénytársaság;Gránit Fejlett Piaci Származtatott Részvény Befektetési Alap;Nincs sorozat;HU0000716089;nyílt végű;határozatlan;Értékpapíralap;részvényalap;külföldi;HUF;1,356,759,313.86;2.5;20;éves;0.2;3.09;2;32,275,299.00;20,492,438.00;;8,033.00;1,366,165.00;4,109,707.00;6,298,956.00;;;0.05;25,976,343.00;78.89;5.26;1.51;0.10;1.96
Gránit Alapkezelő Zártkörűen Működő Részvénytársaság;Gránit Harmónia Vegyes Befektetési Alap;A sorozat;HU0000716071;nyílt végű;határozatlan;Értékpapíralap;kiegyensúlyozott vegyes alap;hazai;HUF;21,239,618,255.86;2;20;éves;0.2;3.09;2;335,004,437.00;149,278,669.00;66,496,424.00;75,955,474.00;18,306,137.00;19,170,671.00;5,797,062.00;;;0;262,710,951.00;56.82;6.97;0.70;0.09;1.24
Gránit Alapkezelő Zártkörűen Működő Részvénytársaság;Gránit Harmónia Vegyes Befektetési Alap;B sorozat;HU0000723044;nyílt végű;határozatlan;Értékpapíralap;kiegyensúlyozott vegyes alap;hazai;HUF;2,382,599,653.85;1.2;0;0;0.2;3.09;2;75,032,151.00;40,427,994.00;;23,288,674.00;5,612,836.00;3,925,212.00;1,777,435.00;;;0;73,254,716.00;55.19;7.66;1.70;0.24;3.07
Gránit Alapkezelő Zártkörűen Működő Részvénytársaság;Gránit Jövőkép ESG Részvény Származtatott Befektetési Alap;Nincs sorozat;HU0000725593;nyílt végű;határozatlan;Értékpapíralap;részvényalap;külföldi;HUF;1,745,502,935.54;2.5;20;éves;0.2;3.09;2;40,287,295.00;24,223,907.00;;;5,716,620.00;3,558,514.00;6,788,254.00;;;0.19;33,499,041.00;72.31;17.07;1.39;0.33;2.11
Gránit Alapkezelő Zártkörűen Működő Részvénytársaság;Gránit KamatPlusz Abszolút Hozamú Befektetési Alap;I sorozat;HU0000711544;nyílt végű;határozatlan;Értékpapíralap;abszolút hozamú alap;hazai;HUF;27,651,989,742.40;1;0;0;0.2;0.09;2;101,568,942.00;66,228,974.00;;;9,167,655.00;25,875,519.00;296,794.00;;;0;101,272,148.00;65.40;9.05;0.24;0.03;0.37
Gránit Alapkezelő Zártkörűen Működő Részvénytársaság;Gránit KamatPlusz Abszolút Hozamú Befektetési Alap;A sorozat;HU0000715107;nyílt végű;határozatlan;Értékpapíralap;abszolút hozamú alap;hazai;HUF;14,198,626.34;2;0;0;0.2;0.09;2;124,811.00;106,665.00;;;4,707.00;13,287.00;152.00;;;0;124,659.00;85.57;3.78;0.75;0.03;0.88
Gránit Alapkezelő Zártkörűen Működő Részvénytársaság;Gránit Kötvény Befektetési Alap;Nincs sorozat;HU0000702857;nyílt végű;határozatlan;Értékpapíralap;hosszú kötvényalap;hazai;HUF;1,493,866,285.54;2;0;0;0.2;1.09;2;20,785,002.00;14,968,087.00;;;1,496,806.00;4,066,303.00;253,806.00;;;0;20,531,196.00;72.90;7.29;1.00;0.10;1.37
Gránit Alapkezelő Zártkörűen Működő Részvénytársaság;Gránit Közép-Európai Részvény Befektetési Alap;Nincs sorozat;HU0000719125;nyílt végű;határozatlan;Értékpapíralap;részvényalap;külföldi;HUF;1,020,412,971.43;2;0;0;0.2;3.09;2;9,280,590.00;3,078,607.00;;;1,026,202.00;3,710,104.00;1,465,677.00;;;0.18;7,814,913.00;39.39;13.13;0.30;0.10;0.95
Gránit Alapkezelő Zártkörűen Működő Részvénytársaság;Gránit Lendület Vegyes Befektetési Alap;Nincs sorozat;HU0000724539;nyílt végű;határozatlan;Értékpapíralap;kötvénytúlsúlyos vegyes alap;külföldi;HUF;3,817,304,003.85;1.5;20;éves;0.2;3.09;2;77,059,924.00;58,013,434.00;;;7,735,119.00;5,384,677.00;5,926,694.00;;;0.01;71,133,230.00;81.56;10.87;1.52;0.20;1.87
Gránit Alapkezelő Zártkörűen Működő Részvénytársaság;Gránit Származtatott Befektetési Alap;Nincs sorozat;HU0000712062;nyílt végű;határozatlan;Értékpapíralap;származtatott alap;hazai;HUF;529,661,932.45;2.5;20;éves;0.2;3.09;2;16,129,756.00;7,990,023.00;3,280,051.00;;532,679.00;3,609,014.00;717,989.00;;;0;12,131,716.00;65.86;4.39;1.51;0.10;2.29
Gránit Alapkezelő Zártkörűen Működő Részvénytársaság;Gránit Szintézis Abszolút Hozamú Alap;Nincs sorozat;HU0000724547;nyílt végű;határozatlan;Értékpapíralap;abszolút hozamú alap;hazai;HUF;387,520,616.53;2.5;0;0;0.2;3.09;2;5,796,207.00;1,947,161.00;755,229.00;;778,869.00;2,275,520.00;39,428.00;;;1.44;5,001,550.00;38.93;15.57;0.50;0.20;2.73
Gránit Alapkezelő Zártkörűen Működő Részvénytársaság;Gránit WM-1 Abszolút Hozamú Származtatott Részalap;Nincs sorozat;HU0000713821;nyílt végű;határozatlan;Értékpapíralap;abszolút hozamú alap;hazai;HUF;13,292,878,960.38;2;0;0;0.2;1.09;2;155,521,168.00;133,758,738.00;;;8,025,527.00;13,180,151.00;556,752.00;;;0;154,964,416.00;86.32;5.18;1.01;0.06;1.17
Gránit Alapkezelő Zártkörűen Működő Részvénytársaság;Gránit WM-2 Abszolút Hozamú Származtatott Részalap;Nincs sorozat;HU0000713839;nyílt végű;határozatlan;Értékpapíralap;abszolút hozamú alap;hazai;HUF;6,468,773,282.47;2;0;0;0.2;1.09;2;109,127,002.00;97,425,463.00;;;3,897,018.00;7,211,770.00;592,751.00;;;0;108,534,251.00;89.76;3.59;1.51;0.06;1.68
Gránit Alapkezelő Zártkörűen Működő Részvénytársaság;Gránit WM-3 Abszolút Hozamú Származtatott Részalap;Nincs sorozat;HU0000713847;nyílt végű;határozatlan;Értékpapíralap;abszolút hozamú alap;hazai;HUF;3,220,712,504.94;2;0;0;0.2;1.09;2;78,920,340.00;64,741,316.00;;;1,942,235.00;4,861,513.00;7,375,276.00;;;0.02;71,545,064.00;90.49;2.71;2.01;0.06;2.24
Gránit Alapkezelő Zártkörűen Működő Részvénytársaság;Magyar Posta Takarék Ingatlan Befektetési Alap ;A sorozat;HU0000713482;nyílt végű;határozatlan;ingatlanalap;közvetett ingatlanokba fektető alap;hazai;HUF;263,100,687,518.08;3;10;éves;0.2;3.09;2;12,281,876,791.00;5,527,162,050.00;2,043,874,851.00;;190,374,401.00;724,546,351.00;7,561,494.00;;3,788,357,644.00;0;6,442,082,802.00;85.80;2.96;2.10;0.07;2.45
Gránit Alapkezelő Zártkörűen Működő Részvénytársaság;Magyar Posta Takarék Ingatlan Befektetési Alap ;B sorozat;HU0000722616;nyílt végű;határozatlan;ingatlanalap;közvetett ingatlanokba fektető alap;hazai;HUF;16,813,456,722.47;3;0;0;0.2;3.09;2;488,963,219.00;187,916,865.00;;;12,165,881.00;46,302,155.00;483,218.00;;242,095,100.00;0;246,384,901.00;76.27;4.94;1.12;0.07;1.47
Gránit Alapkezelő Zártkörűen Működő Részvénytársaság;Magyar Posta Takarék Ingatlan Befektetési Alap ; I sorozat;HU0000714464;nyílt végű;határozatlan;ingatlanalap;közvetett ingatlanokba fektető alap;hazai;HUF;12,537,615,268.10;3;0;0;0.2;3.09;2;411,806,004.00;187,318,950.00;;;9,071,968.00;34,527,023.00;360,330.00;;180,527,733.00;0;230,917,941.00;81.12;3.93;1.49;0.07;1.84
Gránit Alapkezelő Zártkörűen Működő Részvénytársaság;Takarék Rövid Kötvény Befektetési Alap;Nincs sorozat;HU0000713078;nyílt végű;határozatlan;Értékpapíralap;rövid kötvényalap;hazai;HUF;816,142,266.18;2;0;0;0.2;3.09;2;7,504,790.00;3,287,153.00;;;821,789.00;3,253,166.00;142,682.00;;;0;7,362,108.00;44.65;11.16;0.40;0.10;0.90
Hold Alapkezelő Befektetési Alapkezelő Zártkörűen Működő Részvénytársaság;ADÜTON ABSZOLÚT HOZAMÚ SZÁRMAZTATOTT BEFEKTETÉSI ALAP A SOROZAT HUF;A;HU0000715230;nyílt végű;határozatlan;értékpapíralap;abszolút hozamú alap;külföldi;HUF;8,108,576,251.71;2.25;20;éves;0.2;0.1;;27,272,623.00;8,099,539.00;0.00;;3,233,055.00;8,039,335.00;7,900,694.00;0.00;;0;19,371,929.00;41.81;16.69;0.10;0.04;0.24
Hold Alapkezelő Befektetési Alapkezelő Zártkörűen Működő Részvénytársaság;ADÜTON ABSZOLÚT HOZAMÚ SZÁRMAZTATOTT BEFEKTETÉSI ALAP B SOROZAT HUF;B;HU0000731922;nyílt végű;határozatlan;értékpapíralap;abszolút hozamú alap;külföldi;HUF;68,192,010.03;2.25;20;éves;0.2;0.1;;885,245.00;319,994.00;405,866.00;;27,190.00;65,751.00;66,444.00;0.00;;0;412,935.00;77.49;6.58;0.47;0.04;0.61
Hold Alapkezelő Befektetési Alapkezelő Zártkörűen Működő Részvénytársaság;ADÜTON ABSZOLÚT HOZAMÚ SZÁRMAZTATOTT BEFEKTETÉSI ALAP C SOROZAT EUR;C;HU0000731930;nyílt végű;határozatlan;értékpapíralap;abszolút hozamú alap;külföldi;EUR;106,984,729.66;2.25;20;éves;0.2;0.1;;351,091.00;100,554.00;0.00;;42,657.00;103,639.00;104,241.00;0.00;;0;246,850.00;40.73;17.28;0.09;0.04;0.23
Hold Alapkezelő Befektetési Alapkezelő Zártkörűen Működő Részvénytársaság;ADÜTON ABSZOLÚT HOZAMÚ SZÁRMAZTATOTT BEFEKTETÉSI ALAP D SOROZAT EUR;D;HU0000731948;nyílt végű;határozatlan;értékpapíralap;abszolút hozamú alap;külföldi;EUR;117,463,350.15;2.25;20;éves;0.2;0.1;;1,649,083.00;551,445.00;821,988.00;;46,835.00;114,363.00;114,452.00;0.00;;0;712,643.00;77.38;6.57;0.47;0.04;0.61
Hold Alapkezelő Befektetési Alapkezelő Zártkörűen Működő Részvénytársaság;CITADELLA ABSZOLÚT HOZAMÚ SZÁRMAZTATOTT BEFEKTETÉSI ALAP A SOROZAT HUF;A;HU0000707948;nyílt végű;határozatlan;értékpapíralap;abszolút hozamú alap;külföldi;HUF;63,164,426,252.92;2.25;20;éves;0.2;0.1;;2,131,555,911.00;633,307,656.00;938,925,408.00;445,625,850.00;34,071,226.00;56,403,201.00;23,222,570.00;12,204.00;;0;1,169,407,933.00;54.16;2.91;1.00;0.05;1.85
Hold Alapkezelő Befektetési Alapkezelő Zártkörűen Működő Részvénytársaság;CITADELLA ABSZOLÚT HOZAMÚ SZÁRMAZTATOTT BEFEKTETÉSI ALAP B SOROZAT HUF;B;HU0000717137;nyílt végű;határozatlan;értékpapíralap;abszolút hozamú alap;külföldi;HUF;3,623,151,671.11;2.25;10;éves;0.2;0.1;;97,104,721.00;62,009,249.00;28,574,468.00;0.00;1,954,347.00;3,234,596.00;1,332,061.00;700.00;;0;67,198,192.00;92.28;2.91;1.71;0.05;1.85
Hold Alapkezelő Befektetési Alapkezelő Zártkörűen Működő Részvénytársaság;CITADELLA ABSZOLÚT HOZAMÚ SZÁRMAZTATOTT BEFEKTETÉSI ALAP C SOROZAT EUR;C;HU0000725189;nyílt végű;határozatlan;értékpapíralap;abszolút hozamú alap;külföldi;EUR;13,077,099,038.22;2.25;20;éves;0.2;0.1;;448,739,983.00;146,305,701.00;201,959,819.00;76,933,100.00;7,053,857.00;11,679,676.00;4,807,830.00;2,527.00;;0;241,972,334.00;60.46;2.92;1.12;0.05;1.85
Hold Alapkezelő Befektetési Alapkezelő Zártkörűen Működő Részvénytársaság;CONVEXITY ABSZOLÚT HOZAMÚ SZÁRMAZTATOTT RÉSZALAP A SOROZAT HUF;A;HU0000727698;nyílt végű;határozatlan;értékpapíralap;abszolút hozamú alap;külföldi;HUF;1,845,202,112.15;2.25;20;éves;0.2;0.1;;47,059,676.00;19,045,052.00;;13,268,502.00;1,201,726.00;2,525,656.00;11,018,740.00;0.00;;0;36,040,936.00;52.84;3.33;1.03;0.07;1.95
Hold Alapkezelő Befektetési Alapkezelő Zártkörűen Működő Részvénytársaság;CONVEXITY ABSZOLÚT HOZAMÚ SZÁRMAZTATOTT RÉSZALAP B SOROZAT EUR;B;HU0000727706;nyílt végű;határozatlan;értékpapíralap;abszolút hozamú alap;külföldi;EUR;124,298,752.49;2.25;20;éves;0.2;0.1;;3,173,461.00;1,253,060.00;;927,438.00;80,952.00;169,754.00;742,257.00;0.00;;0;2,431,204.00;51.54;3.33;1.01;0.07;1.96
Hold Alapkezelő Befektetési Alapkezelő Zártkörűen Működő Részvénytársaság;CONVEXITY ABSZOLÚT HOZAMÚ SZÁRMAZTATOTT RÉSZALAP C SOROZAT USD;C;HU0000727714;nyílt végű;határozatlan;értékpapíralap;abszolút hozamú alap;külföldi;USD;592,271,187.74;2.25;20;éves;0.2;0.1;;15,143,122.00;6,137,759.00;;4,270,876.00;385,729.00;811,973.00;3,536,785.00;0.00;;0;11,606,337.00;52.88;3.32;1.04;0.07;1.96
Hold Alapkezelő Befektetési Alapkezelő Zártkörűen Működő Részvénytársaság;CONVEXITY ABSZOLÚT HOZAMÚ SZÁRMAZTATOTT RÉSZALAP D SOROZAT HUF;D;HU0000727722;nyílt végű;határozatlan;értékpapíralap;abszolút hozamú alap;külföldi;HUF;1,368,331,751.85;2.25;20;éves;0.2;0.1;;24,656,647.00;13,719,050.00;;0.00;891,154.00;1,875,364.00;8,171,079.00;0.00;;0;16,485,568.00;83.22;5.41;1.00;0.07;1.20
Hold Alapkezelő Befektetési Alapkezelő Zártkörűen Működő Részvénytársaság;CREDITUM ABSZOLÚT HOZAMÚ SZÁRMAZTATOTT BEFEKTETÉSI ALAP A SOROZAT HUF;A;HU0000731898;nyílt végű;határozatlan;értékpapíralap;abszolút hozamú alap;külföldi;HUF;392,857,239.92;2.25;20;éves;0.2;0.1;;19,131,148.00;4,907,395.00;12,977,619.00;;195,959.00;602,261.00;447,914.00;0.00;;0;5,705,615.00;86.01;3.43;1.25;0.05;1.45
Hold Alapkezelő Befektetési Alapkezelő Zártkörűen Működő Részvénytársaság;CREDITUM ABSZOLÚT HOZAMÚ SZÁRMAZTATOTT BEFEKTETÉSI ALAP B SOROZAT EUR;B;HU0000731906;nyílt végű;határozatlan;értékpapíralap;abszolút hozamú alap;külföldi;EUR;317,994,187.09;2.25;20;éves;0.2;0.1;;14,281,794.00;3,939,362.00;9,334,464.00;;158,617.00;486,792.00;362,559.00;0.00;;0;4,584,771.00;85.92;3.46;1.24;0.05;1.44
Hold Alapkezelő Befektetési Alapkezelő Zártkörűen Működő Részvénytársaság;CREDITUM ABSZOLÚT HOZAMÚ SZÁRMAZTATOTT BEFEKTETÉSI ALAP C SOROZAT USD;C;HU0000731914;nyílt végű;határozatlan;értékpapíralap;abszolút hozamú alap;külföldi;USD;835,537,347.04;2.25;20;éves;0.2;0.1;;43,111,965.00;10,436,582.00;30,025,579.00;;416,770.00;1,280,401.00;952,633.00;0.00;;0;12,133,753.00;86.01;3.43;1.25;0.05;1.45
Hold Alapkezelő Befektetési Alapkezelő Zártkörűen Működő Részvénytársaság;HOLD 2000 NYÍLTVÉGŰ VEGYES ÉRTÉKPAPÍRALAP A SOROZAT HUF;A;HU0000701693;nyílt végű;határozatlan;értékpapíralap;vegíes értékpapíralap;hazai;HUF;62,798,275,780.83;2.25;;;0.2;0.1;;1,092,019,471.00;710,911,627.00;;230,102,401.00;40,771,686.00;55,347,375.00;54,886,382.00;0.00;;0;1,037,133,089.00;68.55;3.93;1.13;0.06;1.65
Hold Alapkezelő Befektetési Alapkezelő Zártkörűen Működő Részvénytársaság;HOLD 2000 NYÍLTVÉGŰ VEGYES ÉRTÉKPAPÍRALAP B SOROZAT EUR;B;HU0000724711;nyílt végű;határozatlan;értékpapíralap;vegíes értékpapíralap;hazai;EUR;4,680,144,376.24;2.25;;;0.2;0.1;;81,246,883.00;34,602,959.00;;35,392,569.00;3,038,577.00;4,122,280.00;4,090,498.00;0.00;;0;77,156,385.00;44.85;3.94;0.74;0.06;1.65
Hold Alapkezelő Befektetési Alapkezelő Zártkörűen Működő Részvénytársaság;HOLD 2000 NYÍLTVÉGŰ VEGYES ÉRTÉKPAPÍRALAP I SOROZAT HUF;I;HU0000724737;nyílt végű;határozatlan;értékpapíralap;vegíes értékpapíralap;hazai;HUF;402,787,073.74;1.15;;;0.2;0.1;;4,185,917.00;3,217,304.00;;;261,509.00;355,063.00;352,041.00;0.00;;0;3,833,876.00;83.92;6.82;0.80;0.06;0.95
Hold Alapkezelő Befektetési Alapkezelő Zártkörűen Működő Részvénytársaság;HOLD 2029 DEEP VALUE RÉSZVÉNY BEFEKTETÉSI ALAP A SOROZAT;A;HU0000722715;nyílt végű;határozatlan;értékpapíralap;részvényalap;külföldi;EUR;9,907,346,786.59;1.5;20;éves;0.2;0.1;;293,330,413.00;149,726,701.00;110,651,465.00;;6,666,717.00;9,132,456.00;17,153,074.00;0.00;;0;165,525,874.00;90.46;4.03;1.51;0.07;1.67
Hold Alapkezelő Befektetési Alapkezelő Zártkörűen Működő Részvénytársaság;HOLD 2029 DEEP VALUE RÉSZVÉNY BEFEKTETÉSI ALAP B SOROZAT;B;HU0000722723;nyílt végű;határozatlan;értékpapíralap;részvényalap;külföldi;EUR;14,432,798,109.28;1;10;éves;0.2;0.1;;193,533,813.00;145,529,916.00;0.00;;9,711,923.00;13,303,765.00;24,988,209.00;0.00;;0;168,545,604.00;86.34;5.76;1.01;0.07;1.17
Hold Alapkezelő Befektetési Alapkezelő Zártkörűen Működő Részvénytársaság;HOLD 2029 DEEP VALUE RÉSZVÉNY BEFEKTETÉSI ALAP C SOROZAT;C;HU0000722731;nyílt végű;határozatlan;értékpapíralap;részvényalap;külföldi;EUR;1,071,373,065.26;2.5;20;éves;0.2;0.1;;36,006,702.00;27,014,224.00;5,427,856.00;;720,934.00;988,767.00;1,854,921.00;0.00;;0;28,723,925.00;94.05;2.51;2.52;0.07;2.68
Hold Alapkezelő Befektetési Alapkezelő Zártkörűen Működő Részvénytársaság;HOLD 3000 NYÍLTVÉGŰ VEGYES ÉRTÉKPAPÍRALAP A SOROZAT HUF;A;HU0000715180;nyílt végű;határozatlan;értékpapíralap;vegíes értékpapíralap;hazai;HUF;13,909,677,274.51;2.25;;;0.2;0.1;;283,123,689.00;119,767,342.00;;102,081,572.00;9,011,755.00;12,705,836.00;39,557,184.00;0.00;;0;243,566,505.00;49.17;3.70;0.86;0.06;1.75
Hold Alapkezelő Befektetési Alapkezelő Zártkörűen Működő Részvénytársaság;HOLD 3000 NYÍLTVÉGŰ VEGYES ÉRTÉKPAPÍRALAP B SOROZAT EUR;B;HU0000724745;nyílt végű;határozatlan;értékpapíralap;vegíes értékpapíralap;hazai;EUR;3,482,599,717.88;2.25;;;0.2;0.1;;70,870,807.00;28,646,606.00;;26,881,997.00;2,256,295.00;3,181,881.00;9,904,028.00;0.00;;0;60,966,779.00;46.99;3.70;0.82;0.06;1.75
Hold Alapkezelő Befektetési Alapkezelő Zártkörűen Működő Részvénytársaság;HOLD 3000 NYÍLTVÉGŰ VEGYES ÉRTÉKPAPÍRALAP I SOROZAT HUF;I;HU0000724760;nyílt végű;határozatlan;értékpapíralap;vegíes értékpapíralap;hazai;HUF;377,415,998.81;1.15;;;0.2;0.1;;4,865,431.00;3,202,655.00;;;244,519.00;344,938.00;1,073,319.00;0.00;;0;3,792,112.00;84.46;6.45;0.85;0.06;1.00
Hold Alapkezelő Befektetési Alapkezelő Zártkörűen Működő Részvénytársaság;HOLD BEAT ABSZOLÚT HOZAMÚ SZÁRMAZTATOTT BEFEKTETÉSI ALAP;A;HU0000728928;nyílt végű;határozatlan;értékpapíralap;abszolút hozamú alap;külföldi;HUF;1,875,713,025.93;2.25;;;0.2;0.1;;54,359,206.00;28,117,068.00;0.00;0.00;1,282,282.00;2,526,751.00;22,433,105.00;1,662.00;;0.01;31,926,101.00;88.07;4.02;1.50;0.07;1.71
Hold Alapkezelő Befektetési Alapkezelő Zártkörűen Működő Részvénytársaság;HOLD COLUMBUS GLOBÁLIS ÉRTÉKALAPÚ ABSZOLÚT HOZAMÚ SZÁRMAZTATOTT BEFEKTETÉSI ALAP A SOROZAT HUF;A;HU0000705702;nyílt végű;határozatlan;értékpapíralap;abszolút hozamú alap;külföldi;HUF;73,945,120,652.83;2.25;;;0.2;0.1;;1,638,713,436.00;1,086,359,079.00;;354,460,418.00;46,545,996.00;78,866,529.00;72,481,414.00;0.00;;0;1,566,232,022.00;69.36;2.97;1.47;0.06;2.12
Hold Alapkezelő Befektetési Alapkezelő Zártkörűen Működő Részvénytársaság;HOLD COLUMBUS GLOBÁLIS ÉRTÉKALAPÚ ABSZOLÚT HOZAMÚ SZÁRMAZTATOTT BEFEKTETÉSI ALAP B SOROZAT EUR;B;HU0000726484;nyílt végű;határozatlan;értékpapíralap;abszolút hozamú alap;külföldi;EUR;4,261,319,556.12;2.25;;;0.2;0.1;;94,319,485.00;53,773,990.00;;29,141,364.00;2,682,359.00;4,544,803.00;4,176,969.00;0.00;;0;90,142,516.00;59.65;2.98;1.26;0.06;2.12
Hold Alapkezelő Befektetési Alapkezelő Zártkörűen Működő Részvénytársaság;HOLD DIVERZIFIKÁCIÓ ABSZOLÚT HOZAMÚ SZÁRMAZTATOTT BEFEKTETÉSI ALAP;A;HU0000724125;nyílt végű;határozatlan;értékpapíralap;abszolút hozamú alap;külföldi;EUR;3,139,468,277.84;0;20;éves;0.2;0.1;;44,184,955.00;0.00;41,912,683.00;;0.00;0.00;2,272,272.00;14,565.00;;0.66;0.00;;;0.00;0.00;0.66
Hold Alapkezelő Befektetési Alapkezelő Zártkörűen Működő Részvénytársaság;HOLD EURO PB2 ABSZOLÚT HOZAMÚ ALAPOK ALAPJA;A;HU0000715172;nyílt végű;határozatlan;értékpapíralap;alapok alapja;külföldi;EUR;10,947,747,567.80;2.25;20;éves;0.2;0.1;;17,960,044.00;0.00;6,584,508.00;;4,394,239.00;5,742,751.00;1,238,546.00;1,826.00;;0.61;10,136,990.00;0.00;43.35;0.00;0.04;0.70
Hold Alapkezelő Befektetési Alapkezelő Zártkörűen Működő Részvénytársaság;HOLD EURO PB3 ABSZOLÚT HOZAMÚ ALAPOK ALAPJA;A;HU0000707245;nyílt végű;határozatlan;értékpapíralap;alapok alapja;külföldi;EUR;59,303,533,942.73;2.25;20;éves;0.2;0.1;;815,811,309.00;0.00;756,514,885.00;0.00;23,812,142.00;32,816,004.00;2,668,278.00;12,844.00;;0.92;56,628,146.00;0.00;42.05;0.00;0.04;1.02
Hold Alapkezelő Befektetési Alapkezelő Zártkörűen Működő Részvénytársaság;HOLD EXPEDÍCIÓ ABSZOLÚT HOZAMÚ SZÁRMAZTATOTT BEFEKTETÉSI ALAP A SOROZAT HUF;A;HU0000720503;nyílt végű;határozatlan;értékpapíralap;abszolút hozamú alap;külföldi;HUF;10,878,199,105.91;2.25;;;0.2;0.1;;242,019,047.00;167,285,107.00;;44,421,806.00;7,056,943.00;10,299,674.00;12,955,517.00;0.00;;0;229,063,530.00;73.03;3.08;1.54;0.06;2.11
Hold Alapkezelő Befektetési Alapkezelő Zártkörűen Működő Részvénytársaság;HOLD EXPEDÍCIÓ ABSZOLÚT HOZAMÚ SZÁRMAZTATOTT BEFEKTETÉSI ALAP B SOROZAT EUR;B;HU0000732656;nyílt végű;határozatlan;értékpapíralap;abszolút hozamú alap;külföldi;EUR;1,972,628,504.16;2.25;;;0.2;0.1;;43,872,859.00;28,147,003.00;;10,227,930.00;1,279,690.00;1,868,911.00;2,349,325.00;0.00;;0;41,523,534.00;67.79;3.08;1.43;0.06;2.10
Hold Alapkezelő Befektetési Alapkezelő Zártkörűen Működő Részvénytársaság;HOLD GALAXIS ABSZOLÚT HOZAMÚ ALAPOK ALAPJA;A;HU0000710116;nyílt végű;határozatlan;értékpapíralap;alapok alapja;külföldi;HUF;8,867,297,546.41;1;;;0.4;0.1;;8,523,976.00;0.00;0.00;0.00;3,542,061.00;4,737,627.00;244,288.00;2,912.00;;1.51;8,279,688.00;0.00;42.78;0.00;0.04;1.60
Hold Alapkezelő Befektetési Alapkezelő Zártkörűen Működő Részvénytársaság;HOLD GALAXIS EURO ABSZOLÚT HOZAMÚ  ALAPOK ALAPJA;A;HU0000712252;nyílt végű;határozatlan;értékpapíralap;alapok alapja;külföldi;EUR;4,460,310,589.41;1;;;0.4;0.1;;5,332,568.00;0.00;;;1,788,704.00;2,309,584.00;1,234,280.00;2,667.00;;1.42;4,098,288.00;0.00;43.65;0.00;0.04;1.51
Hold Alapkezelő Befektetési Alapkezelő Zártkörűen Működő Részvénytársaság;HOLD HOZAMKERESŐ EURÓPAI SZÁRMAZTATOTT RÉSZVÉNY BEFEKTETÉSI ALAP;A;HU0000711916;nyílt végű;határozatlan;értékpapíralap;részvényalap;külföldi;EUR;10,483,753,129.09;2.25;;;0.2;0.1;;237,269,761.00;205,351,528.00;;376,004.00;6,841,936.00;11,234,499.00;13,465,794.00;0.00;;0;223,803,967.00;91.76;3.06;1.96;0.07;2.13
Hold Alapkezelő Befektetési Alapkezelő Zártkörűen Működő Részvénytársaság;HOLD KOGA ABSZOLÚT HOZAMÚ ALAPOK ALAPJA;A;HU0000713235;nyílt végű;határozatlan;értékpapíralap;alapok alapja;külföldi;HUF;1,217,431,057.51;1;20;éves;0.2;0.1;;15,572,006.00;0.00;13,021,306.00;;912,803.00;1,519,634.00;118,263.00;1,362.00;;1.41;2,432,437.00;0.00;37.53;0.00;0.07;1.61
Hold Alapkezelő Befektetési Alapkezelő Zártkörűen Működő Részvénytársaság;HOLD KOGA EURO ABSZOLÚT HOZAMÚ ALAPOK ALAPJA;A;HU0000714498;nyílt végű;határozatlan;értékpapíralap;alapok alapja;külföldi;EUR;1,517,383,927.02;1;20;éves;0.2;0.1;;19,825,932.00;0.00;16,990,422.00;;1,142,339.00;1,537,000.00;156,171.00;1,418.00;;1.35;2,679,339.00;0.00;42.64;0.00;0.08;1.53
Hold Alapkezelő Befektetési Alapkezelő Zártkörűen Működő Részvénytársaság;HOLD KÖTVÉNY BEFEKTETÉSI ALAP;A;HU0000702030;nyílt végű;határozatlan;értékpapíralap;kötvényalap;hazai;HUF;12,681,518,401.84;2.25;;;0.2;0.1;;146,462,773.00;91,315,207.00;;35,879,052.00;5,087,777.00;12,975,003.00;1,205,734.00;0.00;;0;145,257,039.00;62.86;3.50;0.72;0.04;1.15
Hold Alapkezelő Befektetési Alapkezelő Zártkörűen Működő Részvénytársaság;HOLD KÖZÉP-EURÓPAI RÉSZVÉNY BEFEKTETÉSI ALAP;A;HU0000706163;nyílt végű;határozatlan;értékpapíralap;részvényalap;külföldi;HUF;20,031,918,997.58;2.25;;;0.2;0.1;;266,008,453.00;162,985,443.00;;29,389,623.00;17,412,969.00;18,790,465.00;37,429,953.00;0.00;;0;228,578,500.00;71.30;7.62;0.81;0.09;1.14
Hold Alapkezelő Befektetési Alapkezelő Zártkörűen Működő Részvénytársaság;HOLD MAX EURO ABSZOLÚT HOZAMÚ SZÁRMAZTATOTT BEFEKTETÉSI ALAP;A;HU0000717004;nyílt végű;határozatlan;értékpapíralap;abszolút hozamú alap;külföldi;EUR;77,531,560.71;0.1;;;0.15;0.1;;141,202.00;0.00;;;30,895.00;64,000.00;46,307.00;0.00;;0;94,895.00;0.00;32.56;0.00;0.04;0.12
Hold Alapkezelő Befektetési Alapkezelő Zártkörűen Működő Részvénytársaság;HOLD MAX USD ABSZOLÚT HOZAMÚ SZÁRMAZTATOTT BEFEKTETÉSI ALAP;A;HU0000716998;nyílt végű;határozatlan;értékpapíralap;abszolút hozamú alap;külföldi;USD;36,962,091.66;0.1;;;0.15;0.1;;94,546.00;0.00;;;14,522.00;32,000.00;48,024.00;0.00;;0;46,522.00;0.00;31.22;0.00;0.04;0.13
Hold Alapkezelő Befektetési Alapkezelő Zártkörűen Működő Részvénytársaság;HOLD MOLTO FORTE  EURO ABSZOLÚT HOZAMÚ ALAPOKBA FEKTETŐ RÉSZALAP;A;HU0000716741;nyílt végű;határozatlan;értékpapíralap;alapok alapja;külföldi;EUR;33,539,269,757.67;2.25;20;éves;0.2;0.1;;456,554,945.00;0.00;422,502,944.00;;13,462,110.00;19,900,454.00;689,437.00;3,132.00;;1.96;33,362,564.00;0.00;40.35;0.00;0.04;2.06
Hold Alapkezelő Befektetési Alapkezelő Zártkörűen Működő Részvénytársaság;HOLD MOLTO FORTE ABSZOLÚT HOZAMÚ ALAPOKBA FEKTETŐ RÉSZALAP A SOROZAT HUF;A;HU0000716584;nyílt végű;határozatlan;értékpapíralap;alapok alapja;külföldi;HUF;37,280,336,136.69;2.25;20;éves;0.2;0.1;;474,509,565.00;0.00;436,164,008.00;;14,892,684.00;21,899,030.00;1,553,843.00;17,497.00;;1.96;36,791,714.00;0.00;40.48;0.00;0.04;2.06
Hold Alapkezelő Befektetési Alapkezelő Zártkörűen Működő Részvénytársaság;HOLD MOLTO FORTE ABSZOLÚT HOZAMÚ ALAPOKBA FEKTETŐ RÉSZALAP B SOROZAT USD;B;HU0000732557;nyílt végű;határozatlan;értékpapíralap;alapok alapja;külföldi;USD;3,292,200,101.66;2.25;20;éves;0.2;0.1;;38,641,924.00;0.00;35,255,740.00;;1,315,162.00;1,933,804.00;137,218.00;1,545.00;;1.96;3,248,966.00;0.00;40.48;0.00;0.04;2.06
Hold Alapkezelő Befektetési Alapkezelő Zártkörűen Működő Részvénytársaság;HOLD NEMZETKÖZI RÉSZVÉNY ALAPOK ALAPJA A SOROZAT;A;HU0000702295;nyílt végű;határozatlan;értékpapíralap;részvényalap;külföldi;HUF;33,177,068,473.38;2.25;;;0.2;0.1;;409,105,912.00;286,358,632.00;;28,504,561.00;25,851,536.00;30,179,968.00;38,211,215.00;14,989.00;;0.04;370,894,697.00;77.21;6.97;0.86;0.08;1.16
Hold Alapkezelő Befektetési Alapkezelő Zártkörűen Működő Részvénytársaság;HOLD NEMZETKÖZI RÉSZVÉNY ALAPOK ALAPJA I SOROZAT;I;HU0000725205;nyílt végű;határozatlan;értékpapíralap;részvényalap;külföldi;HUF;218,603,718.74;1.15;20;éves;0.2;0.1;;1,776,346.00;1,154,878.00;;;170,336.00;199,358.00;251,774.00;99.00;;0.04;1,524,572.00;75.75;11.17;0.53;0.08;0.74
Hold Alapkezelő Befektetési Alapkezelő Zártkörűen Működő Részvénytársaság;HOLD ORION ABSZOLÚT HOZAMÚ SZÁRMAZTATOTT BEFEKTETÉSI ALAP A SOROZAT HUF;A;HU0000720339;nyílt végű;határozatlan;értékpapíralap;abszolút hozamú alap;külföldi;HUF;17,303,683,616.76;2.25;;;0.2;0.1;;389,847,238.00;254,741,143.00;;81,767,094.00;11,215,663.00;16,078,062.00;26,045,276.00;0.00;;0;363,801,962.00;70.02;3.08;1.47;0.06;2.10
Hold Alapkezelő Befektetési Alapkezelő Zártkörűen Működő Részvénytársaság;HOLD ORION ABSZOLÚT HOZAMÚ SZÁRMAZTATOTT BEFEKTETÉSI ALAP B SOROZAT EUR;B;HU0000732664;nyílt végű;határozatlan;értékpapíralap;abszolút hozamú alap;külföldi;EUR;3,733,746,114.12;2.25;;;0.2;0.1;;84,073,633.00;41,516,561.00;;31,047,953.00;2,420,088.00;3,469,046.00;5,619,985.00;0.00;;0;78,453,648.00;52.92;3.08;1.11;0.06;2.10
Hold Alapkezelő Befektetési Alapkezelő Zártkörűen Működő Részvénytársaság;HOLD PB1 ABSZOLÚT HOZAMÚ ALAPOK ALAPJA;A;HU0000704697;nyílt végű;határozatlan;értékpapíralap;alapok alapja;külföldi;HUF;15,464,675,059.93;2.25;20;éves;0.2;0.1;;18,417,179.00;0.00;3,268,066.00;;6,186,484.00;8,471,608.00;491,021.00;2,738.00;;0.92;14,658,092.00;0.00;42.21;0.00;0.04;1.01
Hold Alapkezelő Befektetési Alapkezelő Zártkörűen Működő Részvénytársaság;HOLD PB2 ABSZOLÚT HOZAMÚ ALAPOK ALAPJA;A;HU0000704705;nyílt végű;határozatlan;értékpapíralap;alapok alapja;külföldi;HUF;9,900,142,936.20;2.25;20;éves;0.2;0.1;;11,079,995.00;0.00;1,358,288.00;;3,960,025.00;5,395,750.00;365,932.00;1,952.00;;0.92;9,355,775.00;0.00;42.33;0.00;0.04;1.01
Hold Alapkezelő Befektetési Alapkezelő Zártkörűen Működő Részvénytársaság;HOLD PB3 ABSZOLÚT HOZAMÚ ALAPOK ALAPJA;A;HU0000704713;nyílt végű;határozatlan;értékpapíralap;alapok alapja;külföldi;HUF;66,810,873,736.83;2.25;20;éves;0.2;0.1;;891,437,619.00;0.00;825,327,169.00;;26,707,246.00;36,416,000.00;2,987,204.00;20,459.00;;0.79;63,123,246.00;0.00;42.31;0.00;0.04;0.88
Hold Alapkezelő Befektetési Alapkezelő Zártkörűen Működő Részvénytársaság;HOLD RÉSZVÉNY BEFEKTETÉSI ALAP A SOROZAT HUF;A;HU0000702022;nyílt végű;határozatlan;értékpapíralap;részvényalap;külföldi;HUF;83,887,972,648.87;2.25;;;0.2;0.1;;2,003,088,105.00;1,493,870,001.00;;223,581,348.00;54,448,427.00;75,242,782.00;155,945,547.00;0.00;;0;1,847,142,558.00;80.87;2.95;1.78;0.06;2.20
Hold Alapkezelő Befektetési Alapkezelő Zártkörűen Működő Részvénytársaság;HOLD RÉSZVÉNY BEFEKTETÉSI ALAP B SOROZAT EUR;B;HU0000724778;nyílt végű;határozatlan;értékpapíralap;részvényalap;külföldi;EUR;4,477,150,560.48;2.25;;;0.2;0.1;;106,658,500.00;53,448,411.00;;37,969,020.00;2,905,945.00;4,012,218.00;8,322,906.00;0.00;;0;98,335,594.00;54.35;2.96;1.19;0.06;2.20
Hold Alapkezelő Befektetési Alapkezelő Zártkörűen Működő Részvénytársaság;HOLD RÖVID FUTAMIDEJŰ KÖTVÉNY BEFEKTETÉSI ALAP;A;HU0000701685;nyílt végű;határozatlan;értékpapíralap;kötvényalap;hazai;HUF;23,509,412,538.63;2.25;;;0.2;0.1;;270,460,962.00;185,529,827.00;;49,450,408.00;10,818,572.00;22,083,022.00;2,579,133.00;0.00;;0;267,881,829.00;69.26;4.04;0.79;0.05;1.14
Hold Alapkezelő Befektetési Alapkezelő Zártkörűen Működő Részvénytársaság;HOLD RUBICON ABSZOLÚT HOZAMÚ SZÁRMAZTATOTT BEFEKTETÉSI ALAP;A;HU0000707252;nyílt végű;határozatlan;értékpapíralap;abszolút hozamú alap;külföldi;HUF;50,040,645,596.89;2.5;;;0.2;0.1;;1,162,082,371.00;999,553,115.00;;;31,485,930.00;52,565,799.00;78,477,527.00;0.00;;0;1,083,604,844.00;92.24;2.91;2.00;0.06;2.17
Hold Alapkezelő Befektetési Alapkezelő Zártkörűen Működő Részvénytársaság;HOLD SZÉF ABSZOLÚT HOZAMÚ BEFEKTETÉSI ALAP;A;HU0000701487;nyílt végű;határozatlan;értékpapíralap;abszolút hozamú alap;hazai;HUF;60,551,498,650.81;2.25;;;0.2;0.1;;661,621,499.00;569,476,656.00;;5,716,281.00;24,218,641.00;55,820,436.00;6,389,485.00;448.00;;0.01;655,232,014.00;86.91;3.70;0.94;0.04;1.09
Hold Alapkezelő Befektetési Alapkezelő Zártkörűen Működő Részvénytársaság;HOLD SZÉF ABSZOLÚT HOZAMÚ EURO BEFEKTETÉSI ALAP;A;HU0000705868;nyílt végű;határozatlan;értékpapíralap;abszolút hozamú alap;külföldi;EUR;28,562,528,813.03;2.25;;;0.2;0.1;;229,654,190.00;184,844,918.00;;2,576,517.00;13,191,773.00;26,776,857.00;2,264,125.00;306.00;;0.02;227,390,065.00;81.29;5.80;0.65;0.05;0.82
Hold Alapkezelő Befektetési Alapkezelő Zártkörűen Működő Részvénytársaság;HOLD SZÉF ABSZOLÚT HOZAMÚ USD BEFEKTETÉSI ALAP;A;HU0000705850;nyílt végű;határozatlan;értékpapíralap;abszolút hozamú alap;külföldi;USD;6,590,849,355.33;2.25;;;0.2;0.1;;63,447,908.74;53,629,674.00;;829.00;2,657,145.00;6,268,999.00;891,261.74;0.00;;0;62,556,647.00;85.73;4.25;0.81;0.04;0.95
Hold Alapkezelő Befektetési Alapkezelő Zártkörűen Működő Részvénytársaság;HOLD USD PB2 ABSZOLÚT HOZAMÚ ALAPOK ALAPJA;A;HU0000715164;nyílt végű;határozatlan;értékpapíralap;alapok alapja;külföldi;USD;3,923,333,171.49;2.25;20;éves;0.2;0.1;;4,572,914.00;0.00;;;1,578,372.00;2,698,750.00;295,792.00;1,371.00;;0.77;4,277,122.00;0.00;36.90;0.00;0.04;0.88
Hold Alapkezelő Befektetési Alapkezelő Zártkörűen Működő Részvénytársaság;HOLD USD PB3 ABSZOLÚT HOZAMÚ ALAPOK ALAPJA;A;HU0000714670;nyílt végű;határozatlan;értékpapíralap;alapok alapja;külföldi;USD;23,120,264,252.62;2.25;20;éves;0.2;0.1;;324,848,915.00;0.00;301,117,221.00;;9,302,508.00;13,367,754.00;1,061,432.00;6,421.00;;1.01;22,670,262.00;0.00;41.03;0.00;0.04;1.11
Hold Alapkezelő Befektetési Alapkezelő Zártkörűen Működő Részvénytársaság;HOLD VK 100 ABSZOLÚT HOZAMÚ ALAPOKBA FEKTETŐ RÉSZALAP A SOROZAT HUF;A;HU0000727730;nyílt végű;határozatlan;értékpapíralap;alapok alapja;külföldi;HUF;1,073,711,851.49;2.25;20;éves;0.2;0.1;;8,881,022.00;0.00;7,437,105.00;;428,152.00;561,547.00;454,218.00;1,598.00;;0.95;989,699.00;0.00;43.26;0.00;0.04;1.04
Hold Alapkezelő Befektetési Alapkezelő Zártkörűen Működő Részvénytársaság;HOLD VK 100 ABSZOLÚT HOZAMÚ ALAPOKBA FEKTETŐ RÉSZALAP B SOROZAT EUR;B;HU0000727748;nyílt végű;határozatlan;értékpapíralap;alapok alapja;külföldi;EUR;317,198,119.37;2.25;20;éves;0.2;0.1;;2,671,020.00;0.00;2,244,238.00;;126,486.00;166,110.00;134,186.00;472.00;;0.95;292,596.00;0.00;43.23;0.00;0.04;1.04
Hold Alapkezelő Befektetési Alapkezelő Zártkörűen Működő Részvénytársaság;HOLD VK 100 ABSZOLÚT HOZAMÚ ALAPOKBA FEKTETŐ RÉSZALAP C SOROZAT USD;C;HU0000733688;nyílt végű;határozatlan;értékpapíralap;alapok alapja;külföldi;USD;88,302,407.17;2.25;20;éves;0.2;0.1;;695,937.00;0.00;577,029.00;;35,211.00;46,342.00;37,355.00;131.00;;0.95;81,553.00;0.00;43.18;0.00;0.04;1.04
Hold Alapkezelő Befektetési Alapkezelő Zártkörűen Működő Részvénytársaság;HOLD VK 200 ABSZOLÚT HOZAMÚ ALAPOKBA FEKTETŐ RÉSZALAP A SOROZAT HUF;A;HU0000727755;nyílt végű;határozatlan;értékpapíralap;alapok alapja;külföldi;HUF;5,254,639,411.84;2.25;20;éves;0.2;0.1;;77,541,776.00;0.00;71,573,191.00;;2,095,326.00;2,411,070.00;1,462,189.00;4,260.00;;1.13;4,506,396.00;0.00;46.50;0.00;0.04;1.22
Hold Alapkezelő Befektetési Alapkezelő Zártkörűen Működő Részvénytársaság;HOLD VK 200 ABSZOLÚT HOZAMÚ ALAPOKBA FEKTETŐ RÉSZALAP B SOROZAT EUR;B;HU0000727763;nyílt végű;határozatlan;értékpapíralap;alapok alapja;külföldi;EUR;967,972,145.24;2.25;20;éves;0.2;0.1;;13,813,030.00;0.00;12,714,123.00;;385,986.00;443,567.00;269,354.00;785.00;;1.13;829,553.00;0.00;46.53;0.00;0.04;1.22
Hold Alapkezelő Befektetési Alapkezelő Zártkörűen Működő Részvénytársaság;HOLD VK 200 ABSZOLÚT HOZAMÚ ALAPOKBA FEKTETŐ RÉSZALAP C SOROZAT USD;C;HU0000733696;nyílt végű;határozatlan;értékpapíralap;alapok alapja;külföldi;USD;232,561,505.59;2.25;20;éves;0.2;0.1;;3,221,587.00;0.00;2,957,774.00;;92,736.00;106,363.00;64,714.00;189.00;;1.13;199,099.00;0.00;46.58;0.00;0.04;1.22
Hold Alapkezelő Befektetési Alapkezelő Zártkörűen Működő Részvénytársaság;HOLD VK 300 ABSZOLÚT HOZAMÚ ALAPOKBA FEKTETŐ RÉSZALAP A SOROZAT HUF;A;HU0000727771;nyílt végű;határozatlan;értékpapíralap;alapok alapja;külföldi;HUF;6,579,358,908.39;2.25;20;éves;0.2;0.1;;127,032,196.00;0.00;119,059,299.00;;2,621,691.00;2,982,534.00;2,368,672.00;7,565.00;;1.27;5,604,225.00;0.00;46.78;0.00;0.04;1.36
Hold Alapkezelő Befektetési Alapkezelő Zártkörűen Működő Részvénytársaság;HOLD VK 300 ABSZOLÚT HOZAMÚ ALAPOKBA FEKTETŐ RÉSZALAP B SOROZAT EUR;B;HU0000727789;nyílt végű;határozatlan;értékpapíralap;alapok alapja;külföldi;EUR;1,967,063,441.99;2.25;20;éves;0.2;0.1;;37,898,847.00;0.00;35,516,792.00;;783,820.00;890,061.00;708,174.00;2,262.00;;1.27;1,673,881.00;0.00;46.83;0.00;0.04;1.36
Hold Alapkezelő Befektetési Alapkezelő Zártkörűen Működő Részvénytársaság;HOLD VK 300 ABSZOLÚT HOZAMÚ ALAPOKBA FEKTETŐ RÉSZALAP C SOROZAT USD;C;HU0000733704;nyílt végű;határozatlan;értékpapíralap;alapok alapja;külföldi;USD;524,448,795.49;2.25;20;éves;0.2;0.1;;9,744,023.00;0.00;9,107,829.00;;208,978.00;238,406.00;188,810.00;603.00;;1.27;447,384.00;0.00;46.71;0.00;0.04;1.36
Hold Alapkezelő Befektetési Alapkezelő Zártkörűen Működő Részvénytársaság;HOLD VM ABSZOLÚT HOZAMÚ SZÁRMAZTATOTT BEFEKTETÉSI ALAP A SOROZAT;A;HU0000703749;nyílt végű;határozatlan;értékpapíralap;abszolút hozamú alap;külföldi;HUF;1,274,984,804.65;2.25;20;éves;0.2;0.1;;45,119,929.00;14,284,305.00;15,618,325.00;7,301,194.00;691,098.00;2,060,419.00;5,164,588.00;0.00;;0;24,337,016.00;58.69;2.84;1.12;0.05;1.91
Hold Alapkezelő Befektetési Alapkezelő Zártkörűen Működő Részvénytársaság;HOLD VM ABSZOLÚT HOZAMÚ SZÁRMAZTATOTT BEFEKTETÉSI ALAP B SOROZAT;B;HU0000717111;nyílt végű;határozatlan;értékpapíralap;abszolút hozamú alap;külföldi;HUF;16,255,309.29;2.25;10;éves;0.2;0.1;;515,503.00;321,921.00;91,342.00;;8,811.00;27,583.00;65,846.00;0.00;;0;358,315.00;89.84;2.46;1.98;0.05;2.20
Hold Alapkezelő Befektetési Alapkezelő Zártkörűen Működő Részvénytársaság;HOLD VM ABSZOLÚT HOZAMÚ SZÁRMAZTATOTT BEFEKTETÉSI ALAP C SOROZAT;C;HU0000717129;nyílt végű;határozatlan;értékpapíralap;abszolút hozamú alap;külföldi;HUF;25,625,540.46;1.2;20;éves;0.2;0.1;;781,324.00;306,647.00;316,538.00;;13,890.00;40,448.00;103,801.00;0.00;;0;360,985.00;84.95;3.85;1.20;0.05;1.41
Hold Alapkezelő Befektetési Alapkezelő Zártkörűen Működő Részvénytársaság;HOLD VM EURO ABSZOLÚT HOZAMÚ  ALAPOK ALAPJA;A;HU0000708938;nyílt végű;határozatlan;értékpapíralap;alapok alapja;külföldi;EUR;155,420,399.78;0;;;0.2;0.1;;681,698.00;0.00;;;62,627.00;472,751.00;146,320.00;1,109.00;;1.75;535,378.00;0.00;11.70;0.00;0.04;2.09
Hold Alapkezelő Befektetési Alapkezelő Zártkörűen Működő Részvénytársaság;PALOMAR ABSZOLÚT HOZAMÚ SZÁRMAZTATOTT BEFEKTETÉSI ALAP A SOROZAT HUF;A;HU0000729694;nyílt végű;határozatlan;értékpapíralap;abszolút hozamú alap;külföldi;HUF;552,853,702.25;2.25;20;éves;0.2;0.1;;24,359,490.00;9,647,671.00;10,841,060.00;;359,040.00;723,229.00;2,788,490.00;549.00;;0.02;10,729,940.00;89.91;3.35;1.75;0.06;1.96
Hold Alapkezelő Befektetési Alapkezelő Zártkörűen Működő Részvénytársaság;PALOMAR ABSZOLÚT HOZAMÚ SZÁRMAZTATOTT BEFEKTETÉSI ALAP B SOROZAT EUR;B;HU0000729702;nyílt végű;határozatlan;értékpapíralap;abszolút hozamú alap;külföldi;EUR;50,980,230.32;2.25;20;éves;0.2;0.1;;2,412,969.00;890,782.00;1,165,234.00;;33,108.00;66,710.00;257,135.00;51.00;;0.02;990,600.00;89.92;3.34;1.75;0.06;1.96
Hold Alapkezelő Befektetési Alapkezelő Zártkörűen Működő Részvénytársaság;PALOMAR ABSZOLÚT HOZAMÚ SZÁRMAZTATOTT BEFEKTETÉSI ALAP C SOROZAT USD;C;HU0000729710;nyílt végű;határozatlan;értékpapíralap;abszolút hozamú alap;külföldi;USD;49,443,392.07;2.25;20;éves;0.2;0.1;;2,410,631.00;864,708.00;1,200,189.00;;32,110.00;64,241.00;249,383.00;49.00;;0.02;961,059.00;89.97;3.34;1.75;0.06;1.96
Hold Alapkezelő Befektetési Alapkezelő Zártkörűen Működő Részvénytársaság;PALOMAR ABSZOLÚT HOZAMÚ SZÁRMAZTATOTT BEFEKTETÉSI ALAP D SOROZAT HUF;D;HU0000729728;nyílt végű;határozatlan;értékpapíralap;abszolút hozamú alap;külföldi;HUF;2,211,784,141.41;2;20;éves;0.2;0.1;;64,428,638.00;22,109,440.00;26,836,709.00;;1,436,399.00;2,890,270.00;11,155,820.00;2,198.00;;0.02;26,436,109.00;83.63;5.43;1.00;0.06;1.22
Hold Alapkezelő Befektetési Alapkezelő Zártkörűen Működő Részvénytársaság;PLATINA ALFA ABSZOLÚT HOZAMÚ SZÁRMAZTATOTT BEFEKTETÉSI ALAP;A;HU0000704648;nyílt végű;határozatlan;értékpapíralap;abszolút hozamú alap;külföldi;HUF;2,151,744,251.52;2;;;0.4;0.1;;9,445,516.00;3,656,134.00;;;1,526,979.00;2,398,500.00;1,863,903.00;0.00;;0;7,581,613.00;48.22;20.14;0.17;0.07;0.35
Hold Alapkezelő Befektetési Alapkezelő Zártkörűen Működő Részvénytársaság;PLATINA BÉTA ABSZOLÚT HOZAMÚ SZÁRMAZTATOTT BEFEKTETÉSI ALAP;A;HU0000704655;nyílt végű;határozatlan;értékpapíralap;abszolút hozamú alap;külföldi;HUF;2,859,748,041.63;2;;;0.4;0.1;;9,805,877.00;4,858,961.00;;;2,029,348.00;2,556,082.00;361,486.00;881.00;;0.35;9,444,391.00;51.45;21.49;0.17;0.07;0.68
Hold Alapkezelő Befektetési Alapkezelő Zártkörűen Működő Részvénytársaság;PLATINA DELTA ABSZOLÚT HOZAMÚ SZÁRMAZTATOTT BEFEKTETÉSI ALAP;A;HU0000704671;nyílt végű;határozatlan;értékpapíralap;abszolút hozamú alap;külföldi;HUF;2,647,094,338.36;2;;;0.4;0.1;;28,728,598.00;8,143,871.00;;;1,877,272.00;3,104,999.00;15,602,456.00;0.00;;0;13,126,142.00;62.04;14.30;0.31;0.07;0.50
Hold Alapkezelő Befektetési Alapkezelő Zártkörűen Működő Részvénytársaság;PLATINA GAMMA ABSZOLÚT HOZAMÚ SZÁRMAZTATOTT BEFEKTETÉSI ALAP;A;HU0000704663;nyílt végű;határozatlan;értékpapíralap;abszolút hozamú alap;külföldi;HUF;6,046,823,644.87;2;;;0.4;0.1;;23,583,698.00;9,065,583.00;;;3,950,239.00;6,003,450.00;4,564,426.00;0.00;;0;19,019,272.00;47.67;20.77;0.15;0.07;0.31
Hold Alapkezelő Befektetési Alapkezelő Zártkörűen Működő Részvénytársaság;SEQUOIA ABSZOLÚT HOZAMÚ ALAPOK ALAPJA;A;HU0000718903;nyílt végű;határozatlan;értékpapíralap;alapok alapja;külföldi;EUR;195,493,701.61;0.35;20;éves;0.2;0.1;;912,700.00;0.00;;;76,246.00;753,000.00;83,454.00;207.00;;0.52;829,246.00;0.00;9.19;0.00;0.04;0.94
Hold Alapkezelő Befektetési Alapkezelő Zártkörűen Működő Részvénytársaság;SUI GENERIS 1.1 ABSZOLÚT HOZAMÚ SZÁRMAZTATOTT BEFEKTETÉSI ALAP;A;HU0000713227;nyílt végű;határozatlan;értékpapíralap;abszolút hozamú alap;külföldi;HUF;1,773,252,623.10;2;20;éves;0.2;0.1;;16,143,109.00;0.00;12,472,480.00;;1,329,522.00;2,099,450.00;241,657.00;593.00;;0.37;3,428,972.00;0.00;38.77;0.00;0.07;0.56
Hold Alapkezelő Befektetési Alapkezelő Zártkörűen Működő Részvénytársaság;SUPERPOSITION ABSZOLÚT HOZAMÚ SZÁRMAZTATOTT BEFEKTETÉSI ALAP A SOROZAT HUF;A;HU0000713243;nyílt végű;határozatlan;értékpapíralap;abszolút hozamú alap;külföldi;HUF;2,176,882,056.73;1.7;20;éves;0.2;0.1;;115,451,607.00;23,201,067.00;72,593,310.00;13,746,936.00;1,513,884.00;2,295,654.00;2,100,756.00;5.00;;0;40,757,541.00;56.92;3.71;1.07;0.07;1.87
Hold Alapkezelő Befektetési Alapkezelő Zártkörűen Működő Részvénytársaság;SUPERPOSITION ABSZOLÚT HOZAMÚ SZÁRMAZTATOTT BEFEKTETÉSI ALAP B SOROZAT HUF;B;HU0000718986;nyílt végű;határozatlan;értékpapíralap;abszolút hozamú alap;külföldi;HUF;2,884,247,791.40;1.7;10;éves;0.2;0.1;;106,495,864.00;48,972,455.00;49,690,556.00;0.00;2,005,812.00;3,043,657.00;2,783,384.00;6.00;;0;54,021,924.00;90.65;3.71;1.70;0.07;1.87
Hold Alapkezelő Befektetési Alapkezelő Zártkörűen Működő Részvénytársaság;SUPERPOSITION ABSZOLÚT HOZAMÚ SZÁRMAZTATOTT BEFEKTETÉSI ALAP C SOROZAT HUF;C;HU0000718994;nyílt végű;határozatlan;értékpapíralap;abszolút hozamú alap;külföldi;HUF;230,642,244.37;1.2;20;éves;0.2;0.1;;11,195,208.00;2,762,926.00;7,806,605.00;0.00;160,397.00;242,704.00;222,576.00;1.00;;0;3,166,027.00;87.27;5.07;1.20;0.07;1.37
KBC Asset Management N.V. Magyarországi Fióktelepe;K&H Állampapír Alap;"K&H Állampapír Alap ""n"" sorozat";HU0000712872;NYÍLT VÉGŰ;határozatlan;ÉRTÉKPAPÍRALAP;rövid kötvényalap;HAZAI;HUF;378,259,200,210.00;1.55;0;;0.1;1.1;2.75;5,414,794,968.00;4,966,125,460.00;0.00;0.00;305,607,729.00;142,779,982.00;281,797.00;0.00;0.00;0;5,414,513,171.00;91.72;5.64;1.31;0.08;1.43
KBC Asset Management N.V. Magyarországi Fióktelepe;K&H Állampapír Alap;"K&H Állampapír Alap ""f"" sorozat";HU0000718762;NYÍLT VÉGŰ;határozatlan;ÉRTÉKPAPÍRALAP;rövid kötvényalap;HAZAI;HUF;51,851,823,137.00;1.55;0;;0.1;1.1;2.75;132,214,744.00;70,704,721.00;0.00;0.00;41,899,095.00;19,572,299.00;38,629.00;0.00;0.00;0;132,176,115.00;53.49;31.70;0.14;0.08;0.25
KBC Asset Management N.V. Magyarországi Fióktelepe;K&H Amerika Alap;K&H Amerika Alap USD;HU0000717210;NYÍLT VÉGŰ;határozatlan;ÉRTÉKPAPÍRALAP;részvényalap;KÜLFÖLDI;USD;5,578,459,332.00;3.4;0;;0.1;1.1;4.6;104,823,356.00;95,575,889.00;0.00;0.00;4,460,613.00;2,567,282.00;2,219,572.00;1,750,432.00;0.00;0.48;102,603,784.00;93.15;4.35;1.71;0.08;2.32
KBC Asset Management N.V. Magyarországi Fióktelepe;K&H Amerika Alap;K&H Amerika Alap HUF;HU0000701982;NYÍLT VÉGŰ;határozatlan;ÉRTÉKPAPÍRALAP;részvényalap;KÜLFÖLDI;HUF;24,122,017,374.00;3.4;0;;0.1;1.1;4.6;481,324,729.00;441,337,419.00;0.00;0.00;19,288,298.00;11,101,281.00;9,597,731.00;7,569,105.00;0.00;0.48;471,726,998.00;93.56;4.09;1.83;0.08;2.44
KBC Asset Management N.V. Magyarországi Fióktelepe;K&H Aranykosár Alap;K&H Aranykosár Alap;HU0000702337;NYÍLT VÉGŰ;határozatlan;ÉRTÉKPAPÍRALAP;rövid kötvényalap;HAZAI;HUF;161,736,272,782.00;1.55;0;;0.1;1.1;2.75;2,309,211,129.00;2,117,065,790.00;0.00;0.00;128,765,975.00;62,741,995.00;637,369.00;0.00;0.00;0;2,308,573,760.00;91.70;5.58;1.31;0.08;1.43
KBC Asset Management N.V. Magyarországi Fióktelepe;K&H Ázsia Alap;K&H Ázsia Alap n sorozat;HU0000704432;NYÍLT VÉGŰ;határozatlan;ÉRTÉKPAPÍRALAP;részvényalap;KÜLFÖLDI;HUF;5,517,670,678.00;3.4;0;;0.1;1.1;4.6;111,270,202.00;99,616,850.00;0.00;0.00;3,495,219.00;3,122,689.00;5,035,444.00;4,805,704.00;0.00;0.75;106,234,758.00;93.77;3.29;1.81;0.06;2.68
KBC Asset Management N.V. Magyarországi Fióktelepe;K&H Dollár Pénzpiaci Alap;K&H Dollár Pénzpiaci Alap;HU0000705223;NYÍLT VÉGŰ;határozatlan;ÉRTÉKPAPÍRALAP;részvényalap;KÜLFÖLDI;USD;41,290,365,936.00;1.55;0;;0.1;1.1;2.75;190,849,904.90;166,500,278.00;0.00;0.00;3,330,250.00;19,430,031.91;1,589,344.99;0.00;0.00;0;189,260,559.91;87.97;1.76;0.40;0.01;0.46
KBC Asset Management N.V. Magyarországi Fióktelepe;K&H Európa Alap;K&H Európa Alap EUR;HU0000708342;NYÍLT VÉGŰ;határozatlan;ÉRTÉKPAPÍRALAP;részvényalap;KÜLFÖLDI;EUR;7,432,924,185.00;3.4;0;;0.1;1.1;4.6;143,498,604.00;130,720,798.00;0.00;0.00;5,882,993.00;3,620,774.00;3,274,039.00;3,004,173.00;0.00;0.57;140,224,565.00;93.22;4.20;1.76;0.08;2.46
KBC Asset Management N.V. Magyarországi Fióktelepe;K&H Európa Alap;K&H Európa Alap HUF;HU0000702360;NYÍLT VÉGŰ;határozatlan;ÉRTÉKPAPÍRALAP;részvényalap;KÜLFÖLDI;HUF;7,946,281,492.00;3.4;0;;0.1;1.1;4.6;157,330,305.00;143,669,994.00;0.00;0.00;6,289,304.00;3,870,845.00;3,500,162.00;3,211,658.00;0.00;0.57;153,830,143.00;93.40;4.09;1.81;0.08;2.51
KBC Asset Management N.V. Magyarországi Fióktelepe;K&H iram felelős befektetés nyíltvégű alapok alapja;"K&H iram felelős befektetés nyíltvégű alapok alapja ""normál"" befektetési jegy";HU0000728746;NYÍLT VÉGŰ;határozatlan;ÉRTÉKPAPÍRALAP;dinamikus vegyes alap;KÜLFÖLDI;HUF;6,324,298,494.00;3.5;0;;0.1;1.1;4.7;130,666,754.00;110,068,987.00;0.00;0.00;3,803,389.00;5,288,246.00;11,506,132.00;7,331,135.00;0.00;0.44;119,160,622.00;92.37;3.19;1.74;0.06;2.32
KBC Asset Management N.V. Magyarországi Fióktelepe;K&H iram felelős befektetés nyíltvégű alapok alapja;"K&H iram felelős befektetés nyíltvégű alapok alapja ""rendszeres"" befektetési jegy";HU0000728753;NYÍLT VÉGŰ;határozatlan;ÉRTÉKPAPÍRALAP;dinamikus vegyes alap;KÜLFÖLDI;HUF;1,339,401,548.00;3.5;0;;0.1;1.1;4.7;27,673,465.00;23,311,134.00;0.00;0.00;805,507.00;1,119,980.00;2,436,844.00;1,552,636.00;0.00;0.44;25,236,621.00;92.37;3.19;1.74;0.06;2.32
KBC Asset Management N.V. Magyarországi Fióktelepe;K&H kényelem felelős befektetés nyíltvégű alapok alapja;"K&H kényelem felelős befektetés nyíltvégű alapok alapja ""normál"" befektetési jegy";HU0000724455;NYÍLT VÉGŰ;határozatlan;ÉRTÉKPAPÍRALAP;kötvénytúlsúlyos vegyes alap;KÜLFÖLDI;HUF;30,850,200,394.00;2;0;;0.1;1.1;3.2;543,074,195.00;491,869,777.00;0.00;0.00;18,195,092.00;14,076,881.00;18,932,445.00;10,769,475.00;0.00;0.35;524,141,750.00;93.84;3.47;1.59;0.06;2.05
KBC Asset Management N.V. Magyarországi Fióktelepe;K&H kényelem felelős befektetés nyíltvégű alapok alapja;"K&H kényelem felelős befektetés nyíltvégű alapok alapja ""rendszeres"" befektetési jegy";HU0000724463;NYÍLT VÉGŰ;határozatlan;ÉRTÉKPAPÍRALAP;kötvénytúlsúlyos vegyes alap;KÜLFÖLDI;HUF;3,150,290,408.00;2;0;;0.1;1.1;3.2;55,456,414.00;50,227,636.00;0.00;0.00;1,858,005.00;1,437,472.00;1,933,301.00;1,099,733.00;0.00;0.35;53,523,113.00;93.84;3.47;1.59;0.06;2.05
KBC Asset Management N.V. Magyarországi Fióktelepe;K&H Kötvény Alap;K&H Kötvény Alap 'f' sorozat;HU0000720644;NYÍLT VÉGŰ;határozatlan;ÉRTÉKPAPÍRALAP;hosszú kötvényalap;HAZAI;HUF;151,888,695,555.00;1.55;0;;0.1;1.1;2.75;388,353,429.00;206,917,201.00;0.00;0.00;122,504,832.00;58,461,562.00;469,834.00;0.00;0.00;0;387,883,595.00;53.35;31.58;0.14;0.08;0.26
KBC Asset Management N.V. Magyarországi Fióktelepe;K&H Kötvény Alap;"K&H Kötvény Alap ""n";HU0000702345;NYÍLT VÉGŰ;határozatlan;ÉRTÉKPAPÍRALAP;hosszú kötvényalap;HAZAI;HUF;47,891,881,700.00;1.55;0;;0.1;1.1;2.75;684,011,626.00;626,803,140.00;0.00;0.00;38,626,883.00;18,433,460.00;148,143.00;0.00;0.00;0;683,863,483.00;91.66;5.65;1.31;0.08;1.43
KBC Asset Management N.V. Magyarországi Fióktelepe;K&H közép-európai részvény alap;K&H közép-európai részvény alap;HU0000702915;NYÍLT VÉGŰ;határozatlan;ÉRTÉKPAPÍRALAP;részvényalap;KÜLFÖLDI;HUF;3,438,756,058.00;3.4;0;;0.1;1.1;4.6;69,428,872.00;62,390,226.00;0.00;0.00;2,676,940.00;3,332,203.00;1,029,503.00;0.00;0.00;0;68,399,369.00;91.21;3.91;1.81;0.08;1.99
KBC Asset Management N.V. Magyarországi Fióktelepe;K&H lendület felelős befektetés nyíltvégű alapok alapja;"K&H lendület felelős befektetés nyíltvégű alapok alapja ""normál"" befektetési jegy";HU0000723168;NYÍLT VÉGŰ;határozatlan;ÉRTÉKPAPÍRALAP;kiegyensúlyozott vegyes alap;KÜLFÖLDI;HUF;51,253,860,822.00;3.5;0;;0.1;1.1;4.7;866,032,773.00;776,282,249.00;0.00;0.00;29,063,094.00;20,064,142.00;40,623,288.00;18,690,193.00;0.00;0.37;825,409,485.00;94.05;3.52;1.51;0.06;1.98
KBC Asset Management N.V. Magyarországi Fióktelepe;K&H lendület felelős befektetés nyíltvégű alapok alapja;"K&H lendület felelős befektetés nyíltvégű alapok alapja ""rendszeres"" befektetési jegy";HU0000723176;NYÍLT VÉGŰ;határozatlan;ÉRTÉKPAPÍRALAP;kiegyensúlyozott vegyes alap;KÜLFÖLDI;HUF;7,695,410,428.00;3.5;0;;0.1;1.1;4.7;130,028,793.00;116,553,376.00;0.00;0.00;4,363,621.00;3,012,492.00;6,099,304.00;2,806,202.00;0.00;0.37;123,929,489.00;94.05;3.52;1.51;0.06;1.98
KBC Asset Management N.V. Magyarországi Fióktelepe;K&H Navigátor Alap;K&H Navigátor Alap ;HU0000702352;NYÍLT VÉGŰ;határozatlan;ÉRTÉKPAPÍRALAP;részvényalap;HAZAI;HUF;9,327,102,840.00;2.1;0;;0.1;1.1;3.3;189,904,884.00;168,957,356.00;0.00;0.00;13,733,870.00;6,141,548.00;1,072,110.00;0.00;0.00;0;188,832,774.00;89.47;7.27;1.81;0.15;2.02
KBC Asset Management N.V. Magyarországi Fióktelepe;K&H nemzetközi vegyes alapok nyíltvégű befektetési alapja;K&H nemzetközi vegyes alapok nyíltvégű befektetési alapja EUR;HU0000709175;NYÍLT VÉGŰ;határozatlan;ÉRTÉKPAPÍRALAP;kötvénytúlsúlyos vegyes alap;KÜLFÖLDI;EUR;48,264,776,092.00;2.65;0;;0.1;1.1;3.85;795,722,028.00;723,940,489.00;0.00;0.00;29,204,969.00;20,364,249.00;22,212,321.00;5,920,005.00;0.00;0.3;773,509,707.00;93.59;3.78;1.50;0.06;1.90
KBC Asset Management N.V. Magyarországi Fióktelepe;K&H nemzetközi vegyes alapok nyíltvégű befektetési alapja;K&H nemzetközi vegyes alapok nyíltvégű befektetési alapja USD;HU0000718002;NYÍLT VÉGŰ;határozatlan;ÉRTÉKPAPÍRALAP;kötvénytúlsúlyos vegyes alap;KÜLFÖLDI;USD;10,267,085,914.00;2.65;0;;0.1;1.1;3.85;169,374,650.00;153,907,046.00;0.00;0.00;6,212,582.00;4,331,961.00;4,923,061.00;1,312,088.00;0.00;0.3;164,451,589.00;93.59;3.78;1.50;0.06;1.90
KBC Asset Management N.V. Magyarországi Fióktelepe;K&H Nyersanyag Alap;"K&H Nyersanyag Alap ""USD"" sorozat";HU0000708060;NYÍLT VÉGŰ;határozatlan;ÉRTÉKPAPÍRALAP;részvényalap;KÜLFÖLDI;USD;714,814,177.00;2.2;0;;0.1;1.1;3.4;11,461,022.00;10,028,421.00;0.00;0.00;471,379.00;769,751.00;191,471.00;106,393.00;0.00;0.47;11,269,551.00;88.99;4.18;1.40;0.07;2.05
KBC Asset Management N.V. Magyarországi Fióktelepe;K&H Nyersanyag Alap;"K&H Nyersanyag Alap ""HUF"" sorozat";HU0000708078;NYÍLT VÉGŰ;határozatlan;ÉRTÉKPAPÍRALAP;részvényalap;KÜLFÖLDI;HUF;3,228,176,575.00;2.2;0;;0.1;1.1;3.4;52,537,571.00;45,596,409.00;0.00;0.00;2,600,179.00;3,476,279.00;864,704.00;480,483.00;0.00;0.47;51,672,867.00;88.24;5.03;1.41;0.08;2.07
KBC Asset Management N.V. Magyarországi Fióktelepe;K&H Öko Nyíltvégű Befektetési Alapok Alapja;K&H Öko Nyíltvégű Befektetési Alapok Alapja;HU0000705645;NYÍLT VÉGŰ;határozatlan;ÉRTÉKPAPÍRALAP;részvényalap;KÜLFÖLDI;HUF;6,953,688,299.00;3.4;0;;0.1;1.1;4.6;138,086,419.07;125,861,039.00;0.00;0.00;5,593,824.00;4,558,351.00;2,073,205.07;1,687,126.66;0.00;0.68;136,013,214.00;92.54;4.11;1.81;0.08;2.64
KBC Asset Management N.V. Magyarországi Fióktelepe;K&H privátbanki hozamfizető nyíltvégű alapok alapja;K&H privátbanki hozamfizető nyíltvégű alapok alapja;HU0000723010;NYÍLT VÉGŰ;határozatlan;ÉRTÉKPAPÍRALAP;kötvénytúlsúlyos vegyes alap;KÜLFÖLDI;HUF;1,991,184,103.00;3.5;0;;0.1;1.1;4.7;29,928,341.00;25,094,175.00;0.00;0.00;1,204,524.00;3,292,474.00;337,168.00;0.00;0.00;2.07;29,591,173.00;84.80;4.07;1.26;0.06;3.56
KBC Asset Management N.V. Magyarországi Fióktelepe;K&H válogatott iram alapok nyíltvégű befektetési alapja;"K&H válogatott iram alapok nyíltvégű befektetési alapja ""n";HU0000703434;NYÍLT VÉGŰ;határozatlan;ÉRTÉKPAPÍRALAP;dinamikus vegyes alap;HAZAI;HUF;73,475,781,816.00;2;0;;0.1;1.1;3.2;1,222,024,707.00;1,112,356,634.00;0.00;0.00;41,652,560.00;28,641,225.00;39,374,288.00;6,381,208.00;0.00;0.36;1,182,650,419.00;94.06;3.52;1.51;0.06;1.97
KBC Asset Management N.V. Magyarországi Fióktelepe;K&H válogatott iram alapok nyíltvégű befektetési alapja;K&H válogatott iram alapok nyíltvégű befektetési alapja 'R' sorozat;HU0000722624;NYÍLT VÉGŰ;határozatlan;ÉRTÉKPAPÍRALAP;dinamikus vegyes alap;HAZAI;HUF;5,030,377,742.00;2;0;;0.1;1.1;3.2;83,663,565.00;76,155,352.00;0.00;0.00;2,851,662.00;1,960,866.00;2,695,685.00;436,877.00;0.00;0.36;80,967,880.00;94.06;3.52;1.51;0.06;1.97
KBC Asset Management N.V. Magyarországi Fióktelepe;K&H válogatott kényelem alapok nyíltvégű befektetési alapja;"K&H válogatott kényelem alapok nyíltvégű befektetési alapja ""n";HU0000703418;NYÍLT VÉGŰ;határozatlan;ÉRTÉKPAPÍRALAP;kötvénytúlsúlyos vegyes alap;HAZAI;HUF;147,497,030,238.00;2;0;;0.1;1.1;3.2;2,448,790,924.00;2,221,376,049.00;0.00;0.00;84,826,072.00;55,213,298.00;87,375,505.00;0.00;0.00;0.49;2,361,415,419.00;94.07;3.59;1.51;0.06;2.09
KBC Asset Management N.V. Magyarországi Fióktelepe;K&H válogatott kényelem alapok nyíltvégű befektetési alapja;K&H válogatott kényelem alapok nyíltvégű befektetési alapja 'R' sorozat;HU0000720750;NYÍLT VÉGŰ;határozatlan;ÉRTÉKPAPÍRALAP;kötvénytúlsúlyos vegyes alap;HAZAI;HUF;14,361,684,035.00;2;0;;0.1;1.1;3.2;238,437,083.00;216,293,853.00;0.00;0.00;8,259,456.00;5,376,081.00;8,507,693.00;0.00;0.00;0.49;229,929,390.00;94.07;3.59;1.51;0.06;2.09
KBC Asset Management N.V. Magyarországi Fióktelepe;K&H válogatott lendület alapok nyíltvégű befektetési alapja;K&H válogatott lendület alapok nyíltvégű befektetési alapja 'R' sorozat;HU0000720768;NYÍLT VÉGŰ;határozatlan;ÉRTÉKPAPÍRALAP;kiegyensúlyozott vegyes alap;HAZAI;HUF;19,492,224,551.00;2;0;;0.1;1.1;3.2;340,253,033.00;308,716,763.00;0.00;0.00;11,352,884.00;7,241,281.00;12,942,105.00;0.00;0.00;0.26;327,310,928.00;94.32;3.47;1.58;0.06;1.94
KBC Asset Management N.V. Magyarországi Fióktelepe;K&H válogatott lendület alapok nyíltvégű befektetési alapja;"K&H válogatott lendület alapok nyíltvégű befektetési alapja ""n";HU0000703426;NYÍLT VÉGŰ;határozatlan;ÉRTÉKPAPÍRALAP;kiegyensúlyozott vegyes alap;HAZAI;HUF;140,758,500,133.00;2;0;;0.1;1.1;3.2;2,457,056,988.00;2,229,325,255.00;0.00;0.00;81,982,174.00;52,291,207.00;93,458,352.00;0.00;0.00;0.26;2,363,598,636.00;94.32;3.47;1.58;0.06;1.94
MARKETPROG Asset Management Befektetési Alapkezelő Zártkörűen Működő Részvénytár;ActivityFund Abszolút Hozamú Származtatott Befektetési Alap;"ActivityFund Abszolút Hozamú Származtatott Befektetési Alap ""A"" sorozat";HU0000727185;nyílt végű;határozatlan;értékpapíralap;abszolút hozamú alap;hazai;HUF;248,958,653.00;2;20;éves;0.1;1;0.035;13,744,353.00;2,778,000.00;0.00;2,414,366.00;1,020,000.00;7,186,987.00;345,000.00;0.00;0.00;0;13,399,353.00;20.73;7.61;1.12;0.41;5.38
MARKETPROG Asset Management Befektetési Alapkezelő Zártkörűen Működő Részvénytár;Allegro Abszolút Hozamú Származtatott Részalap;Allegro Abszolút Hozamú Származtatott Részalap A sorozat;HU0000720719;nyílt végű;határozatlan;értékpapíralap;abszolút hozamú alap;hazai;EUR;15,310,710.00;0.15;15;éves;0.1;1;0.035;443,536.00;22,829.00;0.00;28,170.00;73,688.00;234,088.00;84,761.00;0.00;0.00;0;358,775.00;6.36;20.54;0.15;0.48;2.34
MARKETPROG Asset Management Befektetési Alapkezelő Zártkörűen Működő Részvénytár;Helios Abszolút Hozamú Származtatott Alap;Helios Abszolút Hozamú Származtatott Alap A sorozat;HU0000728084;nyílt végű;határozatlan;értékpapíralap;abszolút hozamú alap;hazai;USD;369,235,766.00;2;20;éves;0.1;1;0.035;12,650,537.00;7,146,033.00;0.00;243,823.00;996,548.00;3,720,901.00;543,232.00;0.00;0.00;0;12,107,305.00;59.02;8.23;1.94;0.27;3.28
MARKETPROG Asset Management Befektetési Alapkezelő Zártkörűen Működő Részvénytár;Himalája Abszolút Hozamú Származtatott Alap;Himalája Abszolút Hozamú Származtatott Alap A sorozat;HU0000722277;nyílt végű;határozatlan;értékpapíralap;abszolút hozamú alap;hazai;HUF;953,999,910.00;2;20;éves;0.1;1;0.035;38,960,842.00;9,919,610.00;0.00;9,870,768.00;1,069,000.00;17,764,466.00;336,998.00;0.00;0.00;0;38,623,844.00;25.68;2.77;1.04;0.11;4.05
MARKETPROG Asset Management Befektetési Alapkezelő Zártkörűen Működő Részvénytár;Marketprog Bond Kötvény Származtatott Részalap;"Marketprog Bond Derivatív Kötvény Származtatott Részalap ""D"" Sorozat";HU0000730288;nyílt végű;határozatlan;értékpapíralap;kötvényalap;hazai;HUF;1,304,467,781.00;0.6;20;éves;0.1;1;0.035;24,482,817.00;4,379,724.00;0.00;4,533,805.00;1,303,178.00;14,160,636.00;105,474.00;0.00;0.00;0;24,377,343.00;17.97;5.35;0.34;0.10;1.87
MARKETPROG Asset Management Befektetési Alapkezelő Zártkörűen Működő Részvénytár;Marketprog Bond Kötvény Származtatott Részalap;"Marketprog Bond Derivatív Kötvény Származtatott Részalap ""EUR"" Sorozat";HU0000714548;nyílt végű;határozatlan;értékpapíralap;kötvényalap;hazai;EUR;1,701,157,482.00;2;20;éves;0.1;1;0.035;54,784,676.00;29,621,718.00;0.00;5,671,865.00;1,631,441.00;17,727,622.00;132,030.00;0.00;0.00;0;54,652,646.00;54.20;2.99;1.74;0.10;3.21
MARKETPROG Asset Management Befektetési Alapkezelő Zártkörűen Működő Részvénytár;Marketprog Bond Kötvény Származtatott Részalap;"Marketprog Bond Derivatív Kötvény Származtatott Részalap ""HUF"" Sorozat";HU0000714555;nyílt végű;határozatlan;értékpapíralap;kötvényalap;hazai;HUF;8,719,321,868.00;2;20;éves;0.1;1;0.035;287,255,247.00;151,421,262.00;0.00;31,261,818.00;8,710,703.00;95,156,461.00;705,003.00;0.00;0.00;0;286,550,244.00;52.84;3.04;1.74;0.10;3.29
MARKETPROG Asset Management Befektetési Alapkezelő Zártkörűen Működő Részvénytár;Marketprog Bond Kötvény Származtatott Részalap;"Marketprog Bond Derivatív Kötvény Származtatott Részalap ""I"" Sorozat";HU0000714688;nyílt végű;határozatlan;értékpapíralap;kötvényalap;hazai;HUF;1,791,901,880.00;1;20;éves;0.1;1;0.035;38,805,189.00;13,191,143.00;0.00;6,227,384.00;1,790,130.00;17,451,662.00;144,870.00;0.00;0.00;0;38,660,319.00;34.12;4.63;0.74;0.10;2.16
MARKETPROG Asset Management Befektetési Alapkezelő Zártkörűen Működő Részvénytár;Marketprog Bond Kötvény Származtatott Részalap;"Marketprog Bond Derivatív Kötvény Származtatott Részalap ""C"" Sorozat";HU0000719356;nyílt végű;határozatlan;értékpapíralap;kötvényalap;hazai;HUF;711,119,198.00;0.6;10;éves;0.1;1;0.035;13,311,144.00;2,354,571.00;0.00;2,469,282.00;710,416.00;7,719,386.00;57,489.00;0.00;0.00;0;13,253,655.00;17.77;5.36;0.33;0.10;1.86
MARKETPROG Asset Management Befektetési Alapkezelő Zártkörűen Működő Részvénytár;Prestige Abszolút Hozamú Származtatott Részalap;"Prestige Abszolút Hozamú Származtatott Részalap ""EUR"" sorozat";HU0000714563;nyílt végű;határozatlan;értékpapíralap;abszolút hozamú alap;hazai;EUR;291,713,831.00;2;25;éves;0.1;1;0.035;10,009,869.00;3,537,850.00;3,443,110.00;255,074.00;283,268.00;2,315,561.00;175,006.00;0.00;0.00;0;6,391,753.00;55.35;4.43;1.21;0.10;2.19
MARKETPROG Asset Management Befektetési Alapkezelő Zártkörűen Működő Részvénytár;Prestige Abszolút Hozamú Származtatott Részalap;"Prestige Abszolút Hozamú Származtatott Részalap ""HUF"" sorozat";HU0000714571;nyílt végű;határozatlan;értékpapíralap;abszolút hozamú alap;hazai;HUF;3,402,282,234.00;2;25;éves;0.1;1;0.035;113,491,238.00;41,169,676.00;35,141,423.00;3,066,830.00;3,405,806.00;28,603,370.00;2,104,133.00;0.00;0.00;0;76,245,682.00;54.00;4.47;1.21;0.10;2.24
MARKETPROG Asset Management Befektetési Alapkezelő Zártkörűen Működő Részvénytár;Prestige Start Abszolút Hozamú Származtatott Alap;"Prestige Start Abszolút Hozamú Származtatott Alap ""B"" sorozat";HU0000733126;nyílt végű;határozatlan;értékpapíralap;kötvényalap;hazai;EUR;12,302.00;2;20;éves;0.1;1;0.035;513.00;378.00;0.00;10.00;51.00;0.00;74.00;0.00;0.00;0;439.00;86.10;11.62;3.07;0.41;3.57
MARKETPROG Asset Management Befektetési Alapkezelő Zártkörűen Működő Részvénytár;Prestige Start Abszolút Hozamú Származtatott Alap;"Prestige Start Abszolút Hozamú Származtatott Alap ""C"" sorozat";HU0000733134;nyílt végű;határozatlan;értékpapíralap;kötvényalap;hazai;USD;10,627.00;2;20;éves;0.1;1;0.035;512.00;394.00;0.00;8.00;51.00;0.00;59.00;0.00;0.00;0;453.00;86.98;11.26;3.71;0.48;4.26
MARKETPROG Asset Management Befektetési Alapkezelő Zártkörűen Működő Részvénytár;Prestige Start Abszolút Hozamú Származtatott Alap;"Prestige Start Abszolút Hozamú Származtatott Alap ""HUF"" sorozat";HU0000718242;nyílt végű;határozatlan;értékpapíralap;kötvényalap;hazai;HUF;709,263,950.00;2;20;éves;0.1;1;0.035;24,773,427.00;11,396,468.00;0.00;3,361,694.00;1,019,898.00;7,110,135.00;1,885,232.00;0.00;0.00;0;22,888,195.00;49.79;4.46;1.61;0.14;3.23
MARKETPROG Asset Management Befektetési Alapkezelő Zártkörűen Működő Részvénytár;Primus All-Weather Abszolút Hozamú Származtatott Befektetési Alap;"Primus All-Weather Abszolút Hozamú Származtatott Befektetési Alap ""I"" sorozat";HU0000727433;nyílt végű;határozatlan;értékpapíralap;abszolút hozamú alap;hazai;USD;1,730,302,598.00;1;0;0;0.1;1;0.035;34,209,867.00;20,945,441.00;0.00;1,035,514.00;1,921,000.00;9,679,912.00;628,000.00;0.00;0.00;0;33,581,867.00;62.37;5.72;1.21;0.11;1.94
MARKETPROG Asset Management Befektetési Alapkezelő Zártkörűen Működő Részvénytár;Reverse MAX  Származtatott Befektetési Alap;"Reverse Max Származtatott Befektetési Alap ""A"" sorozat";HU0000719315;nyílt végű;határozatlan;értékpapíralap;kötvényalap;hazai;HUF;636,406,035.00;0.8;0;0;0.1;1;0.035;10,505,162.00;5,097,289.00;0.00;382,190.00;1,016,634.00;3,903,193.00;105,856.00;0.00;0.00;0;10,399,306.00;49.02;9.78;0.80;0.16;1.63
MARKETPROG Asset Management Befektetési Alapkezelő Zártkörűen Működő Részvénytár;Reverse Max Származtatott Befektetési Alap;"Reverse Max Származtatott Befektetési Alap ""B"" sorozat";HU0000725338;nyílt végű;határozatlan;értékpapíralap;kötvényalap;hazai;HUF;2,088,642.00;2.5;0;0;0.1;1;0.035;68,762.00;52,253.00;0.00;1,254.00;3,366.00;11,542.00;347.00;0.00;0.00;0;68,415.00;76.38;4.92;2.50;0.16;3.28
MBH Befektetési Alapkezelő Zártkörűen Működő Részvénytársaság;BFM Balanced Alap;BFM Balanced Alap;HU0000707187;nyílt végű;határozatlan;értékpapíralap;kiegyensúlyozott vegyes alap;külföldi;CZK;3,607,365,299.00;2;;;0.04;3.085;;82,649,640.00;14,961,511.00;0.00;40,368,116.00;18,423,791.00;5,254,573.00;3,641,649.00;0.00;0.00;0;79,007,991.00;18.94;23.32;0.41;0.51;2.19
MBH Befektetési Alapkezelő Zártkörűen Működő Részvénytársaság;BFM Konzervativni Kötvény Alap;BFM Konzervativni Kötvény Alap;HU0000709308;nyílt végű;határozatlan;értékpapíralap;rövid kötvényalap;külföldi;CZK;56,484,287,618.00;3;;;0.05;4.085;;875,367,142.00;157,614,270.00;0.00;424,504,467.00;214,419,596.00;72,951,282.00;5,877,527.00;0.00;0.00;0;869,489,615.00;18.13;24.66;0.28;0.38;1.54
MBH Befektetési Alapkezelő Zártkörűen Működő Részvénytársaság;BFM Konzervativni Vegyes Alap;BFM Konzervativni Vegyes Alap;HU0000705785;nyílt végű;határozatlan;értékpapíralap;kiegyensúlyozott vegyes alap;külföldi;CZK;22,867,876,289.00;2;;;0.04;3.085;;513,195,970.00;109,039,427.00;0.00;245,586,396.00;117,713,546.00;32,658,846.00;8,197,755.00;0.00;0.00;0;504,998,215.00;21.59;23.31;0.48;0.51;2.21
MBH Befektetési Alapkezelő Zártkörűen Működő Részvénytársaság;MBH Adaptív Abszolút Hozamú Származtatott Alap;A;HU0000715362;nyílt végű;határozatlan;értékpapíralap;abszolút hozamú alap;külföldi;HUF;17,162,945,295.00;3;20;éves;0.2;4.085;;495,441,343.00;257,332,347.00;197,534,648.00;;17,119,352.00;21,655,924.00;1,799,072.00;0.00;;0;296,107,623.00;86.91;5.78;1.50;0.10;1.73
MBH Befektetési Alapkezelő Zártkörűen Működő Részvénytársaság;MBH Adaptív Dollár Abszolút Hozamú Alapba Fektető Alap;A;HU0000715370;nyílt végű;határozatlan;értékpapíralap;alapok alapja;külföldi;USD;2,641,366,826.00;3;;;0.1;4.085;;12,907,333.00;5,688,166.00;0.00;0.00;1,450,286.00;5,093,660.00;675,221.00;0.00;0.00;1.46;12,232,112.00;46.50;11.86;0.22;0.05;1.92
MBH Befektetési Alapkezelő Zártkörűen Működő Részvénytársaság;MBH Adaptív Euró Abszolút Hozamú Alapba Fektető Alap;A;HU0000715388;nyílt végű;határozatlan;értékpapíralap;alapok alapja;külföldi;EUR;5,459,838,561.00;3;;;0.1;4.085;;21,376,772.00;11,326,530.00;0.00;0.00;2,831,840.00;6,069,309.00;1,149,093.00;0.00;0.00;1.53;20,227,679.00;56.00;14.00;0.21;0.05;1.90
MBH Befektetési Alapkezelő Zártkörűen Működő Részvénytársaság;MBH Aktív Alfa Abszolút Hozamú Származtatott Alap;A;HU0000714225;nyílt végű;határozatlan;értékpapíralap;abszolút hozamú alap;külföldi;HUF;20,997,544,501.00;3;20;éves;0.2;4.085;;1,162,743,198.00;306,425,673.00;790,939,900.00;;20,851,373.00;23,325,463.00;21,200,789.00;0.00;;0;350,602,509.00;87.40;5.95;1.46;0.10;1.67
MBH Befektetési Alapkezelő Zártkörűen Működő Részvénytársaság;MBH Aktív Alfa Dollár Abszolút Hozamú Alapba Fektető Alap;A;HU0000715354;nyílt végű;határozatlan;értékpapíralap;alapok alapja;külföldi;USD;2,207,855,136.00;3;;;0.1;4.085;;10,908,707.00;4,744,624.00;0.00;0.00;1,211,229.00;4,570,267.00;382,587.00;0.00;0.00;1.52;10,526,120.00;45.07;11.51;0.21;0.05;2.00
MBH Befektetési Alapkezelő Zártkörűen Működő Részvénytársaság;MBH Aktív Alfa Euró Abszolút Hozamú Alapba Fektető Alap;A;HU0000715321;nyílt végű;határozatlan;értékpapíralap;alapok alapja;külföldi;EUR;4,718,330,442.00;3;;;0.1;4.085;;18,026,471.00;9,797,686.00;0.00;0.00;2,422,094.00;5,391,491.00;415,200.00;0.00;0.00;1.52;17,611,271.00;55.63;13.75;0.21;0.05;1.89
MBH Befektetési Alapkezelő Zártkörűen Működő Részvénytársaság;MBH Aktív Portfólió Alapok Alapja;MBH Aktív Portfólió Alapok Alapja;HU0000720602;nyílt végű;határozatlan;értékpapíralap;alapok alapja;külföldi;HUF;4,698,224,808.00;2;20;éves;0.05;3.085;;59,229,222.00;50,363,870.00;0.00;127,473.00;2,534,702.00;5,425,362.00;777,815.00;0.00;0.00;0.86;58,451,407.00;86.16;4.34;1.07;0.05;2.10
MBH Befektetési Alapkezelő Zártkörűen Működő Részvénytársaság;MBH Állampapír Hosszú Kötvény Alap;A;HU0000702956;nyílt végű;határozatlan;értékpapíralap;kötvényalap;hazai;HUF;16,907,877,547.00;3;;;0.05;4.085;;243,724,347.00;202,396,216.00;;;24,079,852.00;17,012,562.00;235,717.00;0.00;;0;243,488,630.00;83.12;9.89;1.20;0.14;1.44
MBH Befektetési Alapkezelő Zártkörűen Működő Részvénytársaság;MBH Ambíció Abszolút Hozamú Származtatott Alap;A;HU0000712211;nyílt végű;határozatlan;értékpapíralap;abszolút hozamú alap;külföldi;HUF;11,225,379,017.00;3;20;éves;0.2;2.085;;402,505,756.00;182,555,172.00;163,800,651.00;;11,048,438.00;15,437,793.00;29,663,702.00;0.00;;0;209,041,403.00;87.33;5.29;1.63;0.10;1.86
MBH Befektetési Alapkezelő Zártkörűen Működő Részvénytársaság;MBH Arany Alapok Alapja;MBH Arany Alapok Alapja A sorozat;HU0000709290;nyílt végű;határozatlan;értékpapíralap;árupiaci alap;külföldi;HUF;1,827,971,090.00;3;;;0.05;4.085;;41,312,779.00;31,966,928.00;0.00;4,886,765.00;739,831.00;2,301,293.00;1,417,962.00;1,276,693.00;0.00;0.35;39,894,817.00;80.13;1.85;1.75;0.04;2.53
MBH Befektetési Alapkezelő Zártkörűen Működő Részvénytársaság;MBH Bázis Euró Kötvény Alapok Alapja;A;HU0000715339;nyílt végű;határozatlan;értékpapíralap;alapok alapja;külföldi;EUR;4,533,581,576.00;3;;;0.1;4.085;;18,031,788.00;9,388,153.00;0.00;0.00;2,344,316.00;6,115,390.00;183,929.00;0.00;0.00;1.26;17,847,859.00;52.60;13.13;0.21;0.05;1.65
MBH Befektetési Alapkezelő Zártkörűen Működő Részvénytársaság;MBH Bázis Hazai Rövid Kötvény Alap;MBH Bázis Hazai Rövid Kötvény Alap I sorozat;HU0000715446;nyílt végű;határozatlan;értékpapíralap;kötvényalap;hazai;HUF;7,208,221,514.00;0.75;;;0.05;1.835;;61,534,272.00;20,120,542.00;0.00;30,969,517.00;3,483,091.00;6,926,739.00;34,383.00;0.00;0.00;0;61,499,889.00;32.72;5.66;0.28;0.05;0.85
MBH Befektetési Alapkezelő Zártkörűen Működő Részvénytársaság;MBH Bázis Hazai Rövid Kötvény Alap;MBH Bázis Hazai Rövid Kötvény Alap A sorozat;HU0000702691;nyílt végű;határozatlan;értékpapíralap;kötvényalap;hazai;HUF;110,135,218,519.00;1.5;;;0.05;2.585;;1,555,036,984.00;922,271,996.00;0.00;473,186,695.00;53,218,527.00;105,834,416.00;525,350.00;0.00;0.00;0.05;1,554,511,634.00;59.33;3.42;0.84;0.05;1.46
MBH Befektetési Alapkezelő Zártkörűen Működő Részvénytársaság;MBH Befektetési Kártya Kötvényalap;MBH Befektetési Kártya Kötvényalap;HU0000702733;nyílt végű;határozatlan;értékpapíralap;kötvényalap;hazai;HUF;48,551,967,308.00;2.5;;;0.05;4.035;;1,179,321,894.00;1,111,764,725.00;0.00;0.00;19,419,364.00;44,635,554.00;3,502,251.00;0.00;0.00;0.3;1,175,819,643.00;94.55;1.65;2.29;0.04;2.72
MBH Befektetési Alapkezelő Zártkörűen Működő Részvénytársaság;MBH Bonitas Dollár Kötvény Alap;A;HU0000708052;nyílt végű;határozatlan;értékpapíralap;rövid kötvényalap;külföldi;USD;113,154,987,846.00;3;;;0.2;2.085;;1,184,730,744.00;974,700,161.00;0.00;0.00;97,464,523.00;111,914,389.00;651,671.00;0.00;0.00;0;1,184,079,073.00;82.32;8.23;0.86;0.09;1.05
MBH Befektetési Alapkezelő Zártkörűen Működő Részvénytársaság;MBH Bonitas Euro Kötvény Alap;A;HU0000707138;nyílt végű;határozatlan;értékpapíralap;rövid kötvényalap;külföldi;EUR;157,026,950,393.00;3;;;0.2;2.085;;869,238,455.00;651,577,127.00;0.00;0.00;65,164,884.00;150,972,324.00;1,524,120.00;0.00;0.00;0;867,714,335.00;75.09;7.51;0.41;0.04;0.55
MBH Befektetési Alapkezelő Zártkörűen Működő Részvénytársaság;MBH Bonitas Kötvényalap;MBH Bonitas Kötvényalap A sorozat;HU0000702725;nyílt végű;határozatlan;értékpapíralap;kötvényalap;hazai;HUF;319,370,813,738.00;1.5;;;0.04;3.035;;4,616,764,020.00;2,988,285,152.00;0.00;1,171,755,931.00;171,869,976.00;284,001,112.00;851,849.00;0.00;0.00;0.32;4,615,912,171.00;64.74;3.72;0.94;0.05;1.77
MBH Befektetési Alapkezelő Zártkörűen Működő Részvénytársaság;MBH Centrál Abszolút Hozamú Származtatott Alap ;A;HU0000702964;nyílt végű;határozatlan;értékpapíralap;abszolút hozamú alap;külföldi;HUF;3,473,084,063.00;3;20;éves;0.2;4.085;;112,568,384.00;50,338,278.00;38,660,400.00;;6,857,196.00;9,056,587.00;7,655,923.00;0.00;;0;66,252,061.00;75.98;10.35;1.45;0.20;1.91
MBH Befektetési Alapkezelő Zártkörűen Működő Részvénytársaság;MBH Dinamikus Európa Részvény Alap;MBH Dinamikus Európa Részvény Alap EUR sorozat;HU0000721766;nyílt végű;határozatlan;értékpapíralap;részvényalap;külföldi;EUR;2,769,960,733.00;3;;;0.05;4.085;;55,916,347.00;47,366,444.00;0.00;1,348,791.00;1,100,448.00;3,167,650.00;2,933,014.00;0.00;0.00;0.06;52,983,333.00;89.40;2.08;1.71;0.04;1.97
MBH Befektetési Alapkezelő Zártkörűen Működő Részvénytársaság;MBH Dinamikus Európa Részvény Alap;MBH Dinamikus Európa Részvény Alap HUF sorozat;HU0000725692;nyílt végű;határozatlan;értékpapíralap;részvényalap;külföldi;HUF;1,857,773,570.00;3;;;0.05;4.085;;38,243,350.00;31,768,005.00;0.00;1,021,519.00;833,434.00;2,399,048.00;2,221,344.00;0.00;0.00;0.04;36,022,006.00;88.19;2.31;1.71;0.04;1.98
MBH Befektetési Alapkezelő Zártkörűen Működő Részvénytársaság;MBH Dinamikus Európa Részvény Alap;MBH Dinamikus Európa Részvény Alap USD sorozat;HU0000725700;nyílt végű;határozatlan;értékpapíralap;részvényalap;külföldi;USD;160,423,641.00;3;;;0.05;4.085;;3,271,126.00;2,743,251.00;0.00;83,275.00;67,942.00;195,572.00;181,086.00;0.00;0.00;0;3,090,040.00;88.78;2.20;1.71;0.04;1.93
MBH Befektetési Alapkezelő Zártkörűen Működő Részvénytársaság;MBH Dollár Rövid Kötvény Alap;MBH Dollár Rövid Kötvény Alap USD Sorozat;HU0000711668;nyílt végű;határozatlan;értékpapíralap;rövid kötvényalap;külföldi;USD;6,669,698,921.00;1.5;;;0.05;3.035;;80,905,690.00;63,245,503.00;0.00;3,522,720.00;2,926,727.00;9,036,270.00;2,174,470.00;0.00;0.00;0.17;78,731,220.00;80.33;3.72;0.95;0.04;1.35
MBH Befektetési Alapkezelő Zártkörűen Működő Részvénytársaság;MBH Dollár Rövid Kötvény Alap;MBH Dollár Rövid Kötvény Alap HUFH Sorozat;HU0000727656;nyílt végű;határozatlan;értékpapíralap;rövid kötvényalap;külföldi;HUF;2,856,961,667.00;1.5;;;0.05;3.035;;34,655,905.00;27,091,174.00;0.00;1,508,955.00;1,253,662.00;3,870,681.00;931,433.00;0.00;0.00;0.07;33,724,472.00;80.33;3.72;0.95;0.04;1.25
MBH Befektetési Alapkezelő Zártkörűen Működő Részvénytársaság;MBH Egyensúly Dollár Vegyes Értékpapír Alapba Fektető Alap;A;HU0000714712;nyílt végű;határozatlan;értékpapíralap;alapok alapja;külföldi;USD;6,315,237,945.00;3;;;0.1;4.085;;24,888,154.00;13,572,859.00;0.00;0.00;3,388,152.00;7,063,219.00;863,924.00;0.00;0.00;1.62;24,024,230.00;56.50;14.10;0.21;0.05;2.00
MBH Befektetési Alapkezelő Zártkörűen Működő Részvénytársaság;MBH Egyensúly Euró Vegyes Értékpapír Alapba Fektető Alap;A;HU0000714431;nyílt végű;határozatlan;értékpapíralap;alapok alapja;külföldi;EUR;18,863,265,373.00;3;;;0.1;4.085;;63,898,629.00;39,064,497.00;0.00;0.00;9,747,495.00;12,717,892.00;2,368,745.00;0.00;0.00;1.65;61,529,884.00;63.49;15.84;0.21;0.05;1.98
MBH Befektetési Alapkezelő Zártkörűen Működő Részvénytársaság;MBH Egyensúly Vegyes Értékpapíralap;MBH Egyensúly Vegyes Értékpapíralap A sorozat;HU0000712203;nyílt végű;határozatlan;értékpapíralap;vegíes értékpapíralap;külföldi;HUF;76,843,239,187.00;3;20;éves;0.2;4.085;;2,071,505,437.00;1,238,068,861.00;656,873,699.00;;76,295,434.00;79,445,732.00;20,821,711.00;0.00;0.00;0;1,393,810,027.00;88.83;5.47;1.61;0.10;1.81
MBH Befektetési Alapkezelő Zártkörűen Működő Részvénytársaság;MBH Egyensúly Vegyes Értékpapíralap;MBH Egyensúly Vegyes Értékpapíralap B sorozat;HU0000732565;nyílt végű;határozatlan;értékpapíralap;vegíes értékpapíralap;külföldi;HUF;5,413,492,054.00;0.05;20;éves;0.2;4.085;;14,701,292.00;2,262,699.00;;0.00;5,374,900.00;5,596,834.00;1,466,859.00;0.00;0.00;0;13,234,433.00;17.10;40.61;0.04;0.10;0.24
MBH Befektetési Alapkezelő Zártkörűen Működő Részvénytársaság;MBH ESG Globális Részvény Alap;MBH ESG Globális Részvény Alap EUR sorozat;HU0000725791;nyílt végű;határozatlan;értékpapíralap;részvényalap;külföldi;EUR;2,297,709,880.00;3;;;0.05;4.085;;51,342,536.00;44,625,901.00;0.00;1,371,569.00;982,596.00;3,195,096.00;1,167,374.00;0.00;0.00;0;50,175,162.00;88.94;1.96;1.94;0.04;2.18
MBH Befektetési Alapkezelő Zártkörűen Működő Részvénytársaság;MBH ESG Globális Részvény Alap;MBH ESG Globális Részvény Alap HUF sorozat;HU0000725783;nyílt végű;határozatlan;értékpapíralap;részvényalap;külföldi;HUF;3,702,533,465.00;3;;;0.05;4.085;;82,733,448.00;71,910,250.00;0.00;2,210,148.00;1,583,357.00;5,148,585.00;1,881,108.00;0.00;0.00;0;80,852,340.00;88.94;1.96;1.94;0.04;2.18
MBH Befektetési Alapkezelő Zártkörűen Működő Részvénytársaság;MBH ESG Globális Részvény Alap;MBH ESG Globális Részvény Alap USD sorozat;HU0000725809;nyílt végű;határozatlan;értékpapíralap;részvényalap;külföldi;USD;730,141,398.00;3;;;0.05;4.085;;16,315,077.00;14,180,736.00;0.00;435,842.00;312,239.00;1,015,305.00;370,955.00;0.00;0.00;0;15,944,122.00;88.94;1.96;1.94;0.04;2.18
MBH Befektetési Alapkezelő Zártkörűen Működő Részvénytársaság;MBH ESG Új-Energia Részvény Alap;A;HU0000726047;nyílt végű;határozatlan;értékpapíralap;részvényalap;külföldi;HUF;787,224,575.00;3;20;éves;0.2;4.085;;13,662,948.00;7,866,752.00;;;783,184.00;3,576,656.00;1,436,356.00;0.00;;0;12,226,592.00;64.34;6.41;1.00;0.10;1.55
MBH Befektetési Alapkezelő Zártkörűen Működő Részvénytársaság;MBH Észak-Amerikai Részvény Befektetési Alap;A;HU0000709506;nyílt végű;határozatlan;értékpapíralap;részvényalap;külföldi;HUF;9,051,633,891.00;3;20;éves;0.2;1.585;;142,069,040.00;109,051,117.00;;;18,072,592.00;9,879,093.00;5,066,238.00;1,517,128.00;;0.07;137,002,802.00;79.60;13.19;1.20;0.20;1.58
MBH Befektetési Alapkezelő Zártkörűen Működő Részvénytársaság;MBH Euró Rövid Kötvény Alap;MBH Euró Rövid Kötvény EUR Sorozat;HU0000706429;nyílt végű;határozatlan;értékpapíralap;rövid kötvényalap;külföldi;EUR;4,257,073,667.00;1.5;;;0.09;3.035;;71,317,570.00;53,472,119.00;0.00;2,245,314.00;5,413,083.00;8,125,206.00;2,061,848.00;0.00;0.00;0;69,255,722.00;77.21;7.82;1.26;0.13;1.63
MBH Befektetési Alapkezelő Zártkörűen Működő Részvénytársaság;MBH Euró Rövid Kötvény Alap;MBH Euró Rövid Kötvény I Sorozat;HU0000717830;nyílt végű;határozatlan;értékpapíralap;rövid kötvényalap;külföldi;EUR;258,989,859.00;0.75;;;0.09;2.285;;2,386,919.00;1,301,245.00;0.00;136,599.00;329,319.00;494,318.00;125,438.00;0.00;0.00;0;2,261,481.00;57.54;14.56;0.50;0.13;0.87
MBH Befektetési Alapkezelő Zártkörűen Működő Részvénytársaság;MBH Euró Rövid Kötvény Alap;MBH Euró Rövid Kötvény HUF Sorozat;HU0000701560;nyílt végű;határozatlan;értékpapíralap;rövid kötvényalap;külföldi;HUF;855,391,741.00;1.5;;;0.09;3.035;;14,330,140.00;10,744,378.00;0.00;451,160.00;1,087,674.00;1,632,632.00;414,296.00;0.00;0.00;0;13,915,844.00;77.21;7.82;1.26;0.13;1.63
MBH Befektetési Alapkezelő Zártkörűen Működő Részvénytársaság;MBH Fejlett Piaci Részvény Alap;MBH Fejlett Piaci Részvény Alap USD sorozat;HU0000715271;nyílt végű;határozatlan;értékpapíralap;részvényalap;külföldi;USD;1,545,738,458.00;3;;;0.13;4.085;;43,600,030.00;38,442,602.00;0.00;502,114.00;1,481,758.00;2,053,770.00;1,119,786.00;0.00;0.00;0;42,480,244.00;90.50;3.49;2.49;0.10;2.75
MBH Befektetési Alapkezelő Zártkörűen Működő Részvénytársaság;MBH Fejlett Piaci Részvény Alap;MBH Fejlett Piaci Részvény Alap A sorozat;HU0000701552;nyílt végű;határozatlan;értékpapíralap;részvényalap;külföldi;HUF;10,366,519,503.00;3;;;0.13;4.085;;292,404,302.00;257,815,920.00;0.00;3,367,438.00;9,937,436.00;13,773,637.00;7,509,871.00;0.00;0.00;0;284,894,431.00;90.50;3.49;2.49;0.10;2.75
MBH Befektetési Alapkezelő Zártkörűen Működő Részvénytársaság;MBH Fejlett Piaci Részvény Alap;MBH Fejlett Piaci Részvény Alap I sorozat;HU0000715438;nyílt végű;határozatlan;értékpapíralap;részvényalap;külföldi;HUF;9,702,227,210.00;1.5;;;0.13;4.085;;128,889,912.00;96,517,973.00;0.00;3,151,651.00;9,300,640.00;12,891,014.00;7,028,634.00;0.00;0.00;0;121,861,278.00;79.20;7.63;0.99;0.10;1.26
MBH Befektetési Alapkezelő Zártkörűen Működő Részvénytársaság;MBH Fejlett Piaci Vállalati Kötvény Alap;MBH Fejlett Piaci Vállalati Kötvény Alap USD;HU0000723499;nyílt végű;határozatlan;értékpapíralap;szabad futamidejű kötvényalap;külföldi;USD;545,343,361.00;3;;;0.05;4.085;;7,050,461.00;5,825,695.00;0.00;182,351.00;235,961.00;752,695.00;53,759.00;15,298.00;0.00;0.01;6,996,702.00;83.26;3.37;1.07;0.04;1.29
MBH Befektetési Alapkezelő Zártkörűen Működő Részvénytársaság;MBH Fejlett Piaci Vállalati Kötvény Alap;MBH Fejlett Piaci Vállalati Kötvény Alap HUF;HU0000723473;nyílt végű;határozatlan;értékpapíralap;szabad futamidejű kötvényalap;külföldi;HUF;2,326,581,544.00;3;;;0.05;4.085;;30,079,163.00;24,853,984.00;0.00;777,959.00;1,006,672.00;3,211,201.00;229,347.00;65,264.00;0.00;0.03;29,849,816.00;83.26;3.37;1.07;0.04;1.31
MBH Befektetési Alapkezelő Zártkörűen Működő Részvénytársaság;MBH Fejlett Piaci Vállalati Kötvény Alap;MBH Fejlett Piaci Vállalati Kötvény Alap EUR;HU0000723481;nyílt végű;határozatlan;értékpapíralap;szabad futamidejű kötvényalap;külföldi;EUR;2,092,963,356.00;3;;;0.05;4.085;;27,058,835.00;22,358,330.00;0.00;699,842.00;905,590.00;2,888,755.00;206,318.00;58,711.00;0.00;0.03;26,852,517.00;83.26;3.37;1.07;0.04;1.31
MBH Befektetési Alapkezelő Zártkörűen Működő Részvénytársaság;MBH Feltörekvő Piaci Kötvény Alap;MBH Feltörekvő Piaci Kötvény Alap USD sorozat;HU0000711239;nyílt végű;határozatlan;értékpapíralap;szabad futamidejű kötvényalap;külföldi;USD;273,180,803.00;3;;;0.05;4.085;;4,606,319.00;4,050,889.00;0.00;38,525.00;162,501.00;319,635.00;34,769.00;26,071.00;0.00;0;4,571,550.00;88.61;3.55;1.48;0.06;1.67
MBH Befektetési Alapkezelő Zártkörűen Működő Részvénytársaság;MBH Feltörekvő Piaci Kötvény Alap;MBH Feltörekvő Piaci Kötvény Alap CZK sorozat;HU0000709860;nyílt végű;határozatlan;értékpapíralap;szabad futamidejű kötvényalap;külföldi;CZK;118,768,222.00;3;;;0.05;4.085;;2,002,646.00;1,761,167.00;0.00;16,749.00;70,649.00;138,964.00;15,117.00;11,335.00;0.00;0;1,987,529.00;88.61;3.55;1.48;0.06;1.67
MBH Befektetési Alapkezelő Zártkörűen Működő Részvénytársaság;MBH Feltörekvő Piaci Kötvény Alap;MBH Feltörekvő Piaci Kötvény Alap HUF sorozat;HU0000708615;nyílt végű;határozatlan;értékpapíralap;szabad futamidejű kötvényalap;külföldi;HUF;14,651,800,861.00;3;;;0.05;4.085;;247,055,760.00;217,265,710.00;0.00;2,066,278.00;8,715,610.00;17,143,330.00;1,864,832.00;1,398,290.00;0.00;0.06;245,190,928.00;88.61;3.55;1.48;0.06;1.73
MBH Befektetési Alapkezelő Zártkörűen Működő Részvénytársaság;MBH Feltörekvő Piaci Részvény Alap;MBH Feltörekvő Piaci Részvény Alap USD sorozat;HU0000725684;nyílt végű;határozatlan;értékpapíralap;részvényalap;külföldi;USD;240,414,505.00;3;;;0.05;4.085;;6,699,483.00;5,981,467.00;0.00;93,768.00;138,047.00;366,834.00;119,367.00;0.00;0.00;0;6,580,116.00;90.90;2.10;2.49;0.06;2.74
MBH Befektetési Alapkezelő Zártkörűen Működő Részvénytársaság;MBH Feltörekvő Piaci Részvény Alap;MBH Feltörekvő Piaci Részvény Alap CZK sorozat;HU0000709852;nyílt végű;határozatlan;értékpapíralap;részvényalap;külföldi;CZK;42,843,730.00;3;;;0.05;4.085;;1,226,366.00;1,098,410.00;0.00;16,710.00;24,601.00;65,373.00;21,272.00;0.00;0.00;0;1,205,094.00;91.15;2.04;2.56;0.06;2.81
MBH Befektetési Alapkezelő Zártkörűen Működő Részvénytársaság;MBH Feltörekvő Piaci Részvény Alap;MBH Feltörekvő Piaci Részvény Alap HUF sorozat;HU0000708623;nyílt végű;határozatlan;értékpapíralap;részvényalap;külföldi;HUF;1,135,262,660.00;3;;;0.05;4.085;;31,635,668.00;28,245,121.00;0.00;442,781.00;651,874.00;1,732,229.00;563,663.00;0.00;0.00;0.01;31,072,005.00;90.90;2.10;2.49;0.06;2.75
MBH Befektetési Alapkezelő Zártkörűen Működő Részvénytársaság;MBH Feltörekvő Piaci Részvény Alap;MBH Feltörekvő Piaci Részvény Alap I sorozat;HU0000715461;nyílt végű;határozatlan;értékpapíralap;részvényalap;külföldi;HUF;1,160,888,732.00;1.5;;;0.05;3.335;;15,020,158.00;11,553,077.00;0.00;452,776.00;666,588.00;1,771,330.00;576,387.00;0.00;0.00;0.01;14,443,771.00;79.99;4.62;1.00;0.06;1.25
MBH Befektetési Alapkezelő Zártkörűen Működő Részvénytársaság;MBH Global Titans Abszolút Hozamú Alapok Alapja;MBH Global Titans Abszolút Hozamú Alapok Alapja;HU0000710595;nyílt végű;határozatlan;értékpapíralap;alapok alapja;külföldi;HUF;6,445,917,536.00;3;;;0.05;4.085;;116,249,796.00;100,916,923.00;0.00;1,373,597.00;2,677,752.00;6,697,268.00;4,584,256.00;0.00;0.00;1.01;111,665,540.00;90.37;2.40;1.57;0.04;2.74
MBH Befektetési Alapkezelő Zártkörűen Működő Részvénytársaság;MBH Globális Biztosítói Részvény Alap;MBH Globális Biztosítói Részvény Alap A sorozat;HU0000702931;nyílt végű;határozatlan;értékpapíralap;részvényalap;külföldi;HUF;1,304,773,964.00;3;;;0.2;4.085;;26,887,978.00;19,608,919.00;0.00;0.00;2,697,905.00;4,193,552.00;387,602.00;66,559.00;0.00;0.09;26,500,376.00;73.99;10.18;1.50;0.21;2.12
MBH Befektetési Alapkezelő Zártkörűen Működő Részvénytársaság;MBH Hagyományos Energia Alap;MBH Hagyományos Energia Alap A sorozat;HU0000704374;nyílt végű;határozatlan;értékpapíralap;árupiaci alap;külföldi;HUF;1,205,486,076.00;3;;;0.05;4.085;;28,590,765.00;23,539,452.00;0.00;583,619.00;485,399.00;2,568,376.00;1,413,919.00;0.00;0.00;0;27,176,846.00;86.62;1.79;1.95;0.04;2.25
MBH Befektetési Alapkezelő Zártkörűen Működő Részvénytársaság;MBH Hazai Feltörekvő Abszolút Hozamú Származtatott Alap;A;HU0000720727;nyílt végű;határozatlan;értékpapíralap;abszolút hozamú alap;hazai;HUF;1,100,762,066.00;3;20;éves;0.2;4.085;;26,831,053.00;15,923,044.00;5,432,121.00;;1,082,872.00;4,105,412.00;287,604.00;0.00;;0;21,111,328.00;75.42;5.13;1.45;0.10;1.92
MBH Befektetési Alapkezelő Zártkörűen Működő Részvénytársaság;MBH Hazai Hosszú Kötvény Alap;MBH Hazai Hosszú Kötvény Alap I sorozat;HU0000720628;nyílt végű;határozatlan;értékpapíralap;kötvényalap;külföldi;HUF;6,146,006,328.00;1;;;0.05;2.585;;73,009,141.00;41,676,620.00;0.00;21,338,043.00;2,478,977.00;7,290,895.00;224,606.00;0.00;0.00;0.04;72,784,535.00;57.26;3.41;0.68;0.04;1.22
MBH Befektetési Alapkezelő Zártkörűen Működő Részvénytársaság;MBH Hazai Hosszú Kötvény Alap;MBH Hazai Hosszú Kötvény Alap A sorozat;HU0000702709;nyílt végű;határozatlan;értékpapíralap;kötvényalap;hazai;HUF;19,069,588,011.00;1.5;;;0.05;2.585;;291,186,199.00;193,968,874.00;0.00;66,206,845.00;7,691,674.00;22,621,905.00;696,901.00;0.00;0.00;0.14;290,489,298.00;66.77;2.65;1.02;0.04;1.66
MBH Befektetési Alapkezelő Zártkörűen Működő Részvénytársaság;MBH High Yield Vállalati Kötvény Alap;MBH High Yield Vállalati Kötvény Alap I sorozat;HU0000717582;nyílt végű;határozatlan;értékpapíralap;szabad futamidejű kötvényalap;külföldi;HUF;173,609,915.00;3;;;0.05;4.085;;2,229,267.00;1,761,134.00;0.00;91,885.00;88,866.00;274,298.00;13,084.00;0.00;0.00;0;2,216,183.00;79.47;4.01;1.01;0.05;1.28
MBH Befektetési Alapkezelő Zártkörűen Működő Részvénytársaság;MBH High Yield Vállalati Kötvény Alap;MBH High Yield Vállalati Kötvény Alap HUF sorozat;HU0000715255;nyílt végű;határozatlan;értékpapíralap;szabad futamidejű kötvényalap;külföldi;HUF;3,761,597,004.00;3;;;0.05;4.085;;74,535,307.00;64,392,293.00;0.00;1,990,866.00;1,925,463.00;5,943,193.00;283,492.00;0.00;0.00;0.06;74,251,815.00;86.72;2.59;1.71;0.05;2.03
MBH Befektetési Alapkezelő Zártkörűen Működő Részvénytársaság;MBH Ingatlan Befektetési Alap;A;HU0000727219;nyílt végű;határozatlan;ingatlanalap;ingatlanalap;hazai;HUF;11,276,658,645.00;2.5;;;0.2;3.585;;132,132,975.00;67,917,098.00;;192,076.00;11,254,364.00;18,232,545.00;515,758.00;0.00;34,021,134.00;0;97,596,083.00;69.59;11.53;0.60;0.10;0.87
MBH Befektetési Alapkezelő Zártkörűen Működő Részvénytársaság;MBH Ingatlanpiaci Abszolút Hozamú Származtatott Alap;A;HU0000705058;nyílt végű;határozatlan;értékpapíralap;abszolút hozamú alap;külföldi;HUF;2,802,329,924.00;3;20;éves;0.2;4.085;;65,450,783.00;30,056,662.00;24,375,144.00;0.00;2,802,119.00;5,675,427.00;2,541,431.00;0.00;;0;38,534,208.00;78.00;7.27;1.07;0.10;1.38
MBH Befektetési Alapkezelő Zártkörűen Működő Részvénytársaság;MBH Jövő Technológiája Abszolút Hozamú Származtatott Alap;A;HU0000726054;nyílt végű;határozatlan;értékpapíralap;abszolút hozamú alap;külföldi;HUF;2,035,093,591.00;3;20;éves;0.2;4.085;;63,188,811.00;20,408,432.00;34,441,554.00;;2,035,358.00;4,455,318.00;1,848,149.00;417,032.00;;0.03;26,899,108.00;75.87;7.57;1.00;0.10;1.35
MBH Befektetési Alapkezelő Zártkörűen Működő Részvénytársaság;MBH Kontroll Abszolút Hozamú Származtatott Alap;MBH Kontroll Abszolút Hozamú Származtatott Alap A sorozat;HU0000702741;nyílt végű;határozatlan;értékpapíralap;abszolút hozamú alap;külföldi;HUF;8,463,670,021.00;3;20;éves;0.07;4.085;;192,467,130.09;153,722,552.00;0.00;11,122,664.00;7,222,208.00;10,106,674.28;10,293,031.81;0.00;0.00;0;182,174,098.28;84.38;3.96;1.82;0.09;2.15
MBH Befektetési Alapkezelő Zártkörűen Működő Részvénytársaság;MBH Közép-Európai Részvény Alap;MBH Közép-Európai Részvény Alap CZK Sorozat;HU0000709845;nyílt végű;határozatlan;értékpapíralap;részvényalap;külföldi;CZK;6,613,872.00;3;;;0.05;4.085;;194,207.00;158,228.00;0.00;5,844.00;6,051.00;10,236.00;13,848.00;0.00;0.00;0;180,359.00;87.73;3.35;2.39;0.09;2.73
MBH Befektetési Alapkezelő Zártkörűen Működő Részvénytársaság;MBH Közép-Európai Részvény Alap;MBH Közép-Európai Részvény Alap I sorozat;HU0000715479;nyílt végű;határozatlan;értékpapíralap;részvényalap;külföldi;HUF;455,257,478.00;1.5;;;0.05;2.585;;6,833,228.00;4,356,574.00;0.00;402,298.00;416,498.00;704,594.00;953,264.00;0.00;0.00;0;5,879,964.00;74.09;7.08;0.96;0.09;1.29
MBH Befektetési Alapkezelő Zártkörűen Működő Részvénytársaság;MBH Közép-Európai Részvény Alap;MBH Közép-Európai Részvény Alap HUF Sorozat;HU0000702717;nyílt végű;határozatlan;értékpapíralap;részvényalap;külföldi;HUF;3,425,520,089.00;3;20;éves;0.05;4.085;;112,337,831.00;81,951,062.00;11,751,534.00;3,027,037.00;3,133,881.00;5,301,614.00;7,172,703.00;0.00;0.00;0;93,413,594.00;87.73;3.35;2.39;0.09;2.73
MBH Befektetési Alapkezelő Zártkörűen Működő Részvénytársaság;MBH Közép-Európai Részvény Alap;MBH Közép-Európai Részvény Alap EUR Sorozat;HU0000706387;nyílt végű;határozatlan;értékpapíralap;részvényalap;külföldi;EUR;976,434,462.00;3;;;0.05;4.085;;31,558,283.00;23,359,910.00;2,886,454.00;862,848.00;893,303.00;1,511,210.00;2,044,558.00;0.00;0.00;0;26,627,271.00;87.73;3.35;2.39;0.09;2.73
MBH Befektetési Alapkezelő Zártkörűen Működő Részvénytársaság;MBH NEXT Egészséges Életmód Alap;MBH NEXT Egészséges Életmód Alap EUR sorozat;HU0000728324;nyílt végű;határozatlan;értékpapíralap;részvényalap;külföldi;EUR;507,751,968.00;3;;;0.06;4.085;;11,482,337.00;10,030,841.00;0.00;76,680.00;253,938.00;864,556.00;256,322.00;0.00;0.00;0.01;11,226,015.00;89.35;2.26;1.98;0.05;2.22
MBH Befektetési Alapkezelő Zártkörűen Működő Részvénytársaság;MBH NEXT Egészséges Életmód Alap;MBH NEXT Egészséges Életmód Alap USD sorozat;HU0000728316;nyílt végű;határozatlan;értékpapíralap;részvényalap;külföldi;USD;194,694,707.00;3;;;0.06;4.085;;4,402,839.00;3,846,271.00;0.00;29,403.00;97,371.00;331,509.00;98,285.00;0.00;0.00;0;4,304,554.00;89.35;2.26;1.98;0.05;2.21
MBH Befektetési Alapkezelő Zártkörűen Működő Részvénytársaság;MBH NEXT Egészséges Életmód Alap;MBH NEXT Egészséges Életmód Alap HUF sorozat;HU0000728308;nyílt végű;határozatlan;értékpapíralap;részvényalap;külföldi;HUF;1,325,568,149.00;3;;;0.06;4.085;;29,976,488.00;26,187,123.00;0.00;200,187.00;662,945.00;2,257,061.00;669,172.00;0.00;0.00;0.03;29,307,316.00;89.35;2.26;1.98;0.05;2.24
MBH Befektetési Alapkezelő Zártkörűen Működő Részvénytársaság;MBH NEXT Generáció Alap;MBH NEXT Generáció Alap;HU0000712153;nyílt végű;határozatlan;értékpapíralap;részvényalap;külföldi;HUF;2,653,690,900.00;3;;;0.05;4.085;;59,501,701.99;52,740,554.00;0.00;252,987.00;1,194,034.00;4,621,792.00;692,334.99;0.00;0.00;0;58,809,367.00;89.68;2.03;1.99;0.04;2.22
MBH Befektetési Alapkezelő Zártkörűen Működő Részvénytársaság;MBH NEXT Technológia Abszolút Hozamú Származtatott Alap;MBH NEXT Technológia Abszolút Hozamú Származtatott Alap USD sorozat;HU0000723515;nyílt végű;határozatlan;értékpapíralap;abszolút hozamú alap;külföldi;USD;639,272,280.00;3;;;0.05;4.085;;17,755,307.00;15,215,792.00;0.00;1,006,505.00;251,235.00;1,065,332.00;216,443.00;41,998.00;0.00;0;17,538,864.00;86.75;1.43;2.38;0.04;2.74
MBH Befektetési Alapkezelő Zártkörűen Működő Részvénytársaság;MBH NEXT Technológia Abszolút Hozamú Származtatott Alap;MBH NEXT Technológia Abszolút Hozamú Származtatott Alap HUF sorozat;HU0000723507;nyílt végű;határozatlan;értékpapíralap;abszolút hozamú alap;külföldi;HUF;5,252,044,181.00;3;;;0.05;4.085;;145,871,567.00;125,007,784.00;0.00;8,269,105.00;2,064,063.00;8,752,397.00;1,778,218.00;345,044.00;0.00;0.03;144,093,349.00;86.75;1.43;2.38;0.04;2.77
MBH Befektetési Alapkezelő Zártkörűen Működő Részvénytársaság;MBH Nyersanyag Származtatott Alap;A;HU0000707971;nyílt végű;határozatlan;értékpapíralap;árupiaci alap;külföldi;HUF;905,723,932.00;3;20;éves;0.2;4.085;;19,883,181.00;13,599,006.00;1,905,461.00;;1,585,337.00;2,411,286.00;382,091.00;0.00;;0;17,595,629.00;77.29;9.01;1.50;0.18;1.94
MBH Befektetési Alapkezelő Zártkörűen Működő Részvénytársaság;MBH PARADIGMA Abszolút Hozamú Származtatott Alap;MBH PARADIGMA Abszolút Hozamú Származtatott Alap HUF sorozat;HU0000713409;nyílt végű;határozatlan;értékpapíralap;abszolút hozamú alap;külföldi;HUF;3,333,938,385.00;3;20;éves;0.05;4.085;;121,339,401.00;57,537,108.00;52,046,498.00;3,227,239.00;1,513,132.00;4,163,937.00;2,851,487.00;0.00;0.00;0;66,441,416.00;86.60;2.28;1.73;0.05;1.99
MBH Befektetési Alapkezelő Zártkörűen Működő Részvénytársaság;MBH PARADIGMA Abszolút Hozamú Származtatott Alap;MBH PARADIGMA Abszolút Hozamú Származtatott Alap I sorozat;HU0000715495;nyílt végű;határozatlan;értékpapíralap;abszolút hozamú alap;külföldi;HUF;196,705,282.00;1.5;;;0.05;2.585;;5,093,249.00;1,697,370.00;2,702,277.00;190,410.00;89,276.00;245,676.00;168,240.00;0.00;0.00;0;2,222,732.00;76.36;4.02;0.86;0.05;1.13
MBH Befektetési Alapkezelő Zártkörűen Működő Részvénytársaság;MBH PB TOP Abszolút Hozamú Származtatott Alap;MBH PB TOP Abszolút Hozamú Származtatott Alap A sorozat;HU0000714241;nyílt végű;határozatlan;értékpapíralap;abszolút hozamú alap;külföldi;HUF;6,378,763,138.00;3;20;éves;0.2;4.085;;157,287,758.00;124,009,226.00;17,086,509.00;0.00;6,344,537.00;8,905,848.00;941,638.00;0.00;0.00;0;139,259,611.00;89.05;4.56;1.94;0.10;2.18
MBH Befektetési Alapkezelő Zártkörűen Működő Részvénytársaság;MBH PB TOP Abszolút Hozamú Származtatott Alap;MBH PB TOP Abszolút Hozamú Származtatott Alap I sorozat;HU0000733092;nyílt végű;határozatlan;értékpapíralap;abszolút hozamú alap;külföldi;HUF;1,646,422,926.00;0.05;20;éves;0.2;4.085;;5,571,009.00;1,391,685.00;;0.00;1,637,589.00;2,298,689.00;243,046.00;0.00;0.00;0;5,327,963.00;26.12;30.74;0.08;0.10;0.32
MBH Befektetési Alapkezelő Zártkörűen Működő Részvénytársaság;MBH Prémium Dinamikus Vegyes Értékpapír Részalap;MBH Prémium Dinamikus Vegyes Értékpapír Részalap;HU0000716329;nyílt végű;határozatlan;értékpapíralap;vegíes értékpapíralap;hazai;HUF;3,247,434,819.00;3;20;éves;0.05;4.085;;77,392,985.00;59,974,442.00;6,873,390.00;3,460,448.00;1,329,011.00;5,085,248.00;670,446.00;80,948.00;0.00;0.03;69,849,149.00;85.86;1.90;1.85;0.04;2.18
MBH Befektetési Alapkezelő Zártkörűen Működő Részvénytársaság;MBH Prémium Kiegyensúlyozott Vegyes Értékpapír Részalap;MBH Prémium Kiegyensúlyozott Vegyes Értékpapír Részalap;HU0000716337;nyílt végű;határozatlan;értékpapíralap;vegíes értékpapíralap;hazai;HUF;15,699,272,033.00;3;20;éves;0.05;4.085;;263,978,563.00;202,556,565.00;0.00;33,854,813.00;6,125,828.00;16,925,018.00;4,516,339.00;0.00;0.00;0;259,462,224.00;78.07;2.36;1.29;0.04;1.65
MBH Befektetési Alapkezelő Zártkörűen Működő Részvénytársaság;MBH Prémium Konzervatív Vegyes Értékpapír Részalap;MBH Prémium Konzervatív Vegyes Értékpapír Részalap;HU0000716345;nyílt végű;határozatlan;értékpapíralap;vegíes értékpapíralap;hazai;HUF;26,139,047,523.00;3;20;éves;0.05;4.085;;370,730,104.00;233,562,332.00;14,459,219.00;86,298,563.00;10,728,059.00;22,606,055.00;3,075,876.00;0.00;0.00;0.23;353,195,009.00;66.13;3.04;0.89;0.04;1.58
MBH Befektetési Alapkezelő Zártkörűen Működő Részvénytársaság;MBH Prémium Progresszív Vegyes Értékpapír Részalap;MBH Prémium Progresszív Vegyes Értékpapír Részalap;HU0000716352;nyílt végű;határozatlan;értékpapíralap;vegíes értékpapíralap;hazai;HUF;8,578,119,478.00;3;20;éves;0.05;4.085;;177,432,690.00;130,734,304.00;18,900,100.00;11,665,841.00;3,259,428.00;9,759,733.00;3,113,284.00;0.00;0.00;0;155,419,306.00;84.12;2.10;1.52;0.04;1.81
MBH Befektetési Alapkezelő Zártkörűen Működő Részvénytársaság;MBH Rotunda Abszolút Hozamú Származtatott Alap;A;HU0000722285;nyílt végű;határozatlan;értékpapíralap;abszolút hozamú alap;külföldi;HUF;2,080,114,962.00;3;20;éves;0.2;4.085;;47,465,871.00;30,292,505.00;0.00;;2,077,320.00;6,282,250.00;8,813,796.00;0.00;;0;38,652,075.00;78.37;5.37;1.46;0.10;1.86
MBH Befektetési Alapkezelő Zártkörűen Működő Részvénytársaság;MBH USA Részvény Alap;MBH USA Részvény Alap HUFH Sorozat;HU0000712351;nyílt végű;határozatlan;értékpapíralap;részvényalap;külföldi;HUF;7,583,081,225.00;3;;;0.05;4.085;;193,122,974.00;165,969,263.00;0.00;4,728,123.00;2,938,836.00;10,203,243.00;9,283,509.00;1,813,717.00;0.00;0.02;183,839,465.00;90.28;1.60;2.19;0.04;2.44
MBH Befektetési Alapkezelő Zártkörűen Működő Részvénytársaság;MBH USA Részvény Alap;MBH USA Részvény Alap USD Sorozat;HU0000721014;nyílt végű;határozatlan;értékpapíralap;részvényalap;külföldi;USD;744,523,410.00;3;;;0.05;4.085;;18,961,233.00;16,295,223.00;0.00;464,217.00;288,541.00;1,001,777.00;911,475.00;178,075.00;0.00;0;18,049,758.00;90.28;1.60;2.19;0.04;2.42
MBH Befektetési Alapkezelő Zártkörűen Működő Részvénytársaság;MBH Ütemező 2 Globális Részvény Alapok Alapja;MBH Ütemező 2 Globális Részvény Alapok Alapja USD sorozat;HU0000732607;nyílt végű;határozatlan;értékpapíralap;alapok alapja;külföldi;USD;486,440,822.00;3;;;0.08;4.085;;2,441,601.00;1,607,699.00;0.00;0.00;194,366.00;536,944.00;102,592.00;0.00;0.00;0;2,339,009.00;68.73;8.31;0.33;0.04;0.48
MBH Befektetési Alapkezelő Zártkörűen Működő Részvénytársaság;MBH Ütemező 2 Globális Részvény Alapok Alapja;MBH Ütemező 2 Globális Részvény Alapok Alapja HUF sorozat;HU0000732581;nyílt végű;határozatlan;értékpapíralap;alapok alapja;külföldi;HUF;8,810,068,426.00;3;;;0.08;4.085;;44,220,533.00;29,117,500.00;0.00;0.00;3,520,211.00;9,724,759.00;1,858,063.00;0.00;0.00;0;42,362,470.00;68.73;8.31;0.33;0.04;0.48
MBH Befektetési Alapkezelő Zártkörűen Működő Részvénytársaság;MBH Ütemező 2 Globális Részvény Alapok Alapja;MBH Ütemező 2 Globális Részvény Alapok Alapja EUR sorozat;HU0000732599;nyílt végű;határozatlan;értékpapíralap;alapok alapja;külföldi;EUR;1,801,316,228.00;3;;;0.08;4.085;;9,041,379.00;5,953,396.00;0.00;0.00;719,746.00;1,988,335.00;379,902.00;0.00;0.00;0;8,661,477.00;68.73;8.31;0.33;0.04;0.48
MBH Befektetési Alapkezelő Zártkörűen Működő Részvénytársaság;MBH Zöldülő Vállalatok Részvény Alap;A;HU0000727532;nyílt végű;határozatlan;értékpapíralap;részvényalap;külföldi;HUF;588,347,823.00;3;20;éves;0.2;4.085;;16,861,942.00;5,880,037.00;6,316,933.00;;587,178.00;3,150,130.00;927,664.00;0.00;;0;9,617,345.00;61.14;6.11;1.00;0.10;1.63
MBH Befektetési Alapkezelő Zártkörűen Működő Részvénytársaság;MKB Ütemező Fejlett Piaci Részvény Alapok Alapja;A;HU0000731492;nyílt végű;határozatlan;értékpapíralap;alapok alapja;külföldi;HUF;12,716,416,213.00;3;;;0.2;4.085;;164,852,404.00;145,064,083.00;;;7,608,077.00;11,391,840.00;788,404.00;508,239.00;;0.72;164,064,000.00;88.42;4.64;1.14;0.06;2.01
OTP Alapkezelő Zártkörűen Működő Részvénytársaság;OTP Abszolút Hozamú Származtatott Alap;A sorozat;HU0000704457;nyílt végű;határozatlan;értékpapíralap;abszolút hozamú alap;külföldi;HUF;7,120,644,734.00;2;20;éves;0.05;2;;258,221,714.00;143,023,195.00;78,929,451.00;0.00;3,586,799.00;6,216,102.00;26,466,167.00;0.00;0.00;0.0132;152,826,096.00;93.59;2.35;2.01;0.05;2.16
OTP Alapkezelő Zártkörűen Működő Részvénytársaság;OTP Abszolút Hozamú Származtatott Alap;B sorozat;HU0000704440;nyílt végű;határozatlan;értékpapíralap;abszolút hozamú alap;külföldi;HUF;22,257,662,107.00;1;20;éves;0.05;2;;652,396,783.00;222,793,122.00;316,552,809.00;0.00;11,179,416.00;19,381,078.00;82,490,358.00;0.00;0.00;0.0132;253,353,616.00;87.94;4.41;1.00;0.05;1.15
OTP Alapkezelő Zártkörűen Működő Részvénytársaság;OTP Afrika Részvény Alap;A sorozat;HU0000709753;nyílt végű;határozatlan;értékpapíralap;részvényalap;külföldi;HUF;308,838,824.00;2;20;éves;0.21;1.5;;6,838,079.00;4,712,115.00;0.00;0.00;656,923.00;538,270.00;930,771.00;0.00;0.00;0;5,907,308.00;79.77;11.12;1.53;0.21;1.91
OTP Alapkezelő Zártkörűen Működő Részvénytársaság;OTP Afrika Részvény Alap;C sorozat;HU0000709886;nyílt végű;határozatlan;értékpapíralap;részvényalap;külföldi;EUR;46,063,389.00;2;20;éves;0.21;1.5;;994,558.00;682,836.00;0.00;0.00;95,570.00;80,742.00;135,410.00;0.00;0.00;0;859,148.00;79.48;11.12;1.48;0.21;1.87
OTP Alapkezelő Zártkörűen Működő Részvénytársaság;OTP Afrika Részvény Alap;B sorozat;HU0000709878;nyílt végű;határozatlan;értékpapíralap;részvényalap;külföldi;HUF;899,187,413.00;0.8;20;éves;0.21;1.5;;13,158,290.00;7,099,683.00;0.00;0.00;1,870,460.00;1,537,958.00;2,650,189.00;0.00;0.00;0;10,508,101.00;67.56;17.80;0.79;0.21;1.17
OTP Alapkezelő Zártkörűen Működő Részvénytársaság;OTP AHA Euró Származtatott Alapba Fektető Alap ;A sorozat;HU0000713755;nyílt végű;határozatlan;értékpapíralap;alapok alapja;külföldi;EUR;1,461,855,701.00;1.5;;;0.05;1.5;;17,288,693.00;14,628,115.00;0.00;0.00;733,610.00;1,856,498.00;70,470.00;0.00;0.00;1.1425;17,218,223.00;84.96;4.26;1.00;0.05;2.32
OTP Alapkezelő Zártkörűen Működő Részvénytársaság;OTP Ázsiai Részvény Alapok Alapja ;A sorozat;HU0000706718;nyílt végű;határozatlan;értékpapíralap;részvényalap;külföldi;HUF;1,372,599,878.00;2;;;0.05;1.5;;14,787,705.00;10,991,446.00;0.00;0.00;689,005.00;2,141,433.00;965,821.00;0.00;0.00;0.1121;13,821,884.00;79.52;4.98;0.80;0.05;1.12
OTP Alapkezelő Zártkörűen Működő Részvénytársaság;OTP Ázsiai Részvény Alapok Alapja ;B sorozat;HU0000706726;nyílt végű;határozatlan;értékpapíralap;részvényalap;külföldi;EUR;176,601,762.00;2;;;0.05;1.5;;1,901,597.00;1,412,937.00;0.00;0.00;88,619.00;275,819.00;124,222.00;0.00;0.00;0.1121;1,777,375.00;79.50;4.99;0.80;0.05;1.12
OTP Alapkezelő Zártkörűen Működő Részvénytársaság;OTP Céldátum 2025 Vegyes Alapba Fektető Alap ;I Sorozat;HU0000726260;nyílt végű;határozatlan;értékpapíralap;alapok alapja;külföldi;HUF;225,321,292.00;0.8;;;0.05;1.5;;1,114,512.00;720,066.00;0.00;0.00;112,964.00;263,306.00;18,176.00;0.00;0.00;0.3566;1,096,336.00;65.68;10.30;0.32;0.05;0.84
OTP Alapkezelő Zártkörűen Működő Részvénytársaság;OTP Céldátum 2025 Vegyes Alapba Fektető Alap ;A sorozat;HU0000726252;nyílt végű;határozatlan;értékpapíralap;alapok alapja;külföldi;HUF;1,498,935,566.00;2;;;0.05;1.5;;17,975,947.00;15,340,401.00;0.00;0.00;754,730.00;1,759,386.00;121,430.00;0.00;0.00;0.3566;17,854,517.00;85.92;4.23;1.02;0.05;1.55
OTP Alapkezelő Zártkörűen Működő Részvénytársaság;OTP Céldátum 2030 Vegyes Alapba Fektető Alap ;I Sorozat;HU0000726286;nyílt végű;határozatlan;értékpapíralap;alapok alapja;külföldi;HUF;330,152,685.00;0.8;;;0.05;1.5;;2,193,196.00;1,553,851.00;0.00;0.00;165,945.00;439,224.00;34,176.00;0.00;0.00;0.2617;2,159,020.00;71.97;7.69;0.47;0.05;0.92
OTP Alapkezelő Zártkörűen Működő Részvénytársaság;OTP Céldátum 2030 Vegyes Alapba Fektető Alap ;A sorozat;HU0000726278;nyílt végű;határozatlan;értékpapíralap;alapok alapja;külföldi;HUF;1,290,457,039.00;2;;;0.05;1.5;;17,649,488.00;15,146,693.00;0.00;0.00;649,644.00;1,719,360.00;133,791.00;0.00;0.00;0.2617;17,515,697.00;86.47;3.71;1.17;0.05;1.62
OTP Alapkezelő Zártkörűen Működő Részvénytársaság;OTP Céldátum 2035 Vegyes Alapba Fektető Alap ;A sorozat;HU0000726294;nyílt végű;határozatlan;értékpapíralap;alapok alapja;külföldi;HUF;306,919,822.00;2;;;0.05;1.5;;4,818,421.00;3,950,963.00;0.00;0.00;154,955.00;660,660.00;51,843.00;0.00;0.00;0.1796;4,766,578.00;82.89;3.25;1.29;0.05;1.73
OTP Alapkezelő Zártkörűen Működő Részvénytársaság;OTP Céldátum 2035 Vegyes Alapba Fektető Alap ;I Sorozat;HU0000726302;nyílt végű;határozatlan;értékpapíralap;alapok alapja;külföldi;HUF;471,498,509.00;0.8;;;0.05;1.5;;4,068,897.00;2,740,389.00;0.00;0.00;237,190.00;1,011,960.00;79,358.00;0.00;0.00;0.1796;3,989,539.00;68.69;5.95;0.58;0.05;1.03
OTP Alapkezelő Zártkörűen Működő Részvénytársaság;OTP Céldátum 2040 Alapba Fektető Alap;A sorozat;HU0000726310;nyílt végű;határozatlan;értékpapíralap;dinamikus vegyes alap;külföldi;HUF;213,909,841.00;2;;;0.05;1.5;;3,535,137.00;2,864,329.00;0.00;0.00;108,122.00;520,170.00;42,516.00;0.00;0.00;0.2019;3,492,621.00;82.01;3.10;1.34;0.05;1.83
OTP Alapkezelő Zártkörűen Működő Részvénytársaság;OTP Céldátum 2040 Alapba Fektető Alap;I Sorozat;HU0000726328;nyílt végű;határozatlan;értékpapíralap;dinamikus vegyes alap;külföldi;HUF;438,706,135.00;0.8;;;0.05;1.5;;4,146,970.00;2,772,424.00;0.00;0.00;220,941.00;1,066,727.00;86,878.00;0.00;0.00;0.2019;4,060,092.00;68.28;5.44;0.63;0.05;1.13
OTP Alapkezelő Zártkörűen Működő Részvénytársaság;OTP Céldátum 2045 Alapba Fektető Alap;A sorozat;HU0000726336;nyílt végű;határozatlan;értékpapíralap;dinamikus vegyes alap;külföldi;HUF;217,690,718.00;2;;;0.05;1.5;;3,755,991.00;3,048,810.00;0.00;0.00;110,100.00;552,392.00;44,689.00;0.00;0.00;0.2069;3,711,302.00;82.15;2.97;1.40;0.05;1.91
OTP Alapkezelő Zártkörűen Működő Részvénytársaság;OTP Céldátum 2045 Alapba Fektető Alap;I Sorozat;HU0000726344;nyílt végű;határozatlan;értékpapíralap;dinamikus vegyes alap;külföldi;HUF;402,655,738.00;0.8;;;0.05;1.5;;4,085,818.00;2,784,868.00;0.00;0.00;202,629.00;1,016,075.00;82,246.00;0.00;0.00;0.2069;4,003,572.00;69.56;5.06;0.69;0.05;1.20
OTP Alapkezelő Zártkörűen Működő Részvénytársaság;OTP Céldátum 2050 Alapba Fektető Alap;I Sorozat;HU0000726369;nyílt végű;határozatlan;értékpapíralap;dinamikus vegyes alap;külföldi;HUF;309,536,898.00;0.8;;;0.05;1.5;;3,304,709.00;2,323,719.00;0.00;0.00;155,633.00;762,826.00;62,531.00;0.00;0.00;0.1521;3,242,178.00;71.67;4.80;0.75;0.05;1.20
OTP Alapkezelő Zártkörűen Működő Részvénytársaság;OTP Céldátum 2050 Alapba Fektető Alap;A sorozat;HU0000726351;nyílt végű;határozatlan;értékpapíralap;dinamikus vegyes alap;külföldi;HUF;335,068,282.00;2;;;0.05;1.5;;5,962,450.00;4,894,401.00;0.00;0.00;169,386.00;830,607.00;68,056.00;0.00;0.00;0.1521;5,894,394.00;83.03;2.87;1.46;0.05;1.91
OTP Alapkezelő Zártkörűen Működő Részvénytársaság;OTP DOLLÁR Rövid Kötvény Alap;I Sorozat;HU0000732763;nyílt végű;határozatlan;értékpapíralap;rövid kötvényalap;külföldi;USD;24,886,873,428.00;0;;;0.06;1.5;;34,123,505.00;0.00;0.00;0.00;12,429,251.00;21,076,592.00;617,662.00;0.00;0.00;0;33,505,843.00;0.00;37.10;0.00;0.05;0.13
OTP Alapkezelő Zártkörűen Működő Részvénytársaság;OTP DOLLÁR Rövid Kötvény Alap;A sorozat;HU0000702170;nyílt végű;határozatlan;értékpapíralap;rövid kötvényalap;külföldi;USD;73,721,812,298.00;1;;;0.06;1.5;;470,269,449.00;368,909,606.00;0.00;0.00;36,899,728.00;62,626,414.00;1,833,701.00;0.00;0.00;0;468,435,748.00;78.75;7.88;0.50;0.05;0.64
OTP Alapkezelő Zártkörűen Működő Részvénytársaság;OTP EMDA Abszolút Hozamú Származtatott Alap;A sorozat;HU0000706361;nyílt végű;határozatlan;értékpapíralap;abszolút hozamú alap;külföldi;HUF;41,688,154,428.00;2;20;éves;0.05;2.5;;916,602,538.00;831,574,842.00;0.00;0.00;20,854,914.00;36,967,972.00;27,204,810.00;0.00;0.00;0.1086;889,397,728.00;93.50;2.34;1.99;0.05;2.24
OTP Alapkezelő Zártkörűen Működő Részvénytársaság;OTP EMDA Abszolút Hozamú Származtatott Alap;I Sorozat;HU0000720271;nyílt végű;határozatlan;értékpapíralap;abszolút hozamú alap;külföldi;HUF;30,335,139,583.00;0.8;20;éves;0.05;2.5;;305,555,059.00;243,261,056.00;194,049.00;0.00;15,235,673.00;26,989,657.00;19,874,624.00;0.00;0.00;0.1086;285,486,386.00;85.21;5.34;0.80;0.05;1.05
OTP Alapkezelő Zártkörűen Működő Részvénytársaság;OTP EMDA Euró Származtatott Alapba Fektető Alap;A sorozat;HU0000728282;nyílt végű;határozatlan;értékpapíralap;alapok alapja;külföldi;EUR;5,171,666,607.00;1.5;;;0.05;2;;67,578,181.00;61,937,951.00;0.00;0.00;2,586,816.00;3,018,667.00;34,747.00;0.00;0.00;1.0655;67,543,434.00;91.70;3.83;1.20;0.05;2.37
OTP Alapkezelő Zártkörűen Működő Részvénytársaság;OTP EMDA Euró Származtatott Alapba Fektető Alap;B sorozat;HU0000728290;nyílt végű;határozatlan;értékpapíralap;alapok alapja;külföldi;HUF;1,751,815,029.00;1.5;;;0.05;2;;23,800,971.00;21,817,563.00;0.00;0.00;910,710.00;1,060,465.00;12,233.00;0.00;0.00;1.0655;23,788,738.00;91.71;3.83;1.25;0.05;2.42
OTP Alapkezelő Zártkörűen Működő Részvénytársaság;OTP EMEA Származtatott Kötvény Alap;A sorozat;HU0000711015;nyílt végű;határozatlan;értékpapíralap;szabad futamidejű kötvényalap;külföldi;HUF;4,470,305,271.00;1.5;20;éves;0.05;1.5;;74,263,559.00;67,668,002.00;0.00;0.00;2,261,583.00;4,219,303.00;114,671.00;0.00;0.00;0;74,148,888.00;91.26;3.05;1.51;0.05;1.66
OTP Alapkezelő Zártkörűen Működő Részvénytársaság;OTP EMEA Származtatott Kötvény Alap;I Sorozat;HU0000718309;nyílt végű;határozatlan;értékpapíralap;szabad futamidejű kötvényalap;külföldi;HUF;11,498,830,907.00;0.8;20;éves;0.05;1.5;;74,353,946.00;57,513,252.00;0.00;0.00;5,773,561.00;10,774,391.00;292,742.00;0.00;0.00;0;74,061,204.00;77.66;7.80;0.50;0.05;0.64
OTP Alapkezelő Zártkörűen Működő Részvénytársaság;OTP Energiatrend Hozamvédett Zártvégű Alap;A sorozat;HU0000730775;zárt végű;határozott;értékpapíralap;tőkevédett alap;külföldi;HUF;3,521,920,239.00;2;;;0.05;1;;58,935,289.00;52,836,345.00;0.00;0.00;1,766,187.00;4,286,391.00;46,366.00;0.00;0.00;0;58,888,923.00;89.72;3.00;1.50;0.05;1.67
OTP Alapkezelő Zártkörűen Működő Részvénytársaság;OTP EURÓ Rövid Kötvény Alap;A sorozat;HU0000702162;nyílt végű;határozatlan;értékpapíralap;rövid kötvényalap;külföldi;EUR;188,758,413,447.00;1;;;0.06;1;;1,140,044,306.00;882,090,041.00;0.00;0.00;94,493,411.00;160,367,038.00;3,093,816.00;0.00;0.00;0;1,136,950,490.00;77.58;8.31;0.47;0.05;0.60
OTP Alapkezelő Zártkörűen Működő Részvénytársaság;OTP EURÓ Rövid Kötvény Alap;I Sorozat;HU0000732771;nyílt végű;határozatlan;értékpapíralap;rövid kötvényalap;külföldi;EUR;161,592,951,702.00;0;;;0.06;1;;220,171,353.00;0.00;0.00;0.00;80,733,711.00;136,794,333.00;2,643,309.00;0.00;0.00;0;217,528,044.00;0.00;37.11;0.00;0.05;0.13
OTP Alapkezelő Zártkörűen Működő Részvénytársaság;OTP Föld Kincsei Abszolút Hozamú Származtatott Alap;A sorozat;HU0000707633;nyílt végű;határozatlan;értékpapíralap;abszolút hozamú alap;külföldi;HUF;38,881,303,286.00;2;20;éves;0.05;2.5;;909,798,130.00;776,786,580.00;0.00;0.00;19,484,261.00;44,587,615.00;68,939,674.00;0.00;0.00;0;840,858,456.00;92.38;2.32;2.00;0.05;2.16
OTP Alapkezelő Zártkörűen Működő Részvénytársaság;OTP Föld Kincsei Abszolút Hozamú Származtatott Alap;I Sorozat;HU0000716121;nyílt végű;határozatlan;értékpapíralap;abszolút hozamú alap;külföldi;HUF;29,857,473,986.00;0.8;20;éves;0.05;2.5;;252,024,245.00;149,642,848.00;0.00;0.00;14,998,358.00;34,315,493.00;53,067,546.00;0.00;0.00;0;198,956,699.00;75.21;7.54;0.50;0.05;0.67
OTP Alapkezelő Zártkörűen Működő Részvénytársaság;OTP Föld Kincsei Abszolút Hozamú Származtatott Alap;B sorozat;HU0000707641;nyílt végű;határozatlan;értékpapíralap;abszolút hozamú alap;külföldi;EUR;13,052,779,154.00;2;20;éves;0.05;2.5;;305,196,658.00;260,573,961.00;0.00;0.00;6,536,124.00;14,960,304.00;23,126,269.00;0.00;0.00;0;282,070,389.00;92.38;2.32;2.00;0.05;2.16
OTP Alapkezelő Zártkörűen Működő Részvénytársaság;OTP Fundman Részvény Alap;C sorozat;HU0000713730;nyílt végű;határozatlan;értékpapíralap;részvényalap;külföldi;EUR;1,381,293,071.00;2;20;éves;0.1;2.5;;31,471,134.00;27,658,021.00;0.00;0.00;1,120,247.00;1,230,405.00;1,462,461.00;0.00;0.00;0;30,008,673.00;92.17;3.73;2.00;0.08;2.17
OTP Alapkezelő Zártkörűen Működő Részvénytársaság;OTP Fundman Részvény Alap;B sorozat;HU0000713722;nyílt végű;határozatlan;értékpapíralap;részvényalap;külföldi;HUF;34,624,057,287.00;0.8;20;éves;0.1;2.5;;372,923,173.00;277,311,666.00;0.00;0.00;28,087,845.00;30,855,515.00;36,668,147.00;0.00;0.00;0;336,255,026.00;82.47;8.35;0.80;0.08;0.97
OTP Alapkezelő Zártkörűen Működő Részvénytársaság;OTP Fundman Részvény Alap;A sorozat;HU0000713714;nyílt végű;határozatlan;értékpapíralap;részvényalap;külföldi;HUF;3,022,404,945.00;2;20;éves;0.1;2.5;;68,734,842.00;60,405,229.00;0.00;0.00;2,447,236.00;2,687,557.00;3,194,820.00;0.00;0.00;0;65,540,022.00;92.17;3.73;2.00;0.08;2.17
OTP Alapkezelő Zártkörűen Működő Részvénytársaság;OTP Klímaváltozás 130/30 Részvény Alap;B sorozat;HU0000706247;nyílt végű;határozatlan;értékpapíralap;részvényalap;külföldi;EUR;4,788,136,201.00;2;20;éves;0.05;1.5;;104,567,090.00;95,620,147.00;0.00;0.00;2,397,027.00;4,512,114.00;2,037,802.00;0.00;0.00;0;102,529,288.00;93.26;2.34;2.00;0.05;2.14
OTP Alapkezelő Zártkörűen Működő Részvénytársaság;OTP Klímaváltozás 130/30 Részvény Alap;A sorozat;HU0000706239;nyílt végű;határozatlan;értékpapíralap;részvényalap;külföldi;HUF;24,908,566,836.00;2;20;éves;0.05;1.5;;544,771,086.00;498,169,017.00;0.00;0.00;12,485,816.00;23,501,593.00;10,614,660.00;0.00;0.00;0;534,156,426.00;93.26;2.34;2.00;0.05;2.14
OTP Alapkezelő Zártkörűen Működő Részvénytársaság;OTP Közép-Európai Származtatott Részvény Alap;I sorozat;HU0000728688;nyílt végű;határozatlan;értékpapíralap;részvényalap;külföldi;EUR;9,179,827,322.00;0.8;20;éves;0.12;2.5;;140,726,842.00;73,574,135.00;35,078,660.00;0.00;10,160,865.00;7,921,490.00;13,991,692.00;0.00;0.00;0;91,656,490.00;80.27;11.09;0.80;0.11;1.00
OTP Alapkezelő Zártkörűen Működő Részvénytársaság;OTP Közép-Európai Származtatott Részvény Alap;A sorozat;HU0000703855;nyílt végű;határozatlan;értékpapíralap;részvényalap;külföldi;EUR;5,434,895,356.00;2;20;éves;0.12;2.5;;127,584,955.00;108,645,223.00;0.00;0.00;6,003,419.00;4,669,498.00;8,266,815.00;0.00;0.00;0;119,318,140.00;91.06;5.03;2.00;0.11;2.20
OTP Alapkezelő Zártkörűen Működő Részvénytársaság;OTP Közép-Európai Származtatott Részvény Alap;B sorozat;HU0000728670;nyílt végű;határozatlan;értékpapíralap;részvényalap;külföldi;HUF;1,193,422,917.00;2;20;éves;0.12;2.5;;29,551,052.00;24,049,231.00;1,313,443.00;0.00;1,327,085.00;1,033,874.00;1,827,419.00;0.00;0.00;0;26,410,190.00;91.06;5.02;2.02;0.11;2.21
OTP Alapkezelő Zártkörűen Működő Részvénytársaság;OTP MAXIMA Kötvény Alap;B sorozat;HU0000713904;nyílt végű;határozatlan;értékpapíralap;kötvényalap;hazai;HUF;12,791,514,624.00;0.8;;;0.05;1.5;;88,205,032.00;63,875,779.00;0.00;0.00;6,401,505.00;10,551,313.00;7,376,435.00;0.00;0.00;0;80,828,597.00;79.03;7.92;0.50;0.05;0.63
OTP Alapkezelő Zártkörűen Működő Részvénytársaság;OTP MAXIMA Kötvény Alap;A sorozat;HU0000702865;nyílt végű;határozatlan;értékpapíralap;kötvényalap;hazai;HUF;85,353,230,627.00;1.5;;;0.05;1.5;;1,441,902,606.00;1,279,384,350.00;0.00;0.00;42,756,524.00;70,493,518.00;49,268,214.00;0.00;0.00;0;1,392,634,392.00;91.87;3.07;1.50;0.05;1.63
OTP Alapkezelő Zártkörűen Működő Részvénytársaság;OTP Megatrend Hozamvédett Zártvégű Alap;A sorozat;HU0000730783;zárt végű;határozott;értékpapíralap;tőkevédett alap;külföldi;HUF;1,373,414,289.00;2;;;0.05;1;;23,843,887.00;20,603,844.00;0.00;0.00;688,748.00;2,459,929.00;91,366.00;0.00;0.00;0;23,752,521.00;86.74;2.90;1.50;0.05;1.73
OTP Alapkezelő Zártkörűen Működő Részvénytársaság;OTP Megatrend II. Hozamvédett Zártvégű Alap;A sorozat;HU0000732037;zárt végű;határozott;értékpapíralap;tőkevédett alap;külföldi;HUF;11,282,352,155.00;2;;;0.05;1;;129,679,990.00;112,872,336.00;0.00;0.00;5,659,883.00;11,123,251.00;24,520.00;0.00;0.00;0;129,655,470.00;87.06;4.37;1.00;0.05;1.15
OTP Alapkezelő Zártkörűen Működő Részvénytársaság;OTP Meta Globális Kötvény Alap;I sorozat;HU0000725148;nyílt végű;határozatlan;értékpapíralap;hosszú kötvényalap;külföldi;USD;8,005,156,722.00;0.8;;;0.05;1;;77,431,985.00;64,005,268.00;0.00;0.00;4,013,748.00;8,117,749.00;1,295,220.00;0.00;0.00;0;76,136,765.00;84.07;5.27;0.80;0.05;0.95
OTP Alapkezelő Zártkörűen Működő Részvénytársaság;OTP Meta Globális Kötvény Alap;A sorozat;HU0000724604;nyílt végű;határozatlan;értékpapíralap;hosszú kötvényalap;külföldi;USD;549,737,236.00;1.5;;;0.05;1;;8,181,321.00;7,243,177.00;0.00;0.00;279,814.00;568,036.00;90,294.00;0.00;0.00;0;8,091,027.00;89.52;3.46;1.32;0.05;1.47
OTP Alapkezelő Zártkörűen Működő Részvénytársaság;OTP Multi-Asset Dinamikus Alapok Alapja;A sorozat;HU0000729785;nyílt végű;határozatlan;értékpapíralap;dinamikus vegyes alap;külföldi;EUR;1,368,366,739.00;2;;;0.05;2;;18,894,676.00;13,540,954.00;0.00;0.00;553,646.00;2,429,124.00;2,370,952.00;0.00;0.00;0.05;16,523,724.00;81.95;3.35;0.99;0.04;1.26
OTP Alapkezelő Zártkörűen Működő Részvénytársaság;OTP Multi-Asset Kiegyensúlyozott Alapok Alapja;A sorozat;HU0000729801;nyílt végű;határozatlan;értékpapíralap;kiegyensúlyozott vegyes alap;külföldi;EUR;3,841,234,349.00;2;;;0.05;2;;48,491,374.00;38,190,497.00;0.00;0.00;1,555,840.00;4,442,342.00;4,302,695.00;0.00;0.00;0.0549;44,188,679.00;86.43;3.52;0.99;0.04;1.21
OTP Alapkezelő Zártkörűen Működő Részvénytársaság;OTP Multi-Asset Konzervatív Alapok Alapja;A sorozat;HU0000729793;nyílt végű;határozatlan;értékpapíralap;kiegyensúlyozott vegyes alap;külföldi;EUR;3,077,931,639.00;2;;;0.05;2;;38,497,150.00;30,424,995.00;0.00;0.00;1,247,465.00;3,868,462.00;2,956,228.00;0.00;0.00;0.049;35,540,922.00;85.61;3.51;0.99;0.04;1.20
OTP Alapkezelő Zártkörűen Működő Részvénytársaság;OTP Nyugat-Európai Részvény Alap;I sorozat;HU0000729041;nyílt végű;határozatlan;értékpapíralap;részvényalap;külföldi;EUR;8,820,986,537.00;0.8;20;éves;0.075;2.5;;108,274,380.00;70,680,970.00;0.00;0.00;5,332,603.00;8,572,459.00;23,688,348.00;0.00;0.00;0;84,586,032.00;83.56;6.30;0.80;0.06;0.96
OTP Alapkezelő Zártkörűen Működő Részvénytársaság;OTP Nyugat-Európai Részvény Alap;B sorozat;HU0000729033;nyílt végű;határozatlan;értékpapíralap;részvényalap;külföldi;EUR;131,727,423.00;2;20;éves;0.075;2.5;;3,203,113.00;2,642,445.00;0.00;0.00;79,714.00;126,850.00;354,104.00;0.00;0.00;0;2,849,009.00;92.75;2.80;2.01;0.06;2.16
OTP Alapkezelő Zártkörűen Működő Részvénytársaság;OTP Nyugat-Európai Részvény Alap;A sorozat;HU0000729025;nyílt végű;határozatlan;értékpapíralap;részvényalap;külföldi;HUF;275,263,936.00;2;20;éves;0.075;2.5;;6,712,463.00;5,536,841.00;0.00;0.00;166,893.00;267,363.00;741,366.00;0.00;0.00;0;5,971,097.00;92.73;2.80;2.01;0.06;2.17
OTP Alapkezelő Zártkörűen Működő Részvénytársaság;OTP Omega Fejlett Piaci Részvény Alapok Alapja;B sorozat;HU0000703897;nyílt végű;határozatlan;értékpapíralap;részvényalap;külföldi;EUR;3,965,287,358.00;2;;;0.05;1.5;;61,942,206.00;55,121,180.00;0.00;0.00;1,990,343.00;3,480,047.00;1,350,636.00;0.00;0.00;0.1293;60,591,570.00;90.97;3.28;1.39;0.05;1.66
OTP Alapkezelő Zártkörűen Működő Részvénytársaság;OTP Omega Fejlett Piaci Részvény Alapok Alapja;A sorozat;HU0000702899;nyílt végű;határozatlan;értékpapíralap;részvényalap;külföldi;HUF;39,340,712,566.00;2;;;0.05;1.5;;645,034,390.00;577,304,726.00;0.00;0.00;19,761,416.00;34,558,265.00;13,409,983.00;0.00;0.00;0.1293;631,624,407.00;91.40;3.13;1.47;0.05;1.73
OTP Alapkezelő Zártkörűen Működő Részvénytársaság;OTP Optima Tőkegarantált Kötvény Alap;A sorozat;HU0000702873;nyílt végű;határozatlan;értékpapíralap;kötvényalap;hazai;HUF;1,130,584,798,078.00;1.5;;;0.05;1;;16,876,879,647.00;15,435,077,951.00;0.00;0.00;567,687,898.00;861,049,938.00;13,063,860.00;0.00;0.00;0;16,863,815,787.00;91.53;3.37;1.37;0.05;1.49
OTP Alapkezelő Zártkörűen Működő Részvénytársaság;OTP Optima Tőkegarantált Kötvény Alap;B sorozat;HU0000713912;nyílt végű;határozatlan;értékpapíralap;kötvényalap;hazai;HUF;12,304,089,812.00;0.5;;;0.05;1;;76,993,499.00;61,403,431.00;0.00;0.00;6,138,386.00;9,310,423.00;141,259.00;0.00;0.00;0;76,852,240.00;79.90;7.99;0.50;0.05;0.62
OTP Alapkezelő Zártkörűen Működő Részvénytársaság;OTP Orosz Részvény Alap;A sorozat;HU0000709019;nyílt végű;határozatlan;értékpapíralap;részvényalap;külföldi;HUF;357,635,223.00;2;;;0.085;2.5;;7,237,013.00;5,371,960.00;0.00;0.00;255,657.00;1,230,816.00;378,580.00;0.00;0.00;0;6,858,433.00;78.33;3.73;1.50;0.07;1.92
OTP Alapkezelő Zártkörűen Működő Részvénytársaság;OTP Orosz Részvény Alap;B sorozat;HU0000709084;nyílt végű;határozatlan;értékpapíralap;részvényalap;külföldi;HUF;35,344,519.00;0.8;;;0.085;2.5;;459,962.00;279,191.00;0.00;0.00;24,958.00;118,855.00;36,958.00;0.00;0.00;0;423,004.00;66.00;5.90;0.79;0.07;1.20
OTP Alapkezelő Zártkörűen Működő Részvénytársaság;OTP Orosz Részvény Alap;C sorozat;HU0000709092;nyílt végű;határozatlan;értékpapíralap;részvényalap;külföldi;EUR;24,472,951.00;2;;;0.085;2.5;;494,472.00;367,522.00;0.00;0.00;17,487.00;83,569.00;25,894.00;0.00;0.00;0;468,578.00;78.43;3.73;1.50;0.07;1.91
OTP Alapkezelő Zártkörűen Működő Részvénytársaság;OTP Orosz Részvény Alap IL sorozat;A sorozat;HU0000731989;nyílt végű;határozatlan;értékpapíralap;részvényalap;külföldi;HUF;216,312,881.00;0;;;0;2.5;;1.00;0.00;0.00;0.00;0.00;0.00;1.00;0.00;0.00;0;0.00;;;0.00;0.00;0.00
OTP Alapkezelő Zártkörűen Működő Részvénytársaság;OTP Orosz Részvény Alap IL sorozat;B sorozat;HU0000731997;nyílt végű;határozatlan;értékpapíralap;részvényalap;külföldi;HUF;321,172,185.00;0;;;0;2.5;;2.00;0.00;0.00;0.00;0.00;0.00;2.00;0.00;0.00;0;0.00;;;0.00;0.00;0.00
OTP Alapkezelő Zártkörűen Működő Részvénytársaság;OTP Orosz Részvény Alap IL sorozat;C sorozat;HU0000732003;nyílt végű;határozatlan;értékpapíralap;részvényalap;külföldi;EUR;43,658,446.00;0;;;0;2.5;;0.00;0.00;0.00;0.00;0.00;0.00;0.00;0.00;0.00;0;0.00;;;0.00;0.00;0.00
OTP Alapkezelő Zártkörűen Működő Részvénytársaság;OTP Ökotrend Hozamvédett Zártvégű Alap;A sorozat;HU0000732029;zárt végű;határozott;értékpapíralap;tőkevédett alap;külföldi;HUF;1,833,655,574.00;2;;;0.05;1.05;;31,344,661.00;27,501,467.00;0.00;0.00;919,240.00;2,854,652.00;69,302.00;0.00;0.00;0;31,275,359.00;87.93;2.94;1.50;0.05;1.71
OTP Alapkezelő Zártkörűen Működő Részvénytársaság;OTP Paletta Származtatott Vegyes Értékpapíralap ;A sorozat;HU0000702881;nyílt végű;határozatlan;értékpapíralap;vegíes értékpapíralap;külföldi;HUF;13,028,983,330.00;2;20;éves;0.05;2;;226,485,939.00;195,779,952.00;6,053,518.00;0.00;6,548,802.00;10,719,018.00;7,384,649.00;0.00;0.00;0;213,047,772.00;91.89;3.07;1.50;0.05;1.64
OTP Alapkezelő Zártkörűen Működő Részvénytársaság;OTP Paletta Származtatott Vegyes Értékpapíralap ;I Sorozat;HU0000720313;nyílt végű;határozatlan;értékpapíralap;vegíes értékpapíralap;külföldi;HUF;15,156,318,509.00;0.8;20;éves;0.05;2;;191,308,496.00;121,454,486.00;41,176,409.00;0.00;7,617,566.00;12,470,212.00;8,589,823.00;0.00;0.00;0;141,542,264.00;85.81;5.38;0.80;0.05;0.93
OTP Alapkezelő Zártkörűen Működő Részvénytársaság;OTP Planéta Feltörekvő Piaci Részvény Alapok Alapja;A sorozat;HU0000705579;nyílt végű;határozatlan;értékpapíralap;részvényalap;külföldi;HUF;10,819,342,892.00;2;20;éves;0.05;1.5;;169,094,963.00;151,823,929.00;0.00;0.00;5,439,998.00;9,448,197.00;2,382,839.00;0.00;0.00;0;166,712,124.00;91.07;3.26;1.40;0.05;1.54
OTP Alapkezelő Zártkörűen Működő Részvénytársaság;OTP Planéta Feltörekvő Piaci Részvény Alapok Alapja;B sorozat;HU0000705561;nyílt végű;határozatlan;értékpapíralap;részvényalap;külföldi;EUR;1,311,069,992.00;2;20;éves;0.05;1.5;;20,460,759.00;18,370,438.00;0.00;0.00;658,274.00;1,143,709.00;288,338.00;0.00;0.00;0;20,172,421.00;91.07;3.26;1.40;0.05;1.54
OTP Alapkezelő Zártkörűen Működő Részvénytársaság;OTP Prémium Aktív Klasszikus Vegyes Alapok Alapja;A sorozat;HU0000715545;nyílt végű;határozatlan;értékpapíralap;alapok alapja;hazai;HUF;61,473,881,332.00;0.5;;;0.05;0.6;;343,731,163.00;287,133,079.00;0.00;0.00;30,895,192.00;25,634,026.00;68,866.00;0.00;0.00;1.1984;343,662,297.00;83.55;8.99;0.47;0.05;1.76
OTP Alapkezelő Zártkörűen Működő Részvénytársaság;OTP Prémium Euró Vegyes Alapok Alapja;A sorozat;HU0000705041;nyílt végű;határozatlan;értékpapíralap;alapok alapja;külföldi;EUR;9,853,243,979.00;0.6;;;0.05;0.4;;10,245,429.00;0.00;0.00;0.00;4,943,323.00;5,278,616.00;23,490.00;0.00;0.00;0.0141;10,221,939.00;0.00;48.36;0.00;0.05;0.12
OTP Alapkezelő Zártkörűen Működő Részvénytársaság;OTP Prémium Kiegyensúlyozott Vegyes Alapok Alapja;A sorozat;HU0000705025;nyílt végű;határozatlan;értékpapíralap;alapok alapja;külföldi;HUF;69,210,602,522.00;1.5;;;0.05;1;;507,230,070.00;444,138,587.00;0.00;0.00;34,832,055.00;28,190,562.00;68,866.00;0.00;0.00;0.1739;507,161,204.00;87.57;6.87;0.64;0.05;0.91
OTP Alapkezelő Zártkörűen Működő Részvénytársaság;OTP Prémium Klasszikus Vegyes Alapok Alapja;A sorozat;HU0000705017;nyílt végű;határozatlan;értékpapíralap;alapok alapja;hazai;HUF;82,179,565,470.00;1.5;;;0.05;1;;378,308,923.00;304,362,566.00;0.00;0.00;41,260,878.00;32,616,613.00;68,866.00;0.00;0.00;0.6523;378,240,057.00;80.47;10.91;0.37;0.05;1.11
OTP Alapkezelő Zártkörűen Működő Részvénytársaság;OTP Prémium Növekedési Vegyes Alapok Alapja;A sorozat;HU0000705033;nyílt végű;határozatlan;értékpapíralap;alapok alapja;külföldi;HUF;7,778,382,601.00;1.5;;;0.05;1;;69,898,268.00;61,607,601.00;0.00;0.00;3,913,929.00;4,307,872.00;68,866.00;0.00;0.00;0;69,829,402.00;88.23;5.60;0.79;0.05;0.90
OTP Alapkezelő Zártkörűen Működő Részvénytársaság;OTP Prémium Pénzpiaci Alap;A sorozat;HU0000712161;nyílt végű;határozatlan;értékpapíralap;sztenderd pénzpiaci alap;hazai;HUF;312,481,028,259.00;1.5;;;0.05;0.6;;4,727,575,046.00;4,303,449,187.00;0.00;0.00;156,638,449.00;267,462,043.00;25,367.00;0.00;0.00;0;4,727,549,679.00;91.03;3.31;1.38;0.05;1.51
OTP Alapkezelő Zártkörűen Működő Részvénytársaság;OTP Prémium Pénzpiaci Alap;I Sorozat;HU0000732789;nyílt végű;határozatlan;értékpapíralap;sztenderd pénzpiaci alap;hazai;HUF;149,502,581,994.00;0;;;0.05;0.6;;201,329,348.00;0.00;0.00;0.00;74,349,809.00;126,967,499.00;12,040.00;0.00;0.00;0;201,317,308.00;0.00;36.93;0.00;0.05;0.13
OTP Alapkezelő Zártkörűen Működő Részvénytársaság;OTP Prémium Származtatott Alapok Alapja;A sorozat;HU0000710249;nyílt végű;határozatlan;értékpapíralap;alapok alapja;külföldi;HUF;32,965,739,390.00;1.5;;;0.05;1;;431,966,980.00;402,073,485.00;0.00;0.00;16,523,499.00;13,323,630.00;46,366.00;0.00;0.00;0.8413;431,920,614.00;93.09;3.83;1.22;0.05;2.15
OTP Alapkezelő Zártkörűen Működő Részvénytársaság;OTP Prémium Származtatott Euró Alapok Alapja;A sorozat;HU0000718473;nyílt végű;határozatlan;értékpapíralap;alapok alapja;külföldi;EUR;5,362,681,316.00;1.5;;;0.05;1.9;;71,647,975.00;65,372,660.00;0.00;0.00;2,685,987.00;3,542,348.00;46,980.00;0.00;0.00;0.8474;71,600,995.00;91.30;3.75;1.22;0.05;2.18
OTP Alapkezelő Zártkörűen Működő Részvénytársaság;OTP Prémium Trend Klasszikus Vegyes Alapok Alapja;A sorozat;HU0000715537;nyílt végű;határozatlan;értékpapíralap;alapok alapja;hazai;HUF;199,893,333,284.00;0.5;;;0.05;0.6;;1,209,381,997.00;1,002,421,877.00;0.00;0.00;100,619,202.00;92,509,207.00;13,831,711.00;0.00;0.00;1.4117;1,195,550,286.00;83.85;8.42;0.50;0.05;2.01
OTP Alapkezelő Zártkörűen Működő Részvénytársaság;OTP Quality Származtatott Részvény Alap;A sorozat;HU0000702907;nyílt végű;határozatlan;értékpapíralap;részvényalap;külföldi;HUF;21,164,685,099.00;2;20;éves;0.05;1.5;;580,029,540.00;424,982,726.00;113,696,748.00;0.00;10,649,808.00;18,271,265.00;12,428,993.00;0.00;0.00;0;453,903,799.00;93.63;2.35;2.01;0.05;2.14
OTP Alapkezelő Zártkörűen Működő Részvénytársaság;OTP Quality Származtatott Részvény Alap;B sorozat;HU0000706213;nyílt végű;határozatlan;értékpapíralap;részvényalap;külföldi;HUF;53,251,228,755.00;0.8;20;éves;0.05;1.5;;996,167,435.00;425,810,201.00;466,649,803.00;0.00;26,704,350.00;45,837,430.00;31,165,651.00;0.00;0.00;0;498,351,981.00;85.44;5.36;0.80;0.05;0.94
OTP Alapkezelő Zártkörűen Működő Részvénytársaság;OTP Sigma Származtatott Abszolút Hozamú Alap;I Sorozat;HU0000715891;nyílt végű;határozatlan;értékpapíralap;abszolút hozamú alap;külföldi;HUF;22,304,619,612.00;0.8;20;éves;0.05;3;;248,069,979.00;0.00;201,002,711.00;0.00;11,209,025.00;20,087,337.00;15,770,906.00;0.00;0.00;0;31,296,362.00;0.00;35.82;0.00;0.05;0.14
OTP Alapkezelő Zártkörűen Működő Részvénytársaság;OTP Sigma Származtatott Abszolút Hozamú Alap;A sorozat;HU0000716451;nyílt végű;határozatlan;értékpapíralap;abszolút hozamú alap;külföldi;HUF;5,830,439,215.00;2;20;éves;0.05;3;;150,487,754.00;117,078,575.00;21,076,845.00;0.00;2,936,466.00;5,264,310.00;4,131,558.00;0.00;0.00;0;125,279,351.00;93.45;2.34;2.01;0.05;2.15
OTP Alapkezelő Zártkörűen Működő Részvénytársaság;OTP Spectra Származtatott Alapba Fektető Alap ;A sorozat;HU0000724067;nyílt végű;határozatlan;értékpapíralap;alapok alapja;külföldi;HUF;91,279,045,544.00;1.2;;;0.05;1;;1,003,333,189.00;914,613,521.00;0.00;0.00;45,904,567.00;42,522,936.00;292,165.00;0.00;0.00;0.339;1,003,041,024.00;91.18;4.58;1.00;0.05;1.44
OTP Alapkezelő Zártkörűen Működő Részvénytársaság;OTP Stratégiai Euró Kötvény Alap;B sorozat;HU0000733480;nyílt végű;határozatlan;értékpapíralap;szabad futamidejű kötvényalap;külföldi;HUF;11,153,768,754.00;2;20;éves;0.06;1.5;;235,965,415.00;169,218,457.00;50,918,953.00;0.00;5,656,554.00;9,678,368.00;493,083.00;0.00;0.00;0;184,553,379.00;91.69;3.06;1.52;0.05;1.65
OTP Alapkezelő Zártkörűen Működő Részvénytársaság;OTP Stratégiai Euró Kötvény Alap;A sorozat;HU0000733472;nyílt végű;határozatlan;értékpapíralap;szabad futamidejű kötvényalap;külföldi;EUR;15,577,869,322.00;2;20;éves;0.06;1.5;;304,912,416.00;157,374,366.00;125,479,806.00;0.00;7,882,579.00;13,488,538.00;687,127.00;0.00;0.00;0;178,745,483.00;88.04;4.41;1.01;0.05;1.15
OTP Alapkezelő Zártkörűen Működő Részvénytársaság;OTP Supra Abszolút Hozamú Származtatott Alap;I Sorozat;HU0000720297;nyílt végű;határozatlan;értékpapíralap;abszolút hozamú alap;külföldi;HUF;41,646,781,663.00;0.8;20;éves;0.05;1.5;;404,827,268.00;333,693,506.00;0.00;0.00;20,901,960.00;35,124,365.00;15,107,437.00;0.00;0.00;0;389,719,831.00;85.62;5.36;0.80;0.05;0.94
OTP Alapkezelő Zártkörűen Működő Részvénytársaság;OTP Supra Abszolút Hozamú Származtatott Alap;A sorozat;HU0000706379;nyílt végű;határozatlan;értékpapíralap;abszolút hozamú alap;külföldi;HUF;78,293,684,928.00;2;20;éves;0.05;1.5;;1,696,675,881.00;1,563,279,748.00;0.00;0.00;39,196,332.00;65,869,628.00;28,330,173.00;0.00;0.00;0;1,668,345,708.00;93.70;2.35;2.00;0.05;2.13
OTP Alapkezelő Zártkörűen Működő Részvénytársaság;OTP Supra Dollár Származtatott Alapba Fektető Alap;A sorozat;HU0000718481;nyílt végű;határozatlan;értékpapíralap;alapok alapja;külföldi;USD;6,294,246,844.00;1.5;;;0.05;2;;82,313,052.00;75,432,456.00;0.00;0.00;3,150,489.00;3,675,554.00;54,553.00;0.00;0.00;1.0012;82,258,499.00;91.70;3.83;1.20;0.05;2.31
OTP Alapkezelő Zártkörűen Működő Részvénytársaság;OTP Supra Euró Származtatott Alapba Fektető Alap;A sorozat;HU0000713748;nyílt végű;határozatlan;értékpapíralap;alapok alapja;külföldi;EUR;12,326,507,593.00;1.5;;;0.05;2.5;;159,802,195.00;147,691,088.00;0.00;0.00;6,168,221.00;5,895,906.00;46,980.00;0.00;0.00;0.9936;159,755,215.00;92.45;3.86;1.20;0.05;2.29
OTP Alapkezelő Zártkörűen Működő Részvénytársaság;OTP Terra Árupiaci Alap;I Sorozat;HU0000730817;nyílt végű;határozatlan;értékpapíralap;árupiaci alap;külföldi;HUF;1,531,452,120.00;0.8;;;0.05;2.5;;16,281,716.00;12,282,768.00;0.00;0.00;770,230.00;2,113,172.00;1,115,546.00;0.00;0.00;0.1986;15,166,170.00;80.99;5.08;0.80;0.05;1.19
OTP Alapkezelő Zártkörűen Működő Részvénytársaság;OTP Terra Árupiaci Alap;A sorozat;HU0000730791;nyílt végű;határozatlan;értékpapíralap;árupiaci alap;külföldi;HUF;310,030,844.00;2;;;0.05;2.5;;5,459,426.00;4,651,688.00;0.00;0.00;155,771.00;426,360.00;225,607.00;0.00;0.00;0.1986;5,233,819.00;88.88;2.98;1.50;0.05;1.89
OTP Alapkezelő Zártkörűen Működő Részvénytársaság;OTP Terra Árupiaci Alap;B sorozat;HU0000730809;nyílt végű;határozatlan;értékpapíralap;árupiaci alap;külföldi;EUR;251,269,539.00;2;;;0.05;2.5;;4,424,138.00;3,769,382.00;0.00;0.00;126,167.00;345,857.00;182,732.00;0.00;0.00;0.1986;4,241,406.00;88.87;2.97;1.50;0.05;1.89
OTP Alapkezelő Zártkörűen Működő Részvénytársaság;OTP Tőkegarantált Rövid Kötvény Alap;A sorozat;HU0000703491;nyílt végű;határozatlan;értékpapíralap;kötvényalap;hazai;HUF;535,257,193,380.00;1.5;;;0.05;1;;8,026,405,996.00;7,348,747,135.00;0.00;0.00;268,410,770.00;405,110,310.00;4,137,781.00;0.00;0.00;0;8,022,268,215.00;91.60;3.35;1.37;0.05;1.50
OTP Alapkezelő Zártkörűen Működő Részvénytársaság;OTP Török Részvény Alap;C sorozat;HU0000709100;nyílt végű;határozatlan;értékpapíralap;részvényalap;külföldi;EUR;586,730,042.00;2.5;20;éves;0.12;2.5;;19,654,251.00;8,811,775.00;8,855,373.00;0.00;648,900.00;595,369.00;742,834.00;0.00;0.00;0;10,056,044.00;87.63;6.45;1.50;0.11;1.71
OTP Alapkezelő Zártkörűen Működő Részvénytársaság;OTP Török Részvény Alap;B sorozat;HU0000709076;nyílt végű;határozatlan;értékpapíralap;részvényalap;külföldi;HUF;5,521,713,605.00;0.8;20;éves;0.12;2.5;;158,640,724.00;44,134,512.00;95,825,663.00;0.00;6,098,853.00;5,599,986.00;6,981,710.00;0.00;0.00;0;55,833,351.00;79.05;10.92;0.80;0.11;1.01
OTP Alapkezelő Zártkörűen Működő Részvénytársaság;OTP Török Részvény Alap;A sorozat;HU0000709001;nyílt végű;határozatlan;értékpapíralap;részvényalap;külföldi;HUF;2,199,817,486.00;2.5;20;éves;0.12;2.5;;73,233,819.00;33,061,055.00;32,714,662.00;0.00;2,434,910.00;2,235,809.00;2,787,383.00;0.00;0.00;0;37,731,774.00;87.62;6.45;1.50;0.11;1.72
OTP Alapkezelő Zártkörűen Működő Részvénytársaság;OTP Tőzsdén Kereskedett BUX Indexkövető Alap;A sorozat;HU0000704960;nyílt végű;határozatlan;értékpapíralap;indexkövető alap;hazai;HUF;3,539,072,964.00;0.5;;;0.05;1.61;;25,325,124.00;17,717,899.00;0.00;0.00;1,777,632.00;5,407,439.00;422,154.00;0.00;0.00;0;24,902,970.00;71.15;7.14;0.50;0.05;0.70
OTP Alapkezelő Zártkörűen Működő Részvénytársaság;OTP Trend Nemzetközi Részvény Alap;A sorozat;HU0000711007;nyílt végű;határozatlan;értékpapíralap;abszolút hozamú alap;külföldi;HUF;47,396,898,300.00;1.5;20;éves;0.05;1;;1,535,759,434.00;718,312,755.00;701,794,694.00;0.00;24,062,226.00;41,860,819.00;49,728,940.00;0.00;0.00;0.041;784,235,800.00;91.59;3.07;1.52;0.05;1.70
OTP Alapkezelő Zártkörűen Működő Részvénytársaság;OTP Trend Nemzetközi Részvény Alap;B sorozat;HU0000711049;nyílt végű;határozatlan;értékpapíralap;abszolút hozamú alap;külföldi;HUF;9,454,668,519.00;0.8;20;éves;0.05;1;;183,512,361.00;0.00;160,669,362.00;0.00;4,752,230.00;8,269,425.00;9,821,344.00;0.00;0.00;0.041;13,021,655.00;0.00;36.49;0.00;0.05;0.18
OTP Alapkezelő Zártkörűen Működő Részvénytársaság;OTP Új Európa Abszolút Hozamú Származtatott Alap;B sorozat;HU0000705835;nyílt végű;határozatlan;értékpapíralap;abszolút hozamú alap;külföldi;EUR;800,735,945.00;2;20;éves;0.05;1;;17,439,045.00;15,999,880.00;0.00;0.00;401,622.00;672,457.00;365,086.00;0.00;0.00;0;17,073,959.00;93.71;2.35;2.00;0.05;2.13
OTP Alapkezelő Zártkörűen Működő Részvénytársaság;OTP Új Európa Abszolút Hozamú Származtatott Alap;I Sorozat;HU0000720305;nyílt végű;határozatlan;értékpapíralap;abszolút hozamú alap;külföldi;HUF;23,172,814,029.00;0.8;20;éves;0.05;1;;477,139,690.00;185,568,090.00;249,798,648.00;0.00;11,638,113.00;19,555,465.00;10,579,374.00;0.00;0.00;0;216,761,668.00;85.61;5.37;0.80;0.05;0.94
OTP Alapkezelő Zártkörűen Működő Részvénytársaság;OTP Új Európa Abszolút Hozamú Származtatott Alap;A sorozat;HU0000705827;nyílt végű;határozatlan;értékpapíralap;abszolút hozamú alap;külföldi;HUF;3,473,524,538.00;2;20;éves;0.05;1;;101,221,345.00;69,838,947.00;25,095,977.00;0.00;1,750,984.00;2,943,743.00;1,591,694.00;0.00;0.00;0;74,533,674.00;93.70;2.35;2.01;0.05;2.15
OTP Alapkezelő Zártkörűen Működő Részvénytársaság;OTP Új Európa Euró Származtatott Alapba Fektető Alap;A sorozat;HU0000713763;nyílt végű;határozatlan;értékpapíralap;alapok alapja;külföldi;EUR;1,403,788,923.00;1.5;;;0.05;2.5;;19,451,727.00;16,861,605.00;0.00;0.00;704,764.00;1,838,378.00;46,980.00;0.00;0.00;1.0453;19,404,747.00;86.89;3.63;1.20;0.05;2.43
OTP Ingatlan Befektetési Alapkezelő Zártkörűen Működő Részvénytársaság;OTP Dollár Ingatlan Alapba Fektető Alap;A;HU0000717814;nyílt végű;határozatlan;értékpapíralap;közvetett ingatlanokba fektető alap;Hazai;USD;25,300,144,559.00;0.5;0;0;0.05;0.09;1;153,803,069.00;126,296,656.00;;;12,629,664.00;14,572,965.00;303,784.00;;;1.8;153,499,285.00;82.28;8.23;0.50;0.05;2.41
OTP Ingatlan Befektetési Alapkezelő Zártkörűen Működő Részvénytársaság;OTP Euró Ingatlan Alapba Fektető Alap;A;HU0000717806;nyílt végű;határozatlan;értékpapíralap;közvetett ingatlanokba fektető alap;Hazai;EUR;58,526,408,695.00;0.5;0;0;0.05;0.09;1;347,841,438.00;291,962,595.00;;;29,196,259.00;26,450,198.00;232,386.00;0.00;0.00;1.79;347,609,052.00;83.99;8.40;0.50;0.05;2.38
OTP Ingatlan Befektetési Alapkezelő Zártkörűen Működő Részvénytársaság;OTP INGATLANBEFEKTETÉSI ALAP A sorozata;A;HU0000702451;nyílt végű;határozatlan;ingatlanalap;közvetlen ingatlanokba fektető alap;Hazai;HUF;510,710,063,866.00;2;0;0;0.15;0.1;0;24,604,069,747.00;9,327,718,419.00;;;682,376,328.00;665,743,160.00;232,675,210.00;;13,695,556,630.00;0;10,675,837,907.00;87.37;6.39;1.83;0.13;2.09
OTP Ingatlan Befektetési Alapkezelő Zártkörűen Működő Részvénytársaság;OTP INGATLANBEFEKTETÉSI ALAP B sorozata;A;HU0000733670;nyílt végű;határozatlan;ingatlanalap;közvetlen ingatlanokba fektető alap;Hazai;HUF;4,301,406,290.00;2;0;0;0.15;0.1;0;204,331,646.00;78,491,138.00;;;5,621,145.00;5,484,128.00;1,916,686.00;;112,818,549.00;0;89,596,411.00;87.61;6.27;1.82;0.13;2.08
OTP Ingatlan Befektetési Alapkezelő Zártkörűen Működő Részvénytársaság;OTP INGATLANBEFEKTETÉSI ALAP I sorozata;I;HU0000719570;nyílt végű;határozatlan;ingatlanalap;közvetlen ingatlanokba fektető alap;Hazai;HUF;32,258,722,314.00;0.6;0;0;0.15;0.1;0;1,159,972,486.00;193,628,013.00;;;43,165,451.00;42,113,278.00;14,718,462.00;;866,347,282.00;0;278,906,742.00;69.42;15.48;0.60;0.13;0.86
OTP Ingatlan Befektetési Alapkezelő Zártkörűen Működő Részvénytársaság;OTP Ingatlanvilág Alapok Alapja;A;HU0000716378;nyílt végű;határozatlan;értékpapíralap;közvetett ingatlanokba fektető alap;Hazai;HUF;11,726,026,651.00;2;0;0;0.05;0.09;1;48,185,526.00;35,249,398.00;;;5,874,906.00;6,789,959.00;271,263.00;;;1.38;47,914,263.00;73.57;12.26;0.30;0.05;1.79
OTP Ingatlan Befektetési Alapkezelő Zártkörűen Működő Részvénytársaság;OTP PRIME A;A;HU0000718523;nyílt végű;határozatlan;ingatlanalap;közvetlen ingatlanokba fektető alap;Hazai;HUF;66,521,327,704.00;1.75;10;éves;0.15;0.1;3;4,098,861,826.00;1,164,340,911.00;;;86,917,205.00;41,264,810.00;41,762,686.00;;2,764,576,214.00;0;1,292,522,926.00;90.08;6.72;1.75;0.13;1.94
OTP Ingatlan Befektetési Alapkezelő Zártkörűen Működő Részvénytársaság;OTP PRIME Euró Ingatlan Alapba Fektető Alap;A;HU0000721477;nyílt végű;határozatlan;értékpapíralap;közvetett ingatlanokba fektető alap;Hazai;EUR;13,857,367,996.00;0.5;0;0;0.05;0.09;1;86,056,731.00;69,296,852.00;;;6,929,615.00;9,635,110.00;195,154.00;0.00;0.00;1.71;85,861,577.00;80.71;8.07;0.50;0.05;2.33
Primestone Alpha Ingatlan Befektetési Alapkezelő Zártkörűen Működő Részvénytársa;Primestone Eagle Ingatlanfejlesztő Ingatlanbefektetési Alap;Primestone Eagle Ingatlanfejlesztő Ingatlanbefektetési Alap;HU0000725114;nyílt végű;határozatlan;ingatlanalap;közvetett ingatlanokba fektető alap;hazai;EUR;3,105,130,828.00;1;0;;0.09;0.085;0;42,942,428.00;18,173,431.00;0.00;0.00;3,000,000.00;18,321,546.00;146,840.00;0.00;3,300,611.00;1.19;39,494,977.00;46.01;7.60;0.59;0.10;2.46
Raiffeisen Befektetési Alapkezelő Zártkörűen Működő Részvénytársaság;Raiffeisen ESG Konzervatív Vegyes Alapok Alapja;"Raiffeisen ESG Konzervatív Vegyes Alapok Alapja""E"" sorozat";HU0000705983;Nyílt végű;Határozatlan;értékpapíralap;kötvénytúlsúlyos vegyes alap;külföldi;EUR;207,184,886.19;1.5;;;0.08;0.04;;2,825,491.31;2,156,573.09;0.00;0.00;170,466.65;488,669.05;9,782.52;0.00;0.00;0.57;2,815,708.79;76.59;6.05;1.04;0.08;1.93
Raiffeisen Befektetési Alapkezelő Zártkörűen Működő Részvénytársaság;Raiffeisen ESG Konzervatív Vegyes Alapok Alapja;"Raiffeisen ESG Konzervatív Vegyes Alapok Alapja""F"" sorozat";HU0000709399;Nyílt végű;Határozatlan;értékpapíralap;kötvénytúlsúlyos vegyes alap;külföldi;EUR;9,260,785.10;1.5;;;0.08;0.04;;125,734.53;95,820.03;0.00;0.00;7,623.39;21,853.63;437.48;0.00;0.00;0.57;125,297.05;76.47;6.08;1.03;0.08;1.92
Raiffeisen Befektetési Alapkezelő Zártkörűen Működő Részvénytársaság;Raiffeisen ESG Konzervatív Vegyes Alapok Alapja;"Raiffeisen ESG Konzervatív Vegyes Alapok Alapja""A"" sorozat";HU0000719059;Nyílt végű;Határozatlan;értékpapíralap;kötvénytúlsúlyos vegyes alap;külföldi;HUF;465,911,279.45;1.5;;;0.08;0.04;;6,294,552.08;4,801,800.45;0.00;0.00;380,411.77;1,090,509.28;21,830.58;0.00;0.00;0.57;6,272,721.50;76.55;6.06;1.03;0.08;1.92
Raiffeisen Befektetési Alapkezelő Zártkörűen Működő Részvénytársaság;Raiffeisen ESG Konzervatív Vegyes Alapok Alapja;"Raiffeisen ESG Konzervatív Vegyes Alapok Alapja""U"" sorozat";HU0000730536;Nyílt végű;Határozatlan;értékpapíralap;kötvénytúlsúlyos vegyes alap;külföldi;EUR;57,541,622.42;1.5;;;0.08;0.04;;780,040.89;593,984.93;0.00;0.00;47,414.37;135,920.64;2,720.95;0.00;0.00;0.57;777,319.94;76.41;6.10;1.03;0.08;1.92
Raiffeisen Befektetési Alapkezelő Zártkörűen Működő Részvénytársaság;Raiffeisen ESG Nemzetközi Részvény Alapok Alapja;"Raiffeisen ESG Nemzetközi Részvény Alapok Alapja ""Q"" sorozat";HU0000722921;Nyílt végű;Határozatlan;értékpapíralap;részvényalap;külföldi;HUF;16,150.87;1.5;;;0.2;0.04;;34.59;0.00;0.00;0.00;13.00;21.54;0.05;0.00;0.00;0.84;34.54;0.00;37.64;0.00;0.08;1.05
Raiffeisen Befektetési Alapkezelő Zártkörűen Működő Részvénytársaság;Raiffeisen ESG Nemzetközi Részvény Alapok Alapja;"Raiffeisen ESG Nemzetközi Részvény Alapok Alapja ""B"" sorozat";HU0000708870;Nyílt végű;Határozatlan;értékpapíralap;részvényalap;külföldi;HUF;447,726,145.99;1.5;;;0.2;0.04;;7,721,045.61;6,762,080.00;0.00;0.00;360,437.45;597,114.52;1,413.64;0.00;0.00;0.84;7,719,631.97;87.60;4.67;1.51;0.08;2.56
Raiffeisen Befektetési Alapkezelő Zártkörűen Működő Részvénytársaság;Raiffeisen ESG Nemzetközi Részvény Alapok Alapja;"Raiffeisen ESG Nemzetközi Részvény Alapok Alapja ""A"" sorozat";HU0000702790;Nyílt végű;Határozatlan;értékpapíralap;részvényalap;külföldi;HUF;4,068,120,763.76;1.5;;;0.2;0.04;;70,165,231.05;61,451,896.00;0.00;0.00;3,274,999.84;5,425,490.58;12,844.63;0.00;0.00;0.84;70,152,386.42;87.60;4.67;1.51;0.08;2.56
Raiffeisen Befektetési Alapkezelő Zártkörűen Működő Részvénytársaság;Raiffeisen ESG Nemzetközi Részvény Alapok Alapja;"Raiffeisen ESG Nemzetközi Részvény Alapok Alapja ""E"" sorozat";HU0000719976;Nyílt végű;Határozatlan;értékpapíralap;részvényalap;külföldi;EUR;1,175,491,597.99;1.5;;;0.2;0.04;;20,358,726.35;17,840,990.83;0.00;0.00;946,317.73;1,567,706.31;3,711.48;0.00;0.00;0.84;20,355,014.87;87.65;4.65;1.52;0.08;2.57
Raiffeisen Befektetési Alapkezelő Zártkörűen Működő Részvénytársaság;Raiffeisen ESG Nemzetközi Részvény Alapok Alapja;"Raiffeisen ESG Nemzetközi Részvény Alapok Alapja ""U"" sorozat";HU0000727946;Nyílt végű;Határozatlan;értékpapíralap;részvényalap;külföldi;HUF;129,599,763.78;1.5;;;0.2;0.04;;2,246,604.40;1,969,020.17;0.00;0.00;104,332.99;172,842.04;409.20;0.00;0.00;0.84;2,246,195.20;87.66;4.64;1.52;0.08;2.57
Raiffeisen Befektetési Alapkezelő Zártkörűen Működő Részvénytársaság;Raiffeisen ESG Rövid Kötvény Alapok Alapja;"Raiffeisen ESG Rövid Kötvény Alapok Alapja ""A"" sorozat";HU0000731351;Nyílt végű;Határozatlan;értékpapíralap;rövid kötvényalap;külföldi;HUF;1,867,879,953.99;1.5;;;0.09;0.04;;22,322,109.64;18,757,856.00;0.00;0.00;1,684,929.50;1,670,932.95;208,391.19;0.00;0.00;0.2;22,113,718.45;84.82;7.62;1.00;0.09;1.38
Raiffeisen Befektetési Alapkezelő Zártkörűen Működő Részvénytársaság;Raiffeisen ESG Rövid Kötvény Alapok Alapja;"Raiffeisen ESG Rövid Kötvény Alapok Alapja ""E"" sorozat";HU0000731369;Nyílt végű;Határozatlan;értékpapíralap;rövid kötvényalap;külföldi;EUR;1,314,597,107.02;1.5;;;0.09;0.04;;15,809,136.50;13,300,646.85;0.00;0.00;1,185,838.22;1,175,987.58;146,663.85;0.00;0.00;0.2;15,662,472.65;84.92;7.57;1.01;0.09;1.39
Raiffeisen Befektetési Alapkezelő Zártkörűen Működő Részvénytársaság;Raiffeisen ESG Rövid Kötvény Alapok Alapja;"Raiffeisen ESG Rövid Kötvény Alapok Alapja ""U"" sorozat";HU0000731377;Nyílt végű;Határozatlan;értékpapíralap;rövid kötvényalap;külföldi;USD;4,318,238,330.78;1.5;;;0.09;0.04;;51,956,087.55;43,716,105.82;0.00;0.00;3,895,286.28;3,862,928.49;481,766.96;0.00;0.00;0.2;51,474,320.59;84.93;7.57;1.01;0.09;1.39
Raiffeisen Befektetési Alapkezelő Zártkörűen Működő Részvénytársaság;Raiffeisen ESG Vegyes Alapok Alapja;Raiffeisen ESG Vegyes Alapok Alapja E sorozat;HU0000714803;Nyílt végű;Határozatlan;értékpapíralap;kiegyensúlyozott vegyes alap;külföldi;EUR;355,422.01;1.5;;;0.08;0.04;;2,477.77;1,838.52;0.00;0.00;295.71;297.72;45.82;0.00;0.00;0.73;2,431.95;75.60;12.16;0.52;0.08;1.41
Raiffeisen Befektetési Alapkezelő Zártkörűen Működő Részvénytársaság;Raiffeisen ESG Vegyes Alapok Alapja;Raiffeisen ESG Vegyes Alapok Alapja A sorozat;HU0000724414;Nyílt végű;Határozatlan;értékpapíralap;kiegyensúlyozott vegyes alap;külföldi;HUF;9,638,689,760.06;1.5;;;0.08;0.04;;117,527,902.55;100,129,464.93;0.00;0.00;8,048,454.17;8,102,996.00;1,246,987.45;0.00;0.00;0.73;116,280,915.10;86.11;6.92;1.04;0.08;1.94
Raiffeisen Befektetési Alapkezelő Zártkörűen Működő Részvénytársaság;Raiffeisen ESG Vegyes Alapok Alapja;Raiffeisen ESG Vegyes Alapok Alapja U sorozat;HU0000724422;Nyílt végű;Határozatlan;értékpapíralap;kiegyensúlyozott vegyes alap;külföldi;USD;2,274,296,704.48;1.5;;;0.08;0.04;;27,828,071.23;23,715,593.59;0.00;0.00;1,902,417.25;1,915,309.33;294,751.06;0.00;0.00;0.73;27,533,320.17;86.13;6.91;1.04;0.08;1.94
Raiffeisen Befektetési Alapkezelő Zártkörűen Működő Részvénytársaság;Raiffeisen ESG Vegyes Alapok Alapja;Raiffeisen ESG Vegyes Alapok Alapja F sorozat;HU0000724430;Nyílt végű;Határozatlan;értékpapíralap;kiegyensúlyozott vegyes alap;külföldi;EUR;4,760,865,145.00;1.5;;;0.08;0.04;;58,382,027.57;49,777,199.90;0.00;0.00;3,980,562.08;4,007,537.10;616,728.49;0.00;0.00;0.73;57,765,299.08;86.17;6.89;1.05;0.08;1.94
Raiffeisen Befektetési Alapkezelő Zártkörűen Működő Részvénytársaság;Raiffeisen Etalon Abszolút Hozamú Alap;Raiffeisen Etalon Abszolút Hozamú Alap Q sorozat;HU0000722889;Nyílt végű;Határozatlan;értékpapíralap;abszolút hozamú alap;0;HUF;1,304,149,499.85;1;;;0.18;0.03;;6,712,179.64;3,943,839.00;0.00;0.00;1,307,955.03;736,840.36;723,545.25;0.00;0.00;0;5,988,634.39;65.86;21.84;0.30;0.10;0.46
Raiffeisen Befektetési Alapkezelő Zártkörűen Működő Részvénytársaság;Raiffeisen Etalon Abszolút Hozamú Alap;Raiffeisen Etalon Abszolút Hozamú Alap U sorozat;HU0000727813;Nyílt végű;Határozatlan;értékpapíralap;abszolút hozamú alap;0;USD;4,136,963,614.93;3;20;éves;0.18;0.03;;59,049,729.05;50,268,125.04;0.00;0.00;4,149,035.34;2,337,371.41;2,295,197.26;0.00;0.00;0;56,754,531.79;88.57;7.31;1.22;0.10;1.37
Raiffeisen Befektetési Alapkezelő Zártkörűen Működő Részvénytársaság;Raiffeisen Etalon Abszolút Hozamú Alap;Raiffeisen Etalon Abszolút Hozamú Alap E sorozat;HU0000727805;Nyílt végű;Határozatlan;értékpapíralap;abszolút hozamú alap;0;EUR;14,461,653,569.30;3;20;éves;0.18;0.03;;206,717,557.30;175,419,348.16;600,207.72;0.00;14,503,852.91;8,170,788.71;8,023,359.80;0.00;0.00;0;198,093,989.78;88.55;7.32;1.21;0.10;1.37
Raiffeisen Befektetési Alapkezelő Zártkörűen Működő Részvénytársaság;Raiffeisen Etalon Abszolút Hozamú Alap;Raiffeisen Etalon Abszolút Hozamú Alap A sorozat;HU0000703707;Nyílt végű;Határozatlan;értékpapíralap;abszolút hozamú alap;0;HUF;35,523,549,411.60;3;20;éves;0.18;0.03;;574,029,920.94;428,742,468.00;69,881,002.00;0.00;35,627,207.71;20,070,693.52;19,708,549.71;0.00;0.00;0;484,440,369.23;88.50;7.35;1.21;0.10;1.36
Raiffeisen Befektetési Alapkezelő Zártkörűen Működő Részvénytársaság;Raiffeisen Euro Prémium Rövid Kötvény Alap;Raiffeisen Euro Prémium Rövid Kötvény Alap;HU0000708508;Nyílt végű;Határozatlan;értékpapíralap;rövid kötvényalap;külföldi;EUR;43,989,640,429.32;1;;;0.1;0.04;;267,605,636.11;228,707,110.98;0.00;0.00;18,299,954.58;20,298,897.29;299,673.26;0.00;0.00;0;267,305,962.85;85.56;6.85;0.52;0.04;0.61
Raiffeisen Befektetési Alapkezelő Zártkörűen Működő Részvénytársaság;Raiffeisen Forte Abszolút Hozamú Alap;Raiffeisen Forte  Abszolút Hozamú Alap Q sorozat;HU0000722871;Nyílt végű;Határozatlan;értékpapíralap;abszolút hozamú alap;0;HUF;1,229,623,011.49;1;;;0.1;0.04;;6,448,078.26;3,717,194.00;0.00;0.00;1,232,470.47;939,772.14;558,641.65;0.00;0.00;0;5,889,436.61;63.12;20.93;0.30;0.10;0.48
Raiffeisen Befektetési Alapkezelő Zártkörűen Működő Részvénytársaság;Raiffeisen Forte Abszolút Hozamú Alap;Raiffeisen Forte  Abszolút Hozamú Alap E sorozat;HU0000727920;Nyílt végű;Határozatlan;értékpapíralap;abszolút hozamú alap;0;EUR;5,785,963,177.34;1.5;20;éves;0.1;0.04;;114,401,035.88;70,186,927.00;31,363,994.87;0.00;5,799,361.85;4,422,076.53;2,628,675.63;0.00;0.00;0;80,408,365.38;87.29;7.21;1.21;0.10;1.39
Raiffeisen Befektetési Alapkezelő Zártkörűen Működő Részvénytársaság;Raiffeisen Forte Abszolút Hozamú Alap;Raiffeisen Forte  Abszolút Hozamú Alap A sorozat;HU0000703699;Nyílt végű;Határozatlan;értékpapíralap;abszolút hozamú alap;0;HUF;7,577,732,815.23;1.5;20;éves;0.1;0.04;;179,648,349.36;91,508,584.00;71,310,289.00;0.00;7,595,280.72;5,791,484.21;3,442,711.43;0.00;0.00;0;104,895,348.93;87.24;7.24;1.21;0.10;1.38
Raiffeisen Befektetési Alapkezelő Zártkörűen Működő Részvénytársaság;Raiffeisen Forte Abszolút Hozamú Alap;Raiffeisen Forte  Abszolút Hozamú Alap U sorozat;HU0000727938;Nyílt végű;Határozatlan;értékpapíralap;abszolút hozamú alap;0;USD;2,154,728,980.50;1.5;20;éves;0.1;0.04;;30,975,576.06;26,190,113.00;0.00;0.00;2,159,718.73;1,646,809.04;978,935.29;0.00;0.00;0;29,996,640.77;87.31;7.20;1.22;0.10;1.39
Raiffeisen Befektetési Alapkezelő Zártkörűen Működő Részvénytársaság;Raiffeisen Forte Abszolút Hozamú Alap;Raiffeisen Forte  Abszolút Hozamú Alap R sorozat;HU0000719216;Nyílt végű;Határozatlan;értékpapíralap;abszolút hozamú alap;0;HUF;13,195.55;1;20;éves;0.1;0.04;;252.60;66.28;157.00;0.00;13.23;10.09;6.00;0.00;0.00;0;89.60;73.97;14.77;0.50;0.10;0.68
Raiffeisen Befektetési Alapkezelő Zártkörűen Működő Részvénytársaság;Raiffeisen Hazai Kötvény Alap;"Raiffeisen Hazai Kötvény Alap ""B"" sorozat";HU0000708854;Nyílt végű;Határozatlan;értékpapíralap;kötvényalap;hazai;HUF;11,068,578,744.98;1.5;;;0.08;0.04;;158,285,058.19;145,064,643.00;0.00;0.00;5,591,818.44;6,054,553.15;1,574,043.60;0.00;0.00;0;156,711,014.59;92.57;3.57;1.31;0.05;1.42
Raiffeisen Befektetési Alapkezelő Zártkörűen Működő Részvénytársaság;Raiffeisen Hazai Kötvény Alap;"Raiffeisen Hazai Kötvény Alap ""A"" sorozat";HU0000702782;Nyílt végű;Határozatlan;értékpapíralap;kötvényalap;hazai;HUF;17,783,415,341.22;1.5;;;0.08;0.04;;254,551,971.57;233,311,292.00;0.00;0.00;8,984,137.18;9,727,593.39;2,528,949.00;0.00;0.00;0;252,023,022.57;92.58;3.56;1.31;0.05;1.42
Raiffeisen Befektetési Alapkezelő Zártkörűen Működő Részvénytársaság;Raiffeisen Hazai Kötvény Alap;"Raiffeisen Hazai Kötvény Alap ""I"" sorozat";HU0000718259;Nyílt végű;Határozatlan;értékpapíralap;kötvényalap;hazai;HUF;3,585,992,008.47;1.5;;;0.08;0.04;;30,919,081.80;26,635,939.00;0.00;0.00;1,811,634.24;1,961,550.78;509,957.78;0.00;0.00;0;30,409,124.02;87.59;5.96;0.74;0.05;0.85
Raiffeisen Befektetési Alapkezelő Zártkörűen Működő Részvénytársaság;Raiffeisen Hazai Kötvény Alap;"Raiffeisen Hazai Kötvény Alap ""Q"" sorozat";HU0000722848;Nyílt végű;Határozatlan;értékpapíralap;kötvényalap;hazai;HUF;2,142,003.74;1.5;;;0.08;0.04;;11,170.43;8,612.00;0.00;0.00;1,082.13;1,171.69;304.61;0.00;0.00;0;10,865.82;79.26;9.96;0.40;0.05;0.51
Raiffeisen Befektetési Alapkezelő Zártkörűen Működő Részvénytársaság;Raiffeisen Ingatlan Alap;"Raiffeisen Ingatlan Alap ""D180"" sorozat";HU0000724802;Nyílt végű;Határozatlan;ingatlanalap;ingatlanalap;hazai;EUR;553,991,336.68;2;;;0.15;0.54;;17,649,055.73;7,826,571.81;0.00;0.00;670,735.02;476,312.26;388,320.93;0.00;8,287,115.71;0;8,973,619.09;87.22;7.47;1.41;0.12;1.62
Raiffeisen Befektetési Alapkezelő Zártkörűen Működő Részvénytársaság;Raiffeisen Ingatlan Alap;"Raiffeisen Ingatlan Alap ""U180"" sorozat";HU0000724810;Nyílt végű;Határozatlan;ingatlanalap;ingatlanalap;hazai;USD;153,161,174.78;2;;;0.15;0.54;;4,892,131.75;2,176,523.99;0.00;0.00;185,437.13;131,685.36;107,358.51;0.00;2,291,126.76;0;2,493,646.48;87.28;7.44;1.42;0.12;1.63
Raiffeisen Befektetési Alapkezelő Zártkörűen Működő Részvénytársaság;Raiffeisen Ingatlan Alap;"Raiffeisen Ingatlan Alap ""B"" sorozat";HU0000707872;Nyílt végű;Határozatlan;ingatlanalap;ingatlanalap;hazai;HUF;540,168.25;2;;;0.15;0.54;;17,391.37;7,814.00;0.00;0.00;654.00;464.42;378.62;0.00;8,080.33;0;8,932.42;87.48;7.32;1.45;0.12;1.65
Raiffeisen Befektetési Alapkezelő Zártkörűen Működő Részvénytársaság;Raiffeisen Ingatlan Alap;"Raiffeisen Ingatlan Alap ""C"" sorozat";HU0000707880;Nyílt végű;Határozatlan;ingatlanalap;ingatlanalap;hazai;HUF;7,841,756,299.79;1.5;;;0.15;0.54;;249,649,051.39;110,611,633.00;0.00;0.00;9,494,265.02;6,742,207.64;5,496,689.17;0.00;117,304,256.56;0;126,848,105.66;87.20;7.48;1.41;0.12;1.62
Raiffeisen Befektetési Alapkezelő Zártkörűen Működő Részvénytársaság;Raiffeisen Ingatlan Alap;"Raiffeisen Ingatlan Alap ""A"" sorozat";HU0000707864;Nyílt végű;Határozatlan;ingatlanalap;ingatlanalap;hazai;HUF;22,540,777,013.61;2;10;éves;0.15;0.54;;717,887,459.49;318,230,632.00;0.00;0.00;27,290,839.25;19,380,173.70;15,799,986.68;0.00;337,185,827.86;0;364,901,644.95;87.21;7.48;1.41;0.12;1.62
Raiffeisen Befektetési Alapkezelő Zártkörűen Működő Részvénytársaság;Raiffeisen Ingatlan Alap;"Raiffeisen Ingatlan Alap ""D"" sorozat";HU0000717954;Nyílt végű;Határozatlan;ingatlanalap;ingatlanalap;hazai;EUR;27,616,708,927.35;2;10;éves;0.15;0.54;;881,467,085.98;391,811,992.51;0.00;0.00;33,436,432.27;23,744,372.95;19,357,967.69;0.00;413,116,320.56;0;448,992,797.73;87.26;7.45;1.42;0.12;1.63
Raiffeisen Befektetési Alapkezelő Zártkörűen Működő Részvénytársaság;Raiffeisen Ingatlan Alap;"Raiffeisen Ingatlan Alap ""A180"" sorozat";HU0000724828;Nyílt végű;Határozatlan;ingatlanalap;ingatlanalap;hazai;HUF;200,059,314.21;2;;;0.15;0.54;;6,369,531.19;2,822,401.00;0.00;0.00;242,218.21;172,007.57;140,231.83;0.00;2,992,672.58;0;3,236,626.78;87.20;7.48;1.41;0.12;1.62
Raiffeisen Befektetési Alapkezelő Zártkörűen Működő Részvénytársaság;Raiffeisen Ingatlan Alap;"Raiffeisen Ingatlan Alap ""U"" sorozat";HU0000719190;Nyílt végű;Határozatlan;ingatlanalap;ingatlanalap;hazai;USD;10,287,542,960.74;2;10;éves;0.15;0.54;;328,569,625.07;146,167,448.79;0.00;0.00;12,455,457.11;8,845,053.10;7,211,066.48;0.00;153,890,599.59;0;167,467,959.00;87.28;7.44;1.42;0.12;1.63
Raiffeisen Befektetési Alapkezelő Zártkörűen Működő Részvénytársaság;Raiffeisen Kamat Prémium Rövid Kötvény Alap ;Raiffeisen Kamat Prémium Rövid Kötvény Alap ;HU0000702758;Nyílt végű;Határozatlan;értékpapíralap;rövid kötvényalap;külföldi;HUF;254,651,803,556.39;1.5;;;0.1;0.04;;3,774,343,131.00;3,468,167,712.00;0.00;0.00;179,830,920.00;100,411,568.00;25,932,931.00;0.00;0.00;0;3,748,410,200.00;92.52;4.80;1.36;0.07;1.47
Raiffeisen Befektetési Alapkezelő Zártkörűen Működő Részvénytársaság;Raiffeisen Közép-Kelet Európai Részvény Alap;"Raiffeisen Közép-Kelet Európai Részvény Alap ""B"" sorozat";HU0000708862;Nyílt végű;Határozatlan;értékpapíralap;részvényalap;0;HUF;368,025,919.09;2;;;0.25;0.04;;8,156,051.70;7,219,595.00;0.00;0.00;295,675.15;310,556.44;330,225.11;0.00;0.00;0;7,825,826.59;92.25;3.78;1.96;0.08;2.13
Raiffeisen Befektetési Alapkezelő Zártkörűen Működő Részvénytársaság;Raiffeisen Közép-Kelet Európai Részvény Alap;"Raiffeisen Közép-Kelet Európai Részvény Alap ""A"" sorozat";HU0000702766;Nyílt végű;Határozatlan;értékpapíralap;részvényalap;0;HUF;4,747,340,614.48;2;;;0.25;0.04;;105,179,207.30;93,099,409.00;0.00;0.00;3,814,053.76;4,006,014.50;4,259,730.04;0.00;0.00;0;100,919,477.26;92.25;3.78;1.96;0.08;2.13
Raiffeisen Befektetési Alapkezelő Zártkörűen Működő Részvénytársaság;Raiffeisen Közép-Kelet Európai Részvény Alap;"Raiffeisen Közép-Kelet Európai Részvény Alap ""Q"" sorozat";HU0000722863;Nyílt végű;Határozatlan;értékpapíralap;részvényalap;0;HUF;4,122,442,672.66;1;;;0.25;0.04;;31,243,969.46;20,754,249.00;0.00;0.00;3,312,005.45;3,478,698.17;3,699,016.84;0.00;0.00;0;27,544,952.62;75.35;12.02;0.50;0.08;0.67
Raiffeisen Befektetési Alapkezelő Zártkörűen Működő Részvénytársaság;Raiffeisen Közép-Kelet Európai Részvény Alap;"Raiffeisen Közép-Kelet Európai Részvény Alap ""R"" sorozat";HU0000719208;Nyílt végű;Határozatlan;értékpapíralap;részvényalap;0;HUF;526,053.00;1;;;0.25;0.04;;3,972.57;2,634.00;0.00;0.00;422.64;443.91;472.02;0.00;0.00;0;3,500.55;75.25;12.07;0.50;0.08;0.67
Raiffeisen Befektetési Alapkezelő Zártkörűen Működő Részvénytársaság;Raiffeisen Megatrend ESG Részvény Alapok Alapja;Raiffeisen Megatrend ESG Részvény Alapok Alapja E sorozat;HU0000728217;Nyílt végű;Határozatlan;értékpapíralap;részvényalap;külföldi;EUR;758,180,291.93;1.5;;;0.08;0.04;;8,217,773.24;6,137,906.00;0.00;0.00;610,124.00;1,459,452.27;10,290.97;0.00;0.00;0.85;8,207,482.27;74.78;7.43;0.81;0.08;1.93
Raiffeisen Befektetési Alapkezelő Zártkörűen Működő Részvénytársaság;Raiffeisen Megatrend ESG Részvény Alapok Alapja;Raiffeisen Megatrend ESG Részvény Alapok Alapja Q sorozat;HU0000722897;Nyílt végű;Határozatlan;értékpapíralap;részvényalap;külföldi;HUF;11,921.38;1.5;;;0.08;0.04;;50.83;18.14;0.00;0.00;9.59;22.94;0.16;0.00;0.00;0.85;50.67;35.80;18.93;0.15;0.08;1.28
Raiffeisen Befektetési Alapkezelő Zártkörűen Működő Részvénytársaság;Raiffeisen Megatrend ESG Részvény Alapok Alapja;Raiffeisen Megatrend ESG Részvény Alapok Alapja A sorozat;HU0000705231;Nyílt végű;Határozatlan;értékpapíralap;részvényalap;külföldi;HUF;2,106,083,413.33;1.5;;;0.08;0.04;;22,746,685.16;16,969,202.00;0.00;0.00;1,694,810.64;4,054,086.14;28,586.38;0.00;0.00;0.85;22,718,098.78;74.69;7.46;0.81;0.08;1.93
Raiffeisen Befektetési Alapkezelő Zártkörűen Működő Részvénytársaság;Raiffeisen Megatrend ESG Részvény Alapok Alapja;Raiffeisen Megatrend ESG Részvény Alapok Alapja U sorozat;HU0000728225;Nyílt végű;Határozatlan;értékpapíralap;részvényalap;külföldi;USD;204,129,792.79;1.5;;;0.08;0.04;;2,218,588.14;1,658,612.00;0.00;0.00;164,267.64;392,937.80;2,770.70;0.00;0.00;0.85;2,215,817.44;74.85;7.41;0.81;0.08;1.94
Raiffeisen Befektetési Alapkezelő Zártkörűen Működő Részvénytársaság;Raiffeisen Megatrend ESG Részvény Alapok Alapja;Raiffeisen Megatrend ESG Részvény Alapok Alapja B sorozat;HU0000709407;Nyílt végű;Határozatlan;értékpapíralap;részvényalap;külföldi;HUF;24,296,769.11;1.5;;;0.08;0.04;;262,206.76;195,555.00;0.00;0.00;19,552.13;46,769.84;329.79;0.00;0.00;0.85;261,876.97;74.67;7.47;0.80;0.08;1.93
Raiffeisen Befektetési Alapkezelő Zártkörűen Működő Részvénytársaság;Raiffeisen Megoldás Plusz Abszolút Hozamú Alap;"Raiffeisen Megoldás Plusz Abszolút Hozamú Alap ""E"" sorozat";HU0000705652;Nyílt végű;Határozatlan;értékpapíralap;abszolút hozamú alap;0;EUR;9,762,733,756.73;2;10;éves;0.08;0.04;;157,141,690.61;123,477,590.49;17,515,928.12;0.00;8,378,054.30;6,723,671.88;1,046,445.82;0.00;0.00;0.29;138,579,316.67;89.10;6.05;1.26;0.09;1.71
Raiffeisen Befektetési Alapkezelő Zártkörűen Működő Részvénytársaság;Raiffeisen Megoldás Plusz Abszolút Hozamú Alap;"Raiffeisen Megoldás Plusz Abszolút Hozamú Alap ""A"" sorozat";HU0000718556;Nyílt végű;Határozatlan;értékpapíralap;abszolút hozamú alap;0;HUF;15,885,179,057.89;2;10;éves;0.08;0.04;;245,519,984.85;199,452,336.08;19,851,930.00;0.00;13,601,336.13;10,915,532.17;1,698,850.47;0.00;0.00;0.29;223,969,204.38;89.05;6.07;1.26;0.09;1.70
Raiffeisen Befektetési Alapkezelő Zártkörűen Működő Részvénytársaság;Raiffeisen Megoldás Plusz Abszolút Hozamú Alap;"Raiffeisen Megoldás Plusz Abszolút Hozamú Alap ""U"" sorozat";HU0000719943;Nyílt végű;Határozatlan;értékpapíralap;abszolút hozamú alap;0;USD;2,656,370,142.06;2;10;éves;0.08;0.04;;41,860,998.58;33,708,531.59;3,759,943.51;0.00;2,278,945.27;1,828,930.64;284,647.57;0.00;0.00;0.29;37,816,407.50;89.14;6.03;1.27;0.09;1.71
Raiffeisen Befektetési Alapkezelő Zártkörűen Működő Részvénytársaság;Raiffeisen Megoldás Plusz Abszolút Hozamú Alap;"Raiffeisen Megoldás Plusz Abszolút Hozamú Alap ""Q"" sorozat";HU0000722913;Nyílt végű;Határozatlan;értékpapíralap;abszolút hozamú alap;0;HUF;25,357,323.70;2;10;éves;0.08;0.04;;224,336.81;118,680.45;63,715.00;0.00;21,760.17;17,463.27;2,717.92;0.00;0.00;0.29;157,903.89;75.16;13.78;0.47;0.09;0.91
Raiffeisen Befektetési Alapkezelő Zártkörűen Működő Részvénytársaság;Raiffeisen Megoldás Plusz Abszolút Hozamú Alap;"Raiffeisen Megoldás Plusz Abszolút Hozamú Alap ""R"" sorozat";HU0000724398;Nyílt végű;Határozatlan;értékpapíralap;abszolút hozamú alap;0;HUF;81,598,445.74;2;10;éves;0.08;0.04;;767,732.13;424,997.53;207,643.00;0.00;70,088.72;56,248.58;8,754.30;0.00;0.00;0.29;551,334.83;77.09;12.71;0.52;0.09;0.97
Raiffeisen Befektetési Alapkezelő Zártkörűen Működő Részvénytársaság;Raiffeisen Megoldás Pro Abszolút Hozamú Alap;"Raiffeisen Megoldás Pro Abszolút Hozamú Alap ""Q"" sorozat";HU0000722855;Nyílt végű;Határozatlan;értékpapíralap;abszolút hozamú alap;0;HUF;26,337,136.51;2;10;éves;0.08;0.04;;318,598.80;199,011.00;71,313.00;0.00;22,428.45;20,142.88;5,703.47;0.00;0.00;0.29;241,582.33;82.38;9.28;0.76;0.09;1.21
Raiffeisen Befektetési Alapkezelő Zártkörűen Működő Részvénytársaság;Raiffeisen Megoldás Pro Abszolút Hozamú Alap;"Raiffeisen Megoldás Pro Abszolút Hozamú Alap ""U"" sorozat";HU0000719968;Nyílt végű;Határozatlan;értékpapíralap;abszolút hozamú alap;0;USD;2,048,163,116.60;2;10;éves;0.08;0.04;;32,306,459.00;25,131,366.26;3,420,899.80;0.00;1,744,196.29;1,566,453.60;443,543.05;0.00;0.00;0.29;28,442,016.15;88.36;6.13;1.23;0.09;1.68
Raiffeisen Befektetési Alapkezelő Zártkörűen Működő Részvénytársaság;Raiffeisen Megoldás Pro Abszolút Hozamú Alap;"Raiffeisen Megoldás Pro Abszolút Hozamú Alap ""B"" sorozat";HU0000708888;Nyílt végű;Határozatlan;értékpapíralap;abszolút hozamú alap;0;HUF;21,539,052.81;2;10;éves;0.08;0.04;;355,208.14;262,586.00;53,142.00;0.00;18,342.45;16,473.27;4,664.42;0.00;0.00;0.29;297,401.72;88.29;6.17;1.22;0.09;1.67
Raiffeisen Befektetési Alapkezelő Zártkörűen Működő Részvénytársaság;Raiffeisen Megoldás Pro Abszolút Hozamú Alap;"Raiffeisen Megoldás Pro Abszolút Hozamú Alap ""A"" sorozat";HU0000702774;Nyílt végű;Határozatlan;értékpapíralap;abszolút hozamú alap;0;HUF;9,040,592,188.36;2;10;éves;0.08;0.04;;147,815,723.04;110,195,430.00;21,049,285.00;0.00;7,698,882.62;6,914,326.32;1,957,799.10;0.00;0.00;0.29;124,808,638.94;88.29;6.17;1.22;0.09;1.67
Raiffeisen Befektetési Alapkezelő Zártkörűen Működő Részvénytársaság;Raiffeisen Megoldás Pro Abszolút Hozamú Alap;"Raiffeisen Megoldás Pro Abszolút Hozamú Alap ""R"" sorozat";HU0000724406;Nyílt végű;Határozatlan;értékpapíralap;abszolút hozamú alap;0;HUF;81,520,527.02;2;10;éves;0.08;0.04;;888,104.54;409,780.00;328,901.00;0.00;69,422.10;62,347.64;17,653.80;0.00;0.00;0.29;541,549.74;75.67;12.82;0.50;0.09;0.95
Raiffeisen Befektetési Alapkezelő Zártkörűen Működő Részvénytársaság;Raiffeisen Megoldás Pro Abszolút Hozamú Alap;"Raiffeisen Megoldás Pro Abszolút Hozamú Alap ""E"" sorozat";HU0000718531;Nyílt végű;Határozatlan;értékpapíralap;abszolút hozamú alap;0;EUR;4,921,552,018.40;2;10;éves;0.08;0.04;;78,644,548.42;60,309,062.74;9,314,497.20;0.00;4,191,147.05;3,764,047.30;1,065,794.13;0.00;0.00;0.29;68,264,257.09;88.35;6.14;1.23;0.09;1.68
Raiffeisen Befektetési Alapkezelő Zártkörűen Működő Részvénytársaság;Raiffeisen Megoldás Start Abszolút Hozamú Alap;"Raiffeisen Megoldás Start Abszolút Hozamú Alap ""Q"" sorozat";HU0000722905;Nyílt végű;Határozatlan;értékpapíralap;abszolút hozamú alap;0;HUF;30,289,875.67;2;10;éves;0.08;0.04;;241,697.92;122,087.00;71,649.00;0.00;24,839.27;19,503.64;3,619.01;0.00;0.00;0.3;166,429.91;73.36;14.92;0.40;0.08;0.85
Raiffeisen Befektetési Alapkezelő Zártkörűen Működő Részvénytársaság;Raiffeisen Megoldás Start Abszolút Hozamú Alap;"Raiffeisen Megoldás Start Abszolút Hozamú Alap ""A"" sorozat";HU0000705660;Nyílt végű;Határozatlan;értékpapíralap;abszolút hozamú alap;0;HUF;15,959,840,721.53;2;10;éves;0.08;0.04;;228,825,523.22;194,420,894.00;9,133,324.00;0.00;13,087,900.02;10,276,536.25;1,906,868.95;0.00;0.00;0.3;217,785,330.27;89.27;6.01;1.22;0.08;1.66
Raiffeisen Befektetési Alapkezelő Zártkörűen Működő Részvénytársaság;Raiffeisen Megoldás Start Abszolút Hozamú Alap;"Raiffeisen Megoldás Start Abszolút Hozamú Alap ""B"" sorozat";HU0000709381;Nyílt végű;Határozatlan;értékpapíralap;abszolút hozamú alap;0;HUF;65,364,465.58;2;10;éves;0.08;0.04;;1,017,536.11;797,752.00;116,284.00;0.00;53,602.26;42,088.15;7,809.70;0.00;0.00;0.3;893,442.41;89.29;6.00;1.22;0.08;1.67
Raiffeisen Befektetési Alapkezelő Zártkörűen Működő Részvénytársaság;Raiffeisen Megoldás Start Abszolút Hozamú Alap;"Raiffeisen Megoldás Start Abszolút Hozamú Alap ""R"" sorozat";HU0000724448;Nyílt végű;Határozatlan;értékpapíralap;abszolút hozamú alap;0;HUF;13,444.25;2;10;éves;0.08;0.04;;130.74;67.45;42.00;0.00;11.02;8.66;1.61;0.00;0.00;0.3;87.13;77.41;12.65;0.50;0.08;0.95
Raiffeisen Befektetési Alapkezelő Zártkörűen Működő Részvénytársaság;Raiffeisen Megoldás Start Abszolút Hozamú Alap;"Raiffeisen Megoldás Start Abszolút Hozamú Alap ""E"" sorozat";HU0000718549;Nyílt végű;Határozatlan;értékpapíralap;abszolút hozamú alap;0;EUR;7,906,404,202.00;2;10;éves;0.08;0.04;;126,188,094.59;96,872,309.71;16,796,540.04;0.00;6,483,662.93;5,090,931.09;944,650.82;0.00;0.00;0.3;108,446,903.73;89.33;5.98;1.23;0.08;1.67
Raiffeisen Befektetési Alapkezelő Zártkörűen Működő Részvénytársaság;Raiffeisen Megoldás Start Abszolút Hozamú Alap;"Raiffeisen Megoldás Start Abszolút Hozamú Alap ""U"" sorozat";HU0000719950;Nyílt végű;Határozatlan;értékpapíralap;abszolút hozamú alap;0;USD;4,085,237,642.54;2;10;éves;0.08;0.04;;63,290,668.40;50,099,280.84;6,722,695.96;0.00;3,350,107.48;2,630,483.20;488,100.92;0.00;0.00;0.3;56,079,871.52;89.34;5.97;1.23;0.08;1.67
Raiffeisen Befektetési Alapkezelő Zártkörűen Működő Részvénytársaság;Raiffeisen Nyersanyag Alapok Alapja;"Raiffeisen Nyersanyag Alapok Alapja ""B"" sorozat";HU0000708912;Nyílt végű;Határozatlan;értékpapíralap;árupiaci alap;külföldi;HUF;37,156,798.25;1.5;;;0.2;0.04;;217,561.77;52,438.00;0.00;0.00;29,960.83;118,763.74;16,399.20;0.00;0.00;0.23;201,162.57;26.07;14.89;0.14;0.08;0.77
Raiffeisen Befektetési Alapkezelő Zártkörűen Működő Részvénytársaság;Raiffeisen Nyersanyag Alapok Alapja;"Raiffeisen Nyersanyag Alapok Alapja ""A"" sorozat";HU0000703715;Nyílt végű;Határozatlan;értékpapíralap;árupiaci alap;külföldi;HUF;1,455,674,383.89;1.5;;;0.2;0.04;;21,139,180.23;14,670,204.00;0.00;0.00;1,173,761.17;4,652,751.26;642,463.80;0.00;0.00;0.23;20,496,716.43;71.57;5.73;1.01;0.08;1.64
SIGNAL IDUNA Fund Invest Alapkezelő Zártkörűen Működő Részvénytársaság;SIFI Kötvény Alap;U;HU0000725270;NYÍLT VÉGŰ;határozatlan;értékpapíralap;kötvényalap;hazai;HUF;10,191,609,799.00;0.3;0;0;0.04;0.5;0.5;45,499,937.00;30,687,356.00;0.00;0.00;4,033,936.00;10,197,954.00;580,691.00;0.00;0.00;0;44,919,246.00;68.32;8.98;0.30;0.04;0.44
SIGNAL IDUNA Fund Invest Alapkezelő Zártkörűen Működő Részvénytársaság;SIFI Norma Abszolút Hozamú  Alap;P;HU0000719695;NYÍLT VÉGŰ;határozatlan;értékpapíralap;abszolút hozamú alap;hazai;HUF;94,613,249.00;1.4;20;éves;0.2;1;1;2,344,020.00;1,326,859.00;386,026.00;0.00;90,846.00;419,316.00;120,973.00;0.00;0.00;0.073314;1,837,021.00;72.23;4.95;1.40;0.10;2.01
SIGNAL IDUNA Fund Invest Alapkezelő Zártkörűen Működő Részvénytársaság;SIFI Norma Abszolút Hozamú Alap;A;HU0000719687;NYÍLT VÉGŰ;határozatlan;értékpapíralap;abszolút hozamú alap;hazai;HUF;276,153,153.00;1.75;20;éves;0.2;1;1;8,251,140.00;4,849,374.00;1,394,113.00;0.00;269,154.00;1,321,484.00;417,015.00;0.00;0.00;0.252726;6,440,012.00;75.30;4.18;1.76;0.10;2.58
SIGNAL IDUNA Fund Invest Alapkezelő Zártkörűen Működő Részvénytársaság;SIFI Orion Abszolút Hozamú Származtatott Alap;A;HU0000719703;NYÍLT VÉGŰ;határozatlan;értékpapíralap;abszolút hozamú alap;hazai;HUF;1,026,659,898.00;1.75;20;éves;0.2;1;1;29,936,211.00;18,054,562.00;8,192,346.00;0.00;616,184.00;2,091,706.00;981,413.00;0.00;0.00;0;20,762,452.00;86.96;2.97;1.76;0.06;2.02
SIGNAL IDUNA Fund Invest Alapkezelő Zártkörűen Működő Részvénytársaság;SIFI Orion Abszolút Hozamú Származtatott Alap;P;HU0000719711;NYÍLT VÉGŰ;határozatlan;értékpapíralap;abszolút hozamú alap;hazai;HUF;555,275,406.00;1.4;20;éves;0.2;1;1;14,360,707.00;7,814,076.00;4,531,965.00;0.00;333,450.00;1,142,194.00;539,022.00;0.00;0.00;0;9,289,720.00;84.12;3.59;1.41;0.06;1.67
VIG Befektetési Alapkezelő Magyarország Zártkörűen Működő Részvénytársaság;VIG Alfa Abszolút Hozamú Befektetési Alap;Alfa R sorozat;HU0000712286;nyílt végű;határozatlan;értékpapíralap;abszolút hozamú alap;külföldi;HUF;3,047,444,493.88;1;20;éves;0.15;0.5;;55,250,724.00;15,354,391.00;30,872,945.00;1,535,066.00;1,328,440.00;3,393,456.00;2,766,426.00;0.00;0.00;0;21,611,353.00;71.05;6.15;0.50;0.04;0.71
VIG Befektetési Alapkezelő Magyarország Zártkörűen Működő Részvénytársaság;VIG Alfa Abszolút Hozamú Befektetési Alap;Alfa E sorozat;HU0000715982;nyílt végű;határozatlan;értékpapíralap;abszolút hozamú alap;külföldi;EUR;6,797,684,636.68;2.25;20;éves;0.15;0.5;;188,458,274.00;147,426,108.00;21,006,294.00;3,428,599.00;2,966,830.00;7,602,021.00;6,028,422.00;0.00;0.00;0;161,423,558.00;91.33;1.84;2.17;0.04;2.37
VIG Befektetési Alapkezelő Magyarország Zártkörűen Működő Részvénytársaság;VIG Alfa Abszolút Hozamú Befektetési Alap;Alfa I sorozat;HU0000715974;nyílt végű;határozatlan;értékpapíralap;abszolút hozamú alap;külföldi;HUF;9,770,535,758.90;0.75;20;éves;0.15;0.5;;210,035,088.00;73,894,895.00;106,797,269.00;4,925,184.00;4,283,631.00;10,859,931.00;9,274,178.00;0.00;0.00;0;93,963,641.00;78.64;4.56;0.76;0.04;0.96
VIG Befektetési Alapkezelő Magyarország Zártkörűen Működő Részvénytársaság;VIG Alfa Abszolút Hozamú Befektetési Alap;Alfa U sorozat;HU0000715990;nyílt végű;határozatlan;értékpapíralap;abszolút hozamú alap;külföldi;USD;3,189,414,226.81;2.25;20;éves;0.15;0.5;;96,819,787.00;69,205,122.00;18,218,901.00;1,609,370.00;1,394,120.00;3,571,797.00;2,820,477.00;0.00;0.00;0;75,780,409.00;91.32;1.84;2.17;0.04;2.38
VIG Befektetési Alapkezelő Magyarország Zártkörűen Működő Részvénytársaság;VIG Alfa Abszolút Hozamú Befektetési Alap;Alfa PI sorozat;HU0000727383;nyílt végű;határozatlan;értékpapíralap;abszolút hozamú alap;külföldi;PLN;123,886,704.19;0.8;;0;0.15;0.5;;1,342,657.00;981,671.00;0.00;62,474.00;53,646.00;139,185.00;105,681.00;0.00;0.00;0;1,236,976.00;79.36;4.34;0.79;0.04;1.00
VIG Befektetési Alapkezelő Magyarország Zártkörűen Működő Részvénytársaság;VIG Alfa Abszolút Hozamú Befektetési Alap;Alfa C sorozat;HU0000716006;nyílt végű;határozatlan;értékpapíralap;abszolút hozamú alap;külföldi;CZK;51,539,926.93;2.25;20;éves;0.15;0.5;;1,388,959.00;1,019,042.00;219,941.00;26,126.00;22,495.00;58,911.00;42,444.00;0.00;0.00;0;1,126,574.00;90.45;2.00;1.98;0.04;2.19
VIG Befektetési Alapkezelő Magyarország Zártkörűen Működő Részvénytársaság;VIG Alfa Abszolút Hozamú Befektetési Alap;Alfa A sorozat;HU0000703970;nyílt végű;határozatlan;értékpapíralap;abszolút hozamú alap;külföldi;HUF;21,524,483,672.64;2.25;20;éves;0.15;0.5;;665,808,652.00;467,293,866.00;134,861,313.00;10,864,604.00;9,408,514.00;24,088,555.00;19,291,800.00;0.00;0.00;0;511,655,539.00;91.33;1.84;2.17;0.04;2.38
VIG Befektetési Alapkezelő Magyarország Zártkörűen Működő Részvénytársaság;VIG Alfa Abszolút Hozamú Befektetési Alap;Alfa EI sorozat;HU0000729520;nyílt végű;határozatlan;értékpapíralap;abszolút hozamú alap;külföldi;EUR;815,649,613.74;0.8;20;éves;0.15;0.5;;12,441,355.00;6,204,651.00;3,878,304.00;413,657.00;356,251.00;930,328.00;658,164.00;0.00;0.00;0;7,904,887.00;78.49;4.51;0.76;0.04;0.97
VIG Befektetési Alapkezelő Magyarország Zártkörűen Működő Részvénytársaság;VIG Alfa Abszolút Hozamú Befektetési Alap;Alfa UI sorozat;HU0000729538;nyílt végű;határozatlan;értékpapíralap;abszolút hozamú alap;külföldi;USD;194,914,196.65;0.8;20;éves;0.15;0.5;;3,483,615.00;1,476,891.00;1,442,637.00;98,464.00;84,968.00;221,396.00;159,259.00;0.00;0.00;0;1,881,719.00;78.49;4.52;0.76;0.04;0.97
VIG Befektetési Alapkezelő Magyarország Zártkörűen Működő Részvénytársaság;VIG Alfa Abszolút Hozamú Befektetési Alap;Alfa B sorozat;HU0000708318;nyílt végű;határozatlan;értékpapíralap;abszolút hozamú alap;külföldi;PLN;2,422,233,884.11;2.25;20;éves;0.15;0.5;;73,759,234.00;52,541,622.00;13,950,069.00;1,221,527.00;1,062,506.00;2,687,632.00;2,295,878.00;0.00;0.00;0;57,513,287.00;91.36;1.85;2.17;0.04;2.37
VIG Befektetési Alapkezelő Magyarország Zártkörűen Működő Részvénytársaság;VIG Amerikai Részvény Alapokba Fektető Részalap ;Amerikai Részvény Részalap A sorozat;HU0000716097;nyílt végű;határozatlan;értékpapíralap;részvényalap;külföldi;HUF;557,162,490.50;1.2;20;éves;0.04;0.5;;8,061,594.00;6,781,468.00;0.00;280,190.00;223,899.00;531,865.00;244,172.00;0.00;0.00;0.032;7,817,422.00;86.75;2.86;1.22;0.04;1.44
VIG Befektetési Alapkezelő Magyarország Zártkörűen Működő Részvénytársaság;VIG BondMaxx Total Return Kötvény Befektetési Alap;BondMaxx Kötvény P sorozat;HU0000712401;nyílt végű;határozatlan;értékpapíralap;szabad futamidejű kötvényalap;külföldi;PLN;1,288,363,056.91;1.75;20;éves;0.028;0.5;;24,223,082.00;21,924,232.00;0.00;645,167.00;244,977.00;1,249,620.00;159,086.00;0.00;0.00;0;24,063,996.00;91.11;1.02;1.70;0.02;1.87
VIG Befektetési Alapkezelő Magyarország Zártkörűen Működő Részvénytársaság;VIG BondMaxx Total Return Kötvény Befektetési Alap;BondMaxx Kötvény U sorozat;HU0000727045;nyílt végű;határozatlan;értékpapíralap;szabad futamidejű kötvényalap;külföldi;USD;360,081,891.20;1.75;20;éves;0.028;0.5;;6,758,082.00;6,113,001.00;0.00;179,888.00;68,315.00;348,620.00;48,258.00;0.00;0.00;0;6,709,824.00;91.11;1.02;1.70;0.02;1.86
VIG Befektetési Alapkezelő Magyarország Zártkörűen Működő Részvénytársaság;VIG BondMaxx Total Return Kötvény Befektetési Alap;BondMaxx Kötvény R sorozat;HU0000712260;nyílt végű;határozatlan;értékpapíralap;szabad futamidejű kötvényalap;külföldi;HUF;1,171,702,986.33;1;20;éves;0.028;0.5;;5,598,274.00;3,514,875.00;0.00;586,165.00;222,572.00;1,136,030.00;138,632.00;0.00;0.00;0;5,459,642.00;64.38;4.08;0.30;0.02;0.47
VIG Befektetési Alapkezelő Magyarország Zártkörűen Működő Részvénytársaság;VIG BondMaxx Total Return Kötvény Befektetési Alap;BondMaxx Kötvény A sorozat;HU0000709597;nyílt végű;határozatlan;értékpapíralap;szabad futamidejű kötvényalap;külföldi;HUF;1,783,760,820.13;1.75;20;éves;0.028;0.5;;33,507,552.00;30,337,737.00;0.00;892,823.00;339,014.00;1,731,085.00;206,893.00;0.00;0.00;0;33,300,659.00;91.10;1.02;1.70;0.02;1.87
VIG Befektetési Alapkezelő Magyarország Zártkörűen Működő Részvénytársaság;VIG BondMaxx Total Return Kötvény Befektetési Alap;BondMaxx Kötvény I sorozat;HU0000709605;nyílt végű;határozatlan;értékpapíralap;szabad futamidejű kötvényalap;külföldi;HUF;11,106,709,598.56;0.8;20;éves;0.028;0.5;;103,031,397.00;83,285,816.00;0.00;5,555,740.00;2,109,556.00;10,768,309.00;1,311,976.00;0.00;0.00;0;101,719,421.00;81.88;2.07;0.75;0.02;0.92
VIG Befektetési Alapkezelő Magyarország Zártkörűen Működő Részvénytársaság;VIG BondMaxx Total Return Kötvény Befektetési Alap;BondMaxx Kötvény C sorozat;HU0000717400;nyílt végű;határozatlan;értékpapíralap;szabad futamidejű kötvényalap;külföldi;CZK;1,458,565.93;1.75;20;éves;0.028;0.5;;22,293.00;19,701.00;0.00;730.00;277.00;1,414.00;171.00;0.00;0.00;0;22,122.00;89.06;1.25;1.35;0.02;1.52
VIG Befektetési Alapkezelő Magyarország Zártkörűen Működő Részvénytársaság;VIG BondMaxx Total Return Kötvény Befektetési Alap;BondMaxx Kötvény PI sorozat;HU0000727391;nyílt végű;határozatlan;értékpapíralap;szabad futamidejű kötvényalap;külföldi;PLN;4,368,991.12;0.8;20;éves;0.028;0.5;;39,833.00;32,252.00;0.00;2,151.00;817.00;4,150.00;463.00;0.00;0.00;0;39,370.00;81.92;2.08;0.74;0.02;0.90
VIG Befektetési Alapkezelő Magyarország Zártkörűen Működő Részvénytársaság;VIG BondMaxx Total Return Kötvény Befektetési Alap;BondMaxx Kötvény E sorozat;HU0000727037;nyílt végű;határozatlan;értékpapíralap;szabad futamidejű kötvényalap;külföldi;EUR;677,386,412.69;1.75;20;éves;0.028;0.5;;12,711,393.00;11,497,436.00;0.00;338,443.00;128,527.00;656,977.00;90,010.00;0.00;0.00;0;12,621,383.00;91.09;1.02;1.70;0.02;1.86
VIG Befektetési Alapkezelő Magyarország Zártkörűen Működő Részvénytársaság;VIG Cseh Rövid Kötvény Befektetési Alap;Cseh Rövid Kötvény A sorozat;HU0000731781;nyílt végű;határozatlan;értékpapíralap;rövid kötvényalap;külföldi;CZK;193,379,857.49;1;;0;0.15;0.5;;2,170,925.00;1,470,774.00;0.00;98,315.00;364,915.00;193,379.00;43,542.00;0.00;0.00;0;2,127,383.00;69.14;17.15;0.76;0.19;1.10
VIG Befektetési Alapkezelő Magyarország Zártkörűen Működő Részvénytársaság;VIG Cseh Rövid Kötvény Befektetési Alap;Cseh Rövid Kötvény I sorozat;HU0000731799;nyílt végű;határozatlan;értékpapíralap;rövid kötvényalap;külföldi;CZK;383,568,096.07;0.5;;0;0.15;0.5;;2,375,964.00;966,957.00;0.00;193,913.00;719,770.00;388,937.00;106,387.00;0.00;0.00;0;2,269,577.00;42.61;31.71;0.25;0.19;0.59
VIG Befektetési Alapkezelő Magyarország Zártkörűen Működő Részvénytársaság;VIG Európai Részvény Alapokba Fektető Részalap ;Európai Részvény Részalap A sorozat;HU0000716105;nyílt végű;határozatlan;értékpapíralap;részvényalap;külföldi;HUF;389,713,130.96;1.7;20;éves;0.04;0.5;;7,760,805.00;6,690,292.00;0.00;195,591.00;156,308.00;357,355.00;361,259.00;0.00;0.00;0.1069;7,399,546.00;90.41;2.11;1.72;0.04;2.01
VIG Befektetési Alapkezelő Magyarország Zártkörűen Működő Részvénytársaság;VIG Fejlett Piaci Államkötvény Befektetési Alap ;Fejlett Piaci ÁllamKötvény I sorozat;HU0000724224;nyílt végű;határozatlan;értékpapíralap;hosszú kötvényalap;külföldi;HUF;18,570,321,261.51;0.8;20;éves;0.15;0.5;;176,234,175.00;139,486,586.00;0.00;9,298,351.00;8,501,875.00;18,451,033.00;496,330.00;0.00;0.00;0;175,737,845.00;79.37;4.84;0.75;0.05;0.95
VIG Befektetési Alapkezelő Magyarország Zártkörűen Működő Részvénytársaság;VIG Fejlett Piaci Államkötvény Befektetési Alap ;Fejlett Piaci ÁllamKötvény A sorozat;HU0000702477;nyílt végű;határozatlan;értékpapíralap;hosszú kötvényalap;külföldi;HUF;3,018,919,707.76;1.95;20;éves;0.15;0.5;;51,450,526.00;45,456,516.00;0.00;1,515,090.00;1,380,901.00;3,017,309.00;80,710.00;0.00;0.00;0;51,369,816.00;88.49;2.69;1.51;0.05;1.70
VIG Befektetési Alapkezelő Magyarország Zártkörűen Működő Részvénytársaság;VIG Fejlett Piaci Rövid Kötvény Befektetési Alap;Fejlett Piaci Rövid Kötvény EI sorozat;HU0000731971;nyílt végű;határozatlan;értékpapíralap;rövid kötvényalap;külföldi;EUR;3,746,053,294.83;0.5;;0;0.035;0.5;;16,116,268.00;9,805,168.00;0.00;1,541,072.00;1,333,627.00;3,314,786.00;121,615.00;0.00;0.00;0;15,994,653.00;61.30;8.34;0.26;0.04;0.43
VIG Befektetési Alapkezelő Magyarország Zártkörűen Működő Részvénytársaság;VIG Fejlett Piaci Rövid Kötvény Befektetési Alap;Fejlett Piaci Rövid Kötvény UI sorozat;HU0000732052;nyílt végű;határozatlan;értékpapíralap;rövid kötvényalap;külföldi;USD;3,785,244.52;0.5;;0;0.035;0.5;;16,514.00;9,694.00;0.00;1,547.00;1,338.00;3,780.00;155.00;0.00;0.00;0;16,359.00;59.26;8.18;0.26;0.04;0.43
VIG Befektetési Alapkezelő Magyarország Zártkörűen Működő Részvénytársaság;VIG Fejlett Piaci Rövid Kötvény Befektetési Alap;Fejlett Piaci Rövid Kötvény U sorozat;HU0000732045;nyílt végű;határozatlan;értékpapíralap;rövid kötvényalap;külföldi;USD;144,878,354.71;1;;0;0.035;0.5;;1,401,646.00;1,135,753.00;0.00;59,493.00;51,466.00;149,848.00;5,086.00;0.00;0.00;0;1,396,560.00;81.33;3.69;0.78;0.04;0.96
VIG Befektetési Alapkezelő Magyarország Zártkörűen Működő Részvénytársaság;VIG Fejlett Piaci Rövid Kötvény Befektetési Alap;Fejlett Piaci Rövid Kötvény E sorozat;HU0000731963;nyílt végű;határozatlan;értékpapíralap;rövid kötvényalap;külföldi;EUR;8,524,865,998.65;1;;0;0.035;0.5;;81,594,080.00;65,816,596.00;0.00;3,448,122.00;2,982,543.00;8,933,674.00;413,145.00;0.00;0.00;0;81,180,935.00;81.07;3.67;0.77;0.03;0.95
VIG Befektetési Alapkezelő Magyarország Zártkörűen Működő Részvénytársaság;VIG Feltörekvő Piaci ESG Részvény Befektetési Alap;Feltörekvő Piaci ESG Részvény R sorozat;HU0000723663;nyílt végű;határozatlan;értékpapíralap;részvényalap;külföldi;HUF;10,721,682,845.75;0.6;20;éves;0.09;0.01;;86,114,228.00;60,021,665.00;0.00;5,379,314.00;5,456,538.00;12,392,973.00;2,863,738.00;0.00;0.00;0.0172;83,250,490.00;72.10;6.55;0.56;0.05;0.79
VIG Befektetési Alapkezelő Magyarország Zártkörűen Működő Részvénytársaság;VIG Feltörekvő Piaci ESG Részvény Befektetési Alap;Feltörekvő Piaci ESG Részvény C sorozat;HU0000723697;nyílt végű;határozatlan;értékpapíralap;részvényalap;külföldi;CZK;49,972,111.78;2.25;20;éves;0.09;0.01;;1,032,423.00;910,476.00;0.00;25,106.00;26,172.00;59,046.00;11,623.00;0.00;0.00;0.0172;1,020,800.00;89.19;2.56;1.82;0.05;2.06
VIG Befektetési Alapkezelő Magyarország Zártkörűen Működő Részvénytársaság;VIG Feltörekvő Piaci ESG Részvény Befektetési Alap;Feltörekvő Piaci ESG Részvény P sorozat;HU0000723671;nyílt végű;határozatlan;értékpapíralap;részvényalap;külföldi;PLN;1,394,813.12;2.25;20;éves;0.09;0.01;;32,664.00;29,270.00;0.00;699.00;706.00;1,603.00;386.00;0.00;0.00;0.0172;32,278.00;90.68;2.19;2.10;0.05;2.33
VIG Befektetési Alapkezelő Magyarország Zártkörűen Működő Részvénytársaság;VIG Feltörekvő Piaci ESG Részvény Befektetési Alap;Feltörekvő Piaci ESG Részvény UI sorozat;HU0000729561;nyílt végű;határozatlan;értékpapíralap;részvényalap;külföldi;USD;30,892,554.57;0.8;20;éves;0.09;0.01;;295,019.00;217,225.00;0.00;15,575.00;16,479.00;38,306.00;7,434.00;0.00;0.00;0.0172;287,585.00;75.53;5.73;0.70;0.05;0.95
VIG Befektetési Alapkezelő Magyarország Zártkörűen Működő Részvénytársaság;VIG Feltörekvő Piaci ESG Részvény Befektetési Alap;Feltörekvő Piaci ESG Részvény B sorozat;HU0000705934;nyílt végű;határozatlan;értékpapíralap;részvényalap;külföldi;EUR;527,856,125.57;2.25;20;éves;0.09;0.01;;12,344,688.00;11,071,414.00;0.00;264,601.00;268,997.00;601,686.00;137,990.00;0.00;0.00;0.0172;12,206,698.00;90.70;2.20;2.10;0.05;2.33
VIG Befektetési Alapkezelő Magyarország Zártkörűen Működő Részvénytársaság;VIG Feltörekvő Piaci ESG Részvény Befektetési Alap;Feltörekvő Piaci ESG Részvény EI sorozat;HU0000729553;nyílt végű;határozatlan;értékpapíralap;részvényalap;külföldi;EUR;1,945,933,594.73;0.8;20;éves;0.09;0.01;;18,407,913.00;13,626,175.00;0.00;976,975.00;1,015,939.00;2,301,400.00;487,424.00;0.00;0.00;0.0172;17,920,489.00;76.04;5.67;0.70;0.05;0.94
VIG Befektetési Alapkezelő Magyarország Zártkörűen Működő Részvénytársaság;VIG Feltörekvő Piaci ESG Részvény Befektetési Alap;Feltörekvő Piaci ESG Részvény U sorozat;HU0000723705;nyílt végű;határozatlan;értékpapíralap;részvényalap;külföldi;USD;121,792,816.55;2.25;20;éves;0.09;0.01;;2,852,252.00;2,555,661.00;0.00;61,079.00;62,112.00;141,442.00;31,958.00;0.00;0.00;0.0172;2,820,294.00;90.62;2.20;2.10;0.05;2.33
VIG Befektetési Alapkezelő Magyarország Zártkörűen Működő Részvénytársaság;VIG Feltörekvő Piaci ESG Részvény Befektetési Alap;Feltörekvő Piaci ESG Részvény I sorozat;HU0000723655;nyílt végű;határozatlan;értékpapíralap;részvényalap;külföldi;HUF;3,646,370,321.36;0.8;20;éves;0.09;0.01;;34,109,881.00;25,480,708.00;0.00;1,826,925.00;1,905,985.00;4,103,858.00;792,405.00;0.00;0.00;0.0172;33,317,476.00;76.48;5.72;0.70;0.05;0.93
VIG Befektetési Alapkezelő Magyarország Zártkörűen Működő Részvénytársaság;VIG Feltörekvő Piaci ESG Részvény Befektetési Alap;Feltörekvő Piaci ESG Részvény PI sorozat;HU0000723689;nyílt végű;határozatlan;értékpapíralap;részvényalap;külföldi;PLN;5,698,066.14;0.8;20;éves;0.09;0.01;;51,649.00;38,477.00;0.00;2,758.00;3,644.00;5,883.00;887.00;0.00;0.00;0.0172;50,762.00;75.80;7.18;0.68;0.06;0.91
VIG Befektetési Alapkezelő Magyarország Zártkörűen Működő Részvénytársaság;VIG Feltörekvő Piaci ESG Részvény Befektetési Alap;Feltörekvő Piaci ESG Részvény A sorozat;HU0000705272;nyílt végű;határozatlan;értékpapíralap;részvényalap;külföldi;HUF;3,131,600,965.38;2.25;20;éves;0.09;0.01;;73,398,330.00;65,758,439.00;0.00;1,571,590.00;1,577,954.00;3,613,744.00;876,603.00;0.00;0.00;0.0172;72,521,727.00;90.67;2.18;2.10;0.05;2.33
VIG Befektetési Alapkezelő Magyarország Zártkörűen Működő Részvénytársaság;VIG Globális Feltörekvő Piaci Kötvény Befektetési Alap;Globális Feltörekvő Kötvény A sorozat;HU0000706114;nyílt végű;határozatlan;értékpapíralap;hosszú kötvényalap;külföldi;EUR;495,607,453.73;1.25;;0;0.08;0.5;;7,568,432.00;6,216,945.00;0.00;249,503.00;355,727.00;458,785.00;287,472.00;0.00;0.00;0;7,280,960.00;85.39;4.89;1.25;0.07;1.47
VIG Befektetési Alapkezelő Magyarország Zártkörűen Működő Részvénytársaság;VIG Globális Feltörekvő Piaci Kötvény Befektetési Alap;Globális Feltörekvő Kötvény B sorozat;HU0000724240;nyílt végű;határozatlan;értékpapíralap;hosszú kötvényalap;külföldi;HUF;35,240,594.95;1.25;;0;0.08;0.5;;539,710.00;443,557.00;0.00;17,795.00;25,420.00;32,187.00;20,751.00;0.00;0.00;0;518,959.00;85.47;4.90;1.26;0.07;1.47
VIG Befektetési Alapkezelő Magyarország Zártkörűen Működő Részvénytársaság;VIG Globális Feltörekvő Piaci Kötvény Befektetési Alap;Globális Feltörekvő Kötvény U sorozat;HU0000724232;nyílt végű;határozatlan;értékpapíralap;hosszú kötvényalap;külföldi;USD;104,480,681.71;1.25;;0;0.08;0.5;;1,593,591.00;1,309,618.00;0.00;52,558.00;74,714.00;100,393.00;56,308.00;0.00;0.00;0;1,537,283.00;85.19;4.86;1.25;0.07;1.47
VIG Befektetési Alapkezelő Magyarország Zártkörűen Működő Részvénytársaság;VIG Globális Feltörekvő Piaci Kötvény Befektetési Alap;Globális Feltörekvő Kötvény I sorozat;HU0000718408;nyílt végű;határozatlan;értékpapíralap;hosszú kötvényalap;külföldi;HUF;2,263,366,071.06;0.75;;0;0.08;0.5;;23,461,438.00;17,305,335.00;0.00;1,157,103.00;1,710,276.00;2,201,607.00;1,087,117.00;0.00;0.00;0;22,374,321.00;77.34;7.64;0.76;0.08;0.99
VIG Befektetési Alapkezelő Magyarország Zártkörűen Működő Részvénytársaság;VIG Globális Feltörekvő Piaci Kötvény Befektetési Alap;Globális Feltörekvő Kötvény UI sorozat;HU0000718416;nyílt végű;határozatlan;értékpapíralap;hosszú kötvényalap;külföldi;USD;132,958,911.10;0.75;;0;0.08;0.5;;1,378,814.00;1,023,756.00;0.00;68,485.00;104,634.00;136,020.00;45,919.00;0.00;0.00;0;1,332,895.00;76.81;7.85;0.77;0.08;1.00
VIG Befektetési Alapkezelő Magyarország Zártkörűen Működő Részvénytársaság;VIG Közép-Európai Részvény Befektetési Alap;Közép-Európai Részvény C sorozat;HU0000717392;nyílt végű;határozatlan;értékpapíralap;részvényalap;külföldi;CZK;108,819,067.53;2.25;20;éves;0.15;0.5;;2,456,731.00;2,133,831.00;0.00;54,706.00;77,154.00;113,504.00;77,536.00;0.00;0.00;0;2,379,195.00;89.69;3.24;1.96;0.07;2.19
VIG Befektetési Alapkezelő Magyarország Zártkörűen Működő Részvénytársaság;VIG Közép-Európai Részvény Befektetési Alap;Közép-Európai Részvény B sorozat;HU0000705926;nyílt végű;határozatlan;értékpapíralap;részvényalap;külföldi;EUR;3,081,203,264.62;2.25;20;éves;0.15;0.5;;78,590,144.00;69,491,904.00;0.00;1,544,053.00;2,175,668.00;3,150,487.00;2,228,032.00;0.00;0.00;0;76,362,112.00;91.00;2.85;2.26;0.07;2.48
VIG Befektetési Alapkezelő Magyarország Zártkörűen Működő Részvénytársaság;VIG Közép-Európai Részvény Befektetési Alap;Közép-Európai Részvény UI sorozat;HU0000730346;nyílt végű;határozatlan;értékpapíralap;részvényalap;külföldi;USD;81,797,533.05;0.8;20;éves;0.15;0.5;;846,885.00;615,812.00;0.00;41,049.00;57,267.00;85,825.00;46,932.00;0.00;0.00;0;799,953.00;76.98;7.16;0.75;0.07;0.98
VIG Befektetési Alapkezelő Magyarország Zártkörűen Működő Részvénytársaság;VIG Közép-Európai Részvény Befektetési Alap;Közép-Európai Részvény I sorozat;HU0000709530;nyílt végű;határozatlan;értékpapíralap;részvényalap;külföldi;HUF;20,069,320,634.56;1;20;éves;0.15;0.5;;211,516,818.00;150,999,850.00;0.00;10,065,307.00;14,250,080.00;20,523,702.00;15,677,879.00;0.00;0.00;0;195,838,939.00;77.10;7.28;0.75;0.07;0.98
VIG Befektetési Alapkezelő Magyarország Zártkörűen Működő Részvénytársaság;VIG Közép-Európai Részvény Befektetési Alap;Közép-Európai Részvény A sorozat;HU0000702501;nyílt végű;határozatlan;értékpapíralap;részvényalap;külföldi;HUF;5,929,811,031.12;2.25;20;éves;0.15;0.5;;151,381,038.00;133,692,202.00;0.00;2,970,536.00;4,196,263.00;6,044,490.00;4,477,547.00;0.00;0.00;0;146,903,491.00;91.01;2.86;2.25;0.07;2.48
VIG Befektetési Alapkezelő Magyarország Zártkörűen Működő Részvénytársaság;VIG Közép-Európai Részvény Befektetési Alap;Közép-Európai Részvény EI sorozat;HU0000730361;nyílt végű;határozatlan;értékpapíralap;részvényalap;külföldi;EUR;465,121,759.31;0.8;20;éves;0.15;0.5;;4,814,479.00;3,509,259.00;0.00;233,917.00;325,838.00;493,621.00;251,844.00;0.00;0.00;0;4,562,635.00;76.91;7.14;0.75;0.07;0.98
VIG Befektetési Alapkezelő Magyarország Zártkörűen Működő Részvénytársaság;VIG Közép-Európai Részvény Befektetési Alap;Közép-Európai Részvény PI sorozat;HU0000728183;nyílt végű;határozatlan;értékpapíralap;részvényalap;külföldi;PLN;769,880,594.68;0.8;20;éves;0.15;0.5;;8,122,291.00;5,796,540.00;0.00;386,384.00;547,660.00;789,186.00;602,521.00;0.00;0.00;0;7,519,770.00;77.08;7.28;0.75;0.07;0.98
VIG Befektetési Alapkezelő Magyarország Zártkörűen Működő Részvénytársaság;VIG Lengyel Kötvény Befektetési Alap;Lengyel Kötvény P sorozat;HU0000713565;nyílt végű;határozatlan;értékpapíralap;hosszú kötvényalap;külföldi;PLN;5,056,563,748.33;1.5;20;éves;0.08;0.01;;75,475,966.00;60,760,305.00;0.00;2,531,947.00;3,447,345.00;8,520,291.00;216,078.00;0.00;0.00;0;75,259,888.00;80.73;4.58;1.20;0.07;1.49
VIG Befektetési Alapkezelő Magyarország Zártkörűen Működő Részvénytársaság;VIG Lengyel Kötvény Befektetési Alap;Lengyel Kötvény A sorozat;HU0000705256;nyílt végű;határozatlan;értékpapíralap;hosszú kötvényalap;külföldi;HUF;211,390,841.83;2;20;éves;0.08;0.01;;3,150,509.00;2,536,787.00;0.00;105,711.00;143,759.00;355,381.00;8,871.00;0.00;0.00;0;3,141,638.00;80.75;4.58;1.20;0.07;1.49
VIG Befektetési Alapkezelő Magyarország Zártkörűen Működő Részvénytársaság;VIG Lengyel Kötvény Befektetési Alap;Lengyel Kötvény I sorozat;HU0000710942;nyílt végű;határozatlan;értékpapíralap;hosszú kötvényalap;külföldi;PLN;10,524,118,484.28;1;20;éves;0.08;0.01;;83,339,214.00;52,693,184.00;0.00;5,269,873.00;7,172,927.00;17,748,986.00;454,244.00;0.00;0.00;0;82,884,970.00;63.57;8.65;0.50;0.07;0.79
VIG Befektetési Alapkezelő Magyarország Zártkörűen Működő Részvénytársaság;VIG Lengyel Pénzpiaci Befektetési Alap;Lengyel Pénzpiaci A sorozat;HU0000711601;nyílt végű;határozatlan;értékpapíralap;sztenderd pénzpiaci alap;külföldi;PLN;9,305,574,209.15;1;;0;0.07;0.01;;65,286,525.00;46,192,089.00;0.00;4,726,602.00;4,966,676.00;9,229,304.00;171,854.00;0.00;0.00;0;65,114,671.00;70.94;7.63;0.50;0.05;0.70
VIG Befektetési Alapkezelő Magyarország Zártkörűen Működő Részvénytársaság;VIG Lengyel Pénzpiaci Befektetési Alap;Lengyel Pénzpiaci I sorozat;HU0000711619;nyílt végű;határozatlan;értékpapíralap;sztenderd pénzpiaci alap;külföldi;PLN;10,759,035,671.05;0.8;;0;0.07;0.01;;54,243,838.00;32,098,504.00;0.00;5,474,126.00;5,763,282.00;10,713,861.00;194,065.00;0.00;0.00;0;54,049,773.00;59.39;10.66;0.30;0.05;0.50
VIG Befektetési Alapkezelő Magyarország Zártkörűen Működő Részvénytársaság;VIG Lengyel Részvény Befektetési Alap;Lengyel Részvény B sorozat;HU0000710843;nyílt végű;határozatlan;értékpapíralap;részvényalap;külföldi;HUF;2,608,192,494.79;3;20;éves;0.08;0.01;;63,215,023.00;51,526,691.00;0.00;1,325,454.00;3,611,272.00;2,648,096.00;4,103,510.00;0.00;0.00;0;59,111,513.00;87.17;6.11;1.98;0.14;2.27
VIG Befektetési Alapkezelő Magyarország Zártkörűen Működő Részvénytársaság;VIG Lengyel Részvény Befektetési Alap;Lengyel Részvény A sorozat;HU0000710835;nyílt végű;határozatlan;értékpapíralap;részvényalap;külföldi;PLN;6,743,165,915.08;4;20;éves;0.08;0.01;;160,418,030.00;132,963,884.00;0.00;3,420,314.00;9,253,381.00;7,085,353.00;7,695,098.00;0.00;0.00;0;152,722,932.00;87.06;6.06;1.97;0.14;2.26
VIG Befektetési Alapkezelő Magyarország Zártkörűen Működő Részvénytársaság;VIG Lengyel Részvény Befektetési Alap;Lengyel Részvény I sorozat;HU0000710850;nyílt végű;határozatlan;értékpapíralap;részvényalap;külföldi;PLN;6,790,460,230.48;1;20;éves;0.08;0.01;;64,555,776.00;34,473,145.00;0.00;3,458,421.00;9,493,505.00;6,685,098.00;10,445,607.00;0.00;0.00;0;54,110,169.00;63.71;17.54;0.51;0.14;0.80
VIG Befektetési Alapkezelő Magyarország Zártkörűen Működő Részvénytársaság;VIG Magyar Indexkövető Részvény Részalap;Magyar Indexkövető B sorozat;HU0000727474;nyílt végű;határozatlan;értékpapíralap;indexkövető alap;hazai;HUF;84,534,541.20;2.15;;0;0.04;0.07;;1,964,431.00;1,652,098.00;0.00;42,561.00;33,567.00;91,672.00;144,533.00;0.00;0.00;0;1,819,898.00;90.78;1.84;1.95;0.04;2.15
VIG Befektetési Alapkezelő Magyarország Zártkörűen Működő Részvénytársaság;VIG Magyar Indexkövető Részvény Részalap;Magyar Indexkövető R sorozat;HU0000727482;nyílt végű;határozatlan;értékpapíralap;indexkövető alap;hazai;HUF;1,961,303,065.71;0.85;;0;0.04;0.07;;18,861,464.00;11,710,017.00;0.00;986,013.00;800,539.00;1,982,009.00;3,382,886.00;0.00;0.00;0;15,478,578.00;75.65;5.17;0.60;0.04;0.79
VIG Befektetési Alapkezelő Magyarország Zártkörűen Működő Részvénytársaság;VIG Magyar Kötvény Befektetési Alap;Magyar Kötvény I sorozat;HU0000718127;nyílt végű;határozatlan;értékpapíralap;kötvényalap;hazai;HUF;34,309,752,657.57;0.25;;0;0.017;0.5;;142,759,190.00;85,704,974.00;0.00;17,151,477.00;6,289,481.00;33,543,633.00;69,625.00;0.00;0.00;0;142,689,565.00;60.06;4.41;0.25;0.02;0.42
VIG Befektetési Alapkezelő Magyarország Zártkörűen Működő Részvénytársaság;VIG Magyar Kötvény Befektetési Alap;Magyar Kötvény A sorozat;HU0000702493;nyílt végű;határozatlan;értékpapíralap;kötvényalap;hazai;HUF;14,010,104,696.52;1.75;20;éves;0.017;0.5;;233,177,415.00;209,932,201.00;0.00;7,002,062.00;2,595,272.00;13,620,084.00;27,796.00;0.00;0.00;0;233,149,619.00;90.04;1.11;1.50;0.02;1.66
VIG Befektetési Alapkezelő Magyarország Zártkörűen Működő Részvénytársaság;VIG Magyar Pénzpiaci Befektetési Alap;Magyar Pénzpiaci A sorozat;HU0000702303;nyílt végű;határozatlan;értékpapíralap;sztenderd pénzpiaci alap;hazai;HUF;15,007,400,157.39;0.75;;0;0.08;0.5;;139,032,634.00;112,527,508.00;0.00;7,524,937.00;3,031,474.00;14,638,975.00;1,309,740.00;0.00;0.00;0;137,722,894.00;81.71;2.20;0.75;0.02;0.92
VIG Befektetési Alapkezelő Magyarország Zártkörűen Működő Részvénytársaság;VIG Magyar Pénzpiaci Befektetési Alap;Magyar Pénzpiaci I sorozat;HU0000718135;nyílt végű;határozatlan;értékpapíralap;sztenderd pénzpiaci alap;hazai;HUF;18,268,480,436.51;0.25;;0;0.08;0.5;;54,422,208.00;21,875,953.00;0.00;9,143,046.00;3,724,144.00;18,326,437.00;1,352,628.00;0.00;0.00;0;53,069,580.00;41.22;7.02;0.12;0.02;0.29
VIG Befektetési Alapkezelő Magyarország Zártkörűen Működő Részvénytársaság;VIG Maraton ESG Abszolút Hozamú Befektetési Alap;Maraton C sorozat;HU0000716055;nyílt végű;határozatlan;értékpapíralap;abszolút hozamú alap;külföldi;CZK;52,339,378.78;2.25;20;éves;0.027;0.5;;1,190,686.00;1,055,666.00;0.00;26,993.00;18,296.00;58,550.00;31,181.00;0.00;0.00;0;1,159,505.00;91.04;1.58;2.02;0.03;2.22
VIG Befektetési Alapkezelő Magyarország Zártkörűen Működő Részvénytársaság;VIG Maraton ESG Abszolút Hozamú Befektetési Alap;Maraton EI sorozat;HU0000729579;nyílt végű;határozatlan;értékpapíralap;abszolút hozamú alap;külföldi;EUR;97,548,383.66;0.8;20;éves;0.027;0.5;;1,538,361.00;739,017.00;551,961.00;49,119.00;32,870.00;98,087.00;67,307.00;0.00;0.00;0;919,093.00;80.41;3.58;0.76;0.03;0.94
VIG Befektetési Alapkezelő Magyarország Zártkörűen Működő Részvénytársaság;VIG Maraton ESG Abszolút Hozamú Befektetési Alap;Maraton A sorozat;HU0000714886;nyílt végű;határozatlan;értékpapíralap;abszolút hozamú alap;külföldi;HUF;3,095,627,370.50;2.25;20;éves;0.027;0.5;;68,653,690.00;60,844,418.00;0.00;1,554,978.00;1,039,192.00;3,034,501.00;2,180,601.00;0.00;0.00;0;66,473,089.00;91.53;1.56;1.97;0.03;2.15
VIG Befektetési Alapkezelő Magyarország Zártkörűen Működő Részvénytársaság;VIG Maraton ESG Abszolút Hozamú Befektetési Alap;Maraton E sorozat;HU0000714894;nyílt végű;határozatlan;értékpapíralap;abszolút hozamú alap;külföldi;EUR;1,494,222,726.09;2.25;20;éves;0.027;0.5;;33,265,707.00;29,424,590.00;0.00;752,192.00;502,050.00;1,488,249.00;1,098,626.00;0.00;0.00;0;32,167,081.00;91.47;1.56;1.97;0.03;2.15
VIG Befektetési Alapkezelő Magyarország Zártkörűen Működő Részvénytársaság;VIG Maraton ESG Abszolút Hozamú Befektetési Alap;Maraton U sorozat;HU0000714902;nyílt végű;határozatlan;értékpapíralap;abszolút hozamú alap;külföldi;USD;1,399,717,811.36;2.25;20;éves;0.027;0.5;;31,153,824.00;27,534,949.00;0.00;703,850.00;469,872.00;1,419,111.00;1,026,042.00;0.00;0.00;0;30,127,782.00;91.39;1.56;1.97;0.03;2.15
VIG Befektetési Alapkezelő Magyarország Zártkörűen Működő Részvénytársaság;VIG Maraton ESG Abszolút Hozamú Befektetési Alap;Maraton UI sorozat;HU0000729587;nyílt végű;határozatlan;értékpapíralap;abszolút hozamú alap;külföldi;USD;37,489,955.77;0.8;20;éves;0.027;0.5;;693,434.00;283,295.00;313,526.00;18,829.00;12,553.00;37,950.00;27,281.00;0.00;0.00;0;352,627.00;80.34;3.56;0.76;0.03;0.94
VIG Befektetési Alapkezelő Magyarország Zártkörűen Működő Részvénytársaság;VIG Maraton ESG Abszolút Hozamú Befektetési Alap;Maraton P sorozat;HU0000714910;nyílt végű;határozatlan;értékpapíralap;abszolút hozamú alap;külföldi;PLN;927,209,614.40;2.25;20;éves;0.027;0.5;;20,665,067.00;18,249,458.00;0.00;466,363.00;309,832.00;914,453.00;724,961.00;0.00;0.00;0;19,940,106.00;91.52;1.55;1.97;0.03;2.15
VIG Befektetési Alapkezelő Magyarország Zártkörűen Működő Részvénytársaság;VIG Maraton ESG Abszolút Hozamú Befektetési Alap;Maraton I sorozat;HU0000714928;nyílt végű;határozatlan;értékpapíralap;abszolút hozamú alap;külföldi;HUF;10,702,117,558.06;0.75;20;éves;0.027;0.5;;174,859,288.00;80,923,563.00;66,598,493.00;5,377,254.00;3,582,683.00;10,407,831.00;7,969,464.00;0.00;0.00;0;100,291,331.00;80.69;3.57;0.76;0.03;0.94
VIG Befektetési Alapkezelő Magyarország Zártkörűen Működő Részvénytársaság;VIG Maraton ESG Abszolút Hozamú Befektetési Alap;Maraton R sorozat;HU0000714936;nyílt végű;határozatlan;értékpapíralap;abszolút hozamú alap;külföldi;HUF;1,734,454,236.89;0.6;20;éves;0.027;0.5;;26,503,913.00;10,495,539.00;11,565,679.00;871,773.00;581,445.00;1,692,399.00;1,297,078.00;0.00;0.00;0;13,641,156.00;76.94;4.26;0.61;0.03;0.79
VIG Befektetési Alapkezelő Magyarország Zártkörűen Működő Részvénytársaság;VIG MegaTrend Részvény Befektetési Alap;MegaTrend I sorozat;HU0000724638;nyílt végű;határozatlan;értékpapíralap;részvényalap;külföldi;HUF;2,141,887,446.90;0.8;20;éves;0.1;0.5;;21,489,299.00;16,042,847.00;0.00;1,074,947.00;1,280,981.00;2,116,461.00;974,063.00;0.00;0.00;0;20,515,236.00;78.20;6.24;0.75;0.06;0.96
VIG Befektetési Alapkezelő Magyarország Zártkörűen Működő Részvénytársaság;VIG MegaTrend Részvény Befektetési Alap;MegaTrend UI sorozat;HU0000729603;nyílt végű;határozatlan;értékpapíralap;részvényalap;külföldi;USD;48,718,712.49;0.8;20;éves;0.1;0.5;;496,745.00;371,790.00;0.00;24,910.00;30,047.00;51,088.00;18,910.00;0.00;0.00;0;477,835.00;77.81;6.29;0.76;0.06;0.98
VIG Befektetési Alapkezelő Magyarország Zártkörűen Működő Részvénytársaság;VIG MegaTrend Részvény Befektetési Alap;MegaTrend EI sorozat;HU0000729595;nyílt végű;határozatlan;értékpapíralap;részvényalap;külföldi;EUR;279,044,391.16;0.8;20;éves;0.1;0.5;;2,826,961.00;2,116,191.00;0.00;141,793.00;170,349.00;287,397.00;111,231.00;0.00;0.00;0;2,715,730.00;77.92;6.27;0.76;0.06;0.97
VIG Befektetési Alapkezelő Magyarország Zártkörűen Működő Részvénytársaság;VIG MegaTrend Részvény Befektetési Alap;MegaTrend R sorozat;HU0000724646;nyílt végű;határozatlan;értékpapíralap;részvényalap;külföldi;HUF;12,935,896,414.07;1;20;éves;0.1;0.5;;97,969,914.00;65,210,640.00;0.00;6,554,141.00;7,722,807.00;13,117,026.00;5,365,300.00;0.00;0.00;0;92,604,614.00;70.42;8.34;0.50;0.06;0.72
VIG Befektetési Alapkezelő Magyarország Zártkörűen Működő Részvénytársaság;VIG MegaTrend Részvény Befektetési Alap;MegaTrend A sorozat;HU0000705520;nyílt végű;határozatlan;értékpapíralap;részvényalap;külföldi;EUR;2,831,635,515.14;2.25;20;éves;0.1;0.5;;62,887,213.00;55,736,494.00;0.00;1,436,391.00;1,687,345.00;2,873,492.00;1,153,491.00;0.00;0.00;0;61,733,722.00;90.29;2.73;1.97;0.06;2.18
VIG Befektetési Alapkezelő Magyarország Zártkörűen Működő Részvénytársaság;VIG MegaTrend Részvény Befektetési Alap;MegaTrend B sorozat;HU0000707195;nyílt végű;határozatlan;értékpapíralap;részvényalap;külföldi;HUF;5,752,886,095.66;2.25;20;éves;0.1;0.5;;127,676,644.00;113,129,062.00;0.00;2,915,461.00;3,433,417.00;5,837,288.00;2,361,416.00;0.00;0.00;0;125,315,228.00;90.28;2.74;1.97;0.06;2.18
VIG Befektetési Alapkezelő Magyarország Zártkörűen Működő Részvénytársaság;VIG MegaTrend Részvény Befektetési Alap;MegaTrend P sorozat;HU0000724661;nyílt végű;határozatlan;értékpapíralap;részvényalap;külföldi;PLN;1,598,459.47;2.25;20;éves;0.1;0.5;;35,461.00;31,418.00;0.00;809.00;954.00;1,620.00;660.00;0.00;0.00;0;34,801.00;90.28;2.74;1.97;0.06;2.18
VIG Befektetési Alapkezelő Magyarország Zártkörűen Működő Részvénytársaság;VIG MegaTrend Részvény Befektetési Alap;MegaTrend C sorozat;HU0000730320;nyílt végű;határozatlan;értékpapíralap;részvényalap;külföldi;CZK;577,389,352.59;2.25;20;éves;0.1;0.5;;12,852,252.00;11,381,553.00;0.00;293,304.00;355,543.00;596,605.00;225,247.00;0.00;0.00;0;12,627,005.00;90.14;2.82;1.97;0.06;2.19
VIG Befektetési Alapkezelő Magyarország Zártkörűen Működő Részvénytársaság;VIG MegaTrend Részvény Befektetési Alap;MegaTrend U sorozat;HU0000724653;nyílt végű;határozatlan;értékpapíralap;részvényalap;külföldi;USD;741,982,292.52;2.25;20;éves;0.1;0.5;;16,456,713.00;14,582,517.00;0.00;375,808.00;439,343.00;749,437.00;309,608.00;0.00;0.00;0;16,147,105.00;90.31;2.72;1.97;0.06;2.18
VIG Befektetési Alapkezelő Magyarország Zártkörűen Működő Részvénytársaság;VIG MegaTrend Részvény Befektetési Alap;MegaTrend PI sorozat;HU0000724679;nyílt végű;határozatlan;értékpapíralap;részvényalap;külföldi;PLN;305,628,147.51;0.8;20;éves;0.1;0.5;;3,084,886.00;2,312,201.00;0.00;154,930.00;182,317.00;310,117.00;125,321.00;0.00;0.00;0;2,959,565.00;78.13;6.16;0.76;0.06;0.97
VIG Befektetési Alapkezelő Magyarország Zártkörűen Működő Részvénytársaság;VIG MoneyMaxx Feltörekvő Piaci Abszolút Hozamú Befektetési Alap;MoneyMaxx I sorozat;HU0000716014;nyílt végű;határozatlan;értékpapíralap;abszolút hozamú alap;külföldi;HUF;4,453,731,901.26;0.75;20;éves;0.05;0.5;;43,717,063.00;33,434,940.00;0.00;2,228,930.00;2,178,003.00;5,382,309.00;492,881.00;0.00;0.00;0;43,224,182.00;77.35;5.04;0.75;0.05;0.97
VIG Befektetési Alapkezelő Magyarország Zártkörűen Működő Részvénytársaság;VIG MoneyMaxx Feltörekvő Piaci Abszolút Hozamú Befektetési Alap;MoneyMaxx U sorozat;HU0000716022;nyílt végű;határozatlan;értékpapíralap;abszolút hozamú alap;külföldi;USD;115,771,445.32;2.25;20;éves;0.05;0.5;;2,876,104.00;2,608,671.00;0.00;57,977.00;56,677.00;139,987.00;12,792.00;0.00;0.00;0;2,863,312.00;91.11;1.98;2.25;0.05;2.47
VIG Befektetési Alapkezelő Magyarország Zártkörűen Működő Részvénytársaság;VIG MoneyMaxx Feltörekvő Piaci Abszolút Hozamú Befektetési Alap;MoneyMaxx C sorozat;HU0000716048;nyílt végű;határozatlan;értékpapíralap;abszolút hozamú alap;külföldi;CZK;8,686,501.68;2.25;20;éves;0.05;0.5;;189,571.00;169,496.00;0.00;4,345.00;4,241.00;10,525.00;964.00;0.00;0.00;0;188,607.00;89.87;2.25;1.95;0.05;2.17
VIG Befektetési Alapkezelő Magyarország Zártkörűen Működő Részvénytársaság;VIG MoneyMaxx Feltörekvő Piaci Abszolút Hozamú Befektetési Alap;MoneyMaxx A sorozat;HU0000703145;nyílt végű;határozatlan;értékpapíralap;abszolút hozamú alap;külföldi;HUF;6,727,355,617.76;2.25;20;éves;0.05;0.5;;166,984,852.00;151,462,989.00;0.00;3,365,745.00;3,288,770.00;8,125,479.00;741,869.00;0.00;0.00;0;166,242,983.00;91.11;1.98;2.25;0.05;2.47
VIG Befektetési Alapkezelő Magyarország Zártkörűen Működő Részvénytársaság;VIG MoneyMaxx Feltörekvő Piaci Abszolút Hozamú Befektetési Alap;MoneyMaxx P sorozat;HU0000712385;nyílt végű;határozatlan;értékpapíralap;abszolút hozamú alap;külföldi;PLN;37,092,955.79;2.25;20;éves;0.05;0.5;;922,602.00;836,910.00;0.00;18,597.00;18,145.00;44,929.00;4,021.00;0.00;0.00;0;918,581.00;91.11;1.98;2.26;0.05;2.48
VIG Befektetési Alapkezelő Magyarország Zártkörűen Működő Részvénytársaság;VIG MoneyMaxx Feltörekvő Piaci Abszolút Hozamú Befektetési Alap;MoneyMaxx E sorozat;HU0000716030;nyílt végű;határozatlan;értékpapíralap;abszolút hozamú alap;külföldi;EUR;195,810,025.66;2.25;20;éves;0.05;0.5;;4,867,993.00;4,415,128.00;0.00;98,135.00;96,074.00;236,749.00;21,907.00;0.00;0.00;0;4,846,086.00;91.11;1.98;2.25;0.05;2.47
VIG Befektetési Alapkezelő Magyarország Zártkörűen Működő Részvénytársaság;VIG MoneyMaxx Feltörekvő Piaci Abszolút Hozamú Befektetési Alap;MoneyMaxx R sorozat;HU0000712278;nyílt végű;határozatlan;értékpapíralap;abszolút hozamú alap;külföldi;HUF;1,031,423,560.04;1;20;éves;0.05;0.5;;6,476,737.00;4,119,224.00;0.00;514,887.00;496,782.00;1,242,179.00;103,665.00;0.00;0.00;0;6,373,072.00;64.63;7.80;0.40;0.05;0.62
VIG Befektetési Alapkezelő Magyarország Zártkörűen Működő Részvénytársaság;VIG Opportunity Fejlett Piaci Részvény Befektetési Alap;Opportunity B sorozat;HU0000705918;nyílt végű;határozatlan;értékpapíralap;részvényalap;külföldi;EUR;4,164,591,991.82;2;20;éves;0.15;0.5;;93,354,008.00;84,072,972.00;0.00;2,101,853.00;1,814,816.00;4,319,937.00;1,044,430.00;0.00;0.00;0.0375;92,309,578.00;91.08;1.97;2.02;0.04;2.25
VIG Befektetési Alapkezelő Magyarország Zártkörűen Működő Részvénytársaság;VIG Opportunity Fejlett Piaci Részvény Befektetési Alap;Opportunity I sorozat;HU0000712393;nyílt végű;határozatlan;értékpapíralap;részvényalap;külföldi;HUF;38,415,803,066.96;0.8;20;éves;0.15;0.5;;374,371,505.00;289,821,773.00;0.00;19,321,730.00;16,712,168.00;39,132,078.00;9,383,756.00;0.00;0.00;0.0375;364,987,749.00;79.41;4.58;0.75;0.04;0.99
VIG Befektetési Alapkezelő Magyarország Zártkörűen Működő Részvénytársaság;VIG Opportunity Fejlett Piaci Részvény Befektetési Alap;Opportunity A sorozat;HU0000702485;nyílt végű;határozatlan;értékpapíralap;részvényalap;külföldi;HUF;4,468,290,439.10;2;20;éves;0.15;0.5;;99,422,546.00;89,651,535.00;0.00;2,241,321.00;1,935,080.00;4,505,086.00;1,089,524.00;0.00;0.00;0.0375;98,333,022.00;91.17;1.97;2.01;0.04;2.24
VIG Befektetési Alapkezelő Magyarország Zártkörűen Működő Részvénytársaság;VIG Ózon Éves Tőkevédett Befektetési Alap ;Ózon A sorozat;HU0000705157;nyílt végű;határozatlan;értékpapíralap;tőkevédett alap;külföldi;HUF;2,109,774,661.79;1.85;;0;0.045;0.5;;35,434,121.00;31,125,674.00;0.00;1,056,164.00;798,371.00;2,133,729.00;320,183.00;0.00;0.00;0;35,113,938.00;88.64;2.27;1.48;0.04;1.66
VIG Befektetési Alapkezelő Magyarország Zártkörűen Működő Részvénytársaság;VIG Ózon Éves Tőkevédett Befektetési Alap ;Ózon I sorozat;HU0000731385;nyílt végű;határozatlan;értékpapíralap;tőkevédett alap;külföldi;HUF;4,614,153,985.82;1;;0;0.045;0.5;;31,996,772.00;22,606,922.00;0.00;2,301,309.00;1,702,350.00;4,747,762.00;638,429.00;0.00;0.00;0;31,358,343.00;72.09;5.43;0.49;0.04;0.68
VIG Befektetési Alapkezelő Magyarország Zártkörűen Működő Részvénytársaság;VIG Panoráma Abszolút Hozamú Befektetési Alap;Panoráma A sorozat;HU0000714266;nyílt végű;határozatlan;értékpapíralap;abszolút hozamú alap;külföldi;HUF;4,282,010,276.15;2.25;20;éves;0.15;0.5;;106,351,051.00;96,590,392.00;0.00;2,146,045.00;1,704,029.00;4,160,282.00;1,750,303.00;0.00;0.00;0;104,600,748.00;92.34;1.63;2.26;0.04;2.44
VIG Befektetési Alapkezelő Magyarország Zártkörűen Működő Részvénytársaság;VIG Panoráma Abszolút Hozamú Befektetési Alap;Panoráma U sorozat;HU0000714282;nyílt végű;határozatlan;értékpapíralap;abszolút hozamú alap;külföldi;USD;968,995,519.06;2.25;20;éves;0.15;0.5;;24,094,308.00;21,872,468.00;0.00;486,056.00;386,706.00;943,879.00;405,199.00;0.00;0.00;0;23,689,109.00;92.33;1.63;2.26;0.04;2.44
VIG Befektetési Alapkezelő Magyarország Zártkörűen Működő Részvénytársaság;VIG Panoráma Abszolút Hozamú Befektetési Alap;Panoráma E sorozat;HU0000714274;nyílt végű;határozatlan;értékpapíralap;abszolút hozamú alap;külföldi;EUR;2,146,905,019.73;2.25;20;éves;0.15;0.5;;53,442,229.00;48,469,108.00;0.00;1,077,155.00;860,288.00;2,087,290.00;948,388.00;0.00;0.00;0;52,493,841.00;92.33;1.64;2.26;0.04;2.45
VIG Befektetési Alapkezelő Magyarország Zártkörűen Működő Részvénytársaság;VIG Panoráma Abszolút Hozamú Befektetési Alap;Panoráma UI sorozat;HU0000729629;nyílt végű;határozatlan;értékpapíralap;abszolút hozamú alap;külföldi;USD;22,738,221.80;0.8;20;éves;0.15;0.5;;223,061.00;171,078.00;0.00;11,405.00;9,050.00;22,231.00;9,297.00;0.00;0.00;0;213,764.00;80.03;4.23;0.75;0.04;0.94
VIG Befektetési Alapkezelő Magyarország Zártkörűen Működő Részvénytársaság;VIG Panoráma Abszolút Hozamú Befektetési Alap;Panoráma R sorozat;HU0000714316;nyílt végű;határozatlan;értékpapíralap;abszolút hozamú alap;külföldi;HUF;6,365,881,034.78;1;20;éves;0.15;0.5;;54,972,706.00;38,374,486.00;1,876,968.00;3,197,289.00;2,553,203.00;6,220,814.00;2,749,946.00;0.00;0.00;0;50,345,792.00;76.22;5.07;0.60;0.04;0.79
VIG Befektetési Alapkezelő Magyarország Zártkörűen Működő Részvénytársaság;VIG Panoráma Abszolút Hozamú Befektetési Alap;Panoráma P sorozat;HU0000714290;nyílt végű;határozatlan;értékpapíralap;abszolút hozamú alap;külföldi;PLN;1,190,198.97;2.25;20;éves;0.15;0.5;;29,656.00;26,898.00;0.00;598.00;478.00;1,162.00;520.00;0.00;0.00;0;29,136.00;92.32;1.64;2.26;0.04;2.45
VIG Befektetési Alapkezelő Magyarország Zártkörűen Működő Részvénytársaság;VIG Panoráma Abszolút Hozamú Befektetési Alap;Panoráma I sorozat;HU0000714308;nyílt végű;határozatlan;értékpapíralap;abszolút hozamú alap;külföldi;HUF;4,892,498,088.74;0.8;20;éves;0.15;0.5;;51,449,429.00;36,860,831.00;3,244,579.00;2,456,946.00;1,964,416.00;4,770,313.00;2,152,344.00;0.00;0.00;0;46,052,506.00;80.04;4.27;0.75;0.04;0.94
VIG Befektetési Alapkezelő Magyarország Zártkörűen Működő Részvénytársaság;VIG Panoráma Abszolút Hozamú Befektetési Alap;Panoráma EI sorozat;HU0000729611;nyílt végű;határozatlan;értékpapíralap;abszolút hozamú alap;külföldi;EUR;54,086,184.30;0.8;20;éves;0.15;0.5;;530,853.00;407,514.00;0.00;27,169.00;21,490.00;53,268.00;21,412.00;0.00;0.00;0;509,441.00;79.99;4.22;0.75;0.04;0.94
VIG Befektetési Alapkezelő Magyarország Zártkörűen Működő Részvénytársaság;VIG Panoráma Abszolút Hozamú Befektetési Alap;Panoráma C sorozat;HU0000730635;nyílt végű;határozatlan;értékpapíralap;abszolút hozamú alap;külföldi;CZK;9,041,560.53;2.25;20;éves;0.15;0.5;;200,092.00;179,302.00;0.00;4,598.00;3,626.00;9,476.00;3,090.00;0.00;0.00;0;197,002.00;91.02;1.84;1.98;0.04;2.18
VIG Befektetési Alapkezelő Magyarország Zártkörűen Működő Részvénytársaság;VIG Prémium Everest Alapokba Fektető Részalap;Prémium Everest;HU0000716113;nyílt végű;határozatlan;értékpapíralap;alapok alapja;külföldi;HUF;1,699,080,428.04;1.7;;0;0.04;0.5;;32,470,532.00;6,780,772.00;0.00;23,207,501.00;679,481.00;1,171,483.00;631,295.00;0.00;0.00;0.0602;31,839,237.00;21.30;2.13;0.40;0.04;1.93
VIG Befektetési Alapkezelő Magyarország Zártkörűen Működő Részvénytársaság;VIG Robotok Kora Hozamvédett Zártvégű Befektetési Alap;Robotok Kora;HU0000732409;zárt végű;határozott;értékpapíralap;tőkevédett alap;külföldi;HUF;823,970,334.98;0;;0;0.05;0.24;;16,592,277.00;15,260,162.00;0.00;0.00;412,447.00;809,058.00;110,610.00;0.00;0.00;0;16,481,667.00;92.59;2.50;1.85;0.05;2.00
VIG Befektetési Alapkezelő Magyarország Zártkörűen Működő Részvénytársaság;VIG Russia Részvény Befektetési Alap;Russia IL IIL sorozat;HU0000731815;nyílt végű;határozatlan;értékpapíralap;részvényalap;külföldi;HUF;313,389,696.73;0;;0;0.07;0.17;;304,396.00;0.00;0.00;0.00;0.00;304,308.00;88.00;0.00;0.00;0;304,308.00;0.00;0.00;0.00;0.00;0.10
VIG Befektetési Alapkezelő Magyarország Zártkörűen Működő Részvénytársaság;VIG Russia Részvény Befektetési Alap;Russia IL PIIL sorozat;HU0000731831;nyílt végű;határozatlan;értékpapíralap;részvényalap;külföldi;PLN;38,967,618.58;0;;0;0.07;0.17;;37,841.00;0.00;0.00;0.00;0.00;37,830.00;11.00;0.00;0.00;0;37,830.00;0.00;0.00;0.00;0.00;0.10
VIG Befektetési Alapkezelő Magyarország Zártkörűen Működő Részvénytársaság;VIG Russia Részvény Befektetési Alap;Russia IL AIL sorozat;HU0000731807;nyílt végű;határozatlan;értékpapíralap;részvényalap;külföldi;HUF;561,710,381.29;0;;0;0.07;0.17;;545,591.00;0.00;0.00;0.00;0.00;545,432.00;159.00;0.00;0.00;0;545,432.00;0.00;0.00;0.00;0.00;0.10
VIG Befektetési Alapkezelő Magyarország Zártkörűen Működő Részvénytársaság;VIG Russia Részvény Befektetési Alap;Russia A sorozat;HU0000707401;nyílt végű;határozatlan;értékpapíralap;részvényalap;külföldi;HUF;159,763,023.45;1.95;;0;0.07;0.17;;3,422,626.00;3,120,484.00;0.00;80,027.00;29,772.00;164,336.00;28,007.00;0.00;0.00;0;3,394,619.00;91.92;0.88;1.95;0.02;2.12
VIG Befektetési Alapkezelő Magyarország Zártkörűen Működő Részvénytársaság;VIG Russia Részvény Befektetési Alap;Russia P sorozat;HU0000710157;nyílt végű;határozatlan;értékpapíralap;részvényalap;külföldi;PLN;18,757,383.19;1.95;;0;0.07;0.17;;401,380.00;365,927.00;0.00;9,384.00;3,564.00;19,181.00;3,324.00;0.00;0.00;0;398,056.00;91.93;0.90;1.95;0.02;2.12
VIG Befektetési Alapkezelő Magyarország Zártkörűen Működő Részvénytársaság;VIG Russia Részvény Befektetési Alap;Russia IL PIL sorozat;HU0000731823;nyílt végű;határozatlan;értékpapíralap;részvényalap;külföldi;PLN;80,957,449.78;0;;0;0.07;0.17;;78,621.00;0.00;0.00;0.00;0.00;78,598.00;23.00;0.00;0.00;0;78,598.00;0.00;0.00;0.00;0.00;0.10
VIG Befektetési Alapkezelő Magyarország Zártkörűen Működő Részvénytársaság;VIG Smart Money Befektetési Alapok Alapja;Smart Money A sorozat;HU0000708169;nyílt végű;határozatlan;értékpapíralap;alapok alapja;külföldi;HUF;6,035,777,701.00;1.2;;0;0.04;0.003;;81,613,223.00;72,517,906.00;0.00;3,021,599.00;2,398,069.00;3,019,697.00;655,952.00;0.00;0.00;0.6639;80,957,271.00;89.58;2.96;1.20;0.04;2.01
VIG Befektetési Alapkezelő Magyarország Zártkörűen Működő Részvénytársaság;VIG Smart Money Befektetési Alapok Alapja;Smart Money R sorozat;HU0000726450;nyílt végű;határozatlan;értékpapíralap;alapok alapja;külföldi;HUF;238,936,784.72;0;;0;0.04;0.003;;359,877.00;0.00;0.00;119,621.00;94,881.00;119,586.00;25,789.00;0.00;0.00;0.6639;334,088.00;0.00;28.40;0.00;0.04;0.80
VIG Befektetési Alapkezelő Magyarország Zártkörűen Működő Részvénytársaság;VIG Tempó Allegro 10 Alapokba Fektető Részalap;Tempó 10 B sorozat;HU0000725569;nyílt végű;határozatlan;értékpapíralap;alapok alapja;külföldi;HUF;13,162,860.93;1;;0;0.04;0.04;;153,178.00;133,191.00;0.00;6,660.00;5,312.00;7,517.00;498.00;0.00;0.00;0.5128;152,680.00;87.24;3.48;1.01;0.04;1.67
VIG Befektetési Alapkezelő Magyarország Zártkörűen Működő Részvénytársaság;VIG Tempó Allegro 10 Alapokba Fektető Részalap;Tempó 10 A sorozat;HU0000714159;nyílt végű;határozatlan;értékpapíralap;alapok alapja;külföldi;HUF;5,509,648,535.19;0;;0;0.04;0.04;;8,065,400.00;0.00;0.00;2,760,082.00;2,202,063.00;2,890,037.00;213,218.00;0.00;0.00;0.5092;7,852,182.00;0.00;28.04;0.00;0.04;0.65
VIG Befektetési Alapkezelő Magyarország Zártkörűen Működő Részvénytársaság;VIG Tempó Allegro 8 Alapokba Fektető Részalap;Tempó 08;HU0000714134;nyílt végű;határozatlan;értékpapíralap;alapok alapja;külföldi;HUF;4,919,958,681.21;0;;0;0.04;0.04;;7,286,462.00;0.00;0.00;2,464,880.00;1,964,275.00;2,594,992.00;262,315.00;0.00;0.00;0.2509;7,024,147.00;0.00;27.96;0.00;0.04;0.39
VIG Befektetési Alapkezelő Magyarország Zártkörűen Működő Részvénytársaság;VIG Tempó Allegro 9 Alapokba Fektető Részalap;Tempó 09;HU0000714142;nyílt végű;határozatlan;értékpapíralap;alapok alapja;külföldi;HUF;3,713,682,643.24;0;;0;0.04;0.05;;5,524,081.00;0.00;0.00;1,860,473.00;1,480,778.00;1,943,333.00;239,497.00;0.00;0.00;0.3642;5,284,584.00;0.00;28.02;0.00;0.04;0.51
VIG Befektetési Alapkezelő Magyarország Zártkörűen Működő Részvénytársaság;VIG Tempó Andante 1 Alapokba Fektető Részalap ;Tempó 01;HU0000714068;nyílt végű;határozatlan;értékpapíralap;alapok alapja;külföldi;HUF;1,477,724,515.10;0;;0;0.04;0.14;;76,482.00;0.00;0.00;0.00;0.00;59,767.00;16,715.00;0.00;0.00;0.227;59,767.00;0.00;0.00;0.00;0.00;0.23
VIG Befektetési Alapkezelő Magyarország Zártkörűen Működő Részvénytársaság;VIG Tempó Andante 2 Alapokba Fektető Részalap;Tempó 02 B sorozat;HU0000725544;nyílt végű;határozatlan;értékpapíralap;alapok alapja;külföldi;HUF;3,696,464.35;1;;0;0.04;0.14;;42,861.00;37,191.00;0.00;1,858.00;1,464.00;1,971.00;377.00;0.00;0.00;0.2625;42,484.00;87.54;3.45;1.01;0.04;1.41
VIG Befektetési Alapkezelő Magyarország Zártkörűen Működő Részvénytársaság;VIG Tempó Andante 2 Alapokba Fektető Részalap;Tempó 02 A sorozat;HU0000714076;nyílt végű;határozatlan;értékpapíralap;alapok alapja;külföldi;HUF;1,468,445,907.82;0;;0;0.04;0.14;;2,233,920.00;0.00;0.00;735,267.00;579,225.00;768,505.00;150,923.00;0.00;0.00;0.2625;2,082,997.00;0.00;27.81;0.00;0.04;0.40
VIG Befektetési Alapkezelő Magyarország Zártkörűen Működő Részvénytársaság;VIG Tempó Andante 3 Alapokba Fektető Részalap;Tempó 03;HU0000714084;nyílt végű;határozatlan;értékpapíralap;alapok alapja;külföldi;HUF;2,186,093,658.86;0;;0;0.04;0.09;;3,274,344.00;0.00;0.00;1,094,302.00;863,837.00;1,157,387.00;158,818.00;0.00;0.00;0.2518;3,115,526.00;0.00;27.73;0.00;0.04;0.39
VIG Befektetési Alapkezelő Magyarország Zártkörűen Működő Részvénytársaság;VIG Tempó Moderato 4 Alapokba Fektető Részalap;Tempó 04;HU0000714092;nyílt végű;határozatlan;értékpapíralap;alapok alapja;külföldi;HUF;2,107,609,409.93;0;;0;0.04;0.09;;3,288,077.00;0.00;0.00;1,055,594.00;838,300.00;1,113,660.00;280,523.00;0.00;0.00;0.3557;3,007,554.00;0.00;27.87;0.00;0.04;0.50
VIG Befektetési Alapkezelő Magyarország Zártkörűen Működő Részvénytársaság;VIG Tempó Moderato 5 Alapokba Fektető Részalap;Tempó 05;HU0000714100;nyílt végű;határozatlan;értékpapíralap;alapok alapja;külföldi;HUF;2,534,563,627.59;0;;0;0.04;0.05;;3,869,596.00;0.00;0.00;1,269,095.00;1,008,629.00;1,332,343.00;259,529.00;0.00;0.00;0.3852;3,610,067.00;0.00;27.94;0.00;0.04;0.53
VIG Befektetési Alapkezelő Magyarország Zártkörűen Működő Részvénytársaság;VIG Tempó Moderato 6 Alapokba Fektető Részalap;Tempó 06 A sorozat;HU0000714118;nyílt végű;határozatlan;értékpapíralap;alapok alapja;külföldi;HUF;4,287,025,520.17;0;;0;0.04;0.05;;6,380,159.00;0.00;0.00;2,147,020.00;1,708,820.00;2,260,775.00;263,544.00;0.00;0.00;0.3067;6,116,615.00;0.00;27.94;0.00;0.04;0.45
VIG Befektetési Alapkezelő Magyarország Zártkörűen Működő Részvénytársaság;VIG Tempó Moderato 6 Alapokba Fektető Részalap;Tempó 06 B sorozat;HU0000725551;nyílt végű;határozatlan;értékpapíralap;alapok alapja;külföldi;HUF;15,028,388.18;1;;0;0.04;0.05;;173,158.00;150,665.00;0.00;7,536.00;6,003.00;8,063.00;891.00;0.00;0.00;0.3521;172,267.00;87.46;3.48;1.00;0.04;1.50
VIG Befektetési Alapkezelő Magyarország Zártkörűen Működő Részvénytársaság;VIG Tempó Moderato 7 Alapokba Fektető Részalap;Tempó 07;HU0000714126;nyílt végű;határozatlan;értékpapíralap;alapok alapja;külföldi;HUF;3,829,602,123.46;0;;0;0.04;0.05;;5,680,424.00;0.00;0.00;1,917,789.00;1,523,831.00;2,027,438.00;211,366.00;0.00;0.00;0.3125;5,469,058.00;0.00;27.86;0.00;0.04;0.46
